player,nation,position,age,nineties,yellow_cards,red_cards,second_yellow_cards,fouls_committed,fouls_drawn,offsides,crosses,interceptions,tackles_won,pens_won,pens_conceded,own_goals,season,ball_recoveries,aerials_won,aerials_lost,aerials_won_pct,fbref_comp_id
Agustín Orión,ARG,GK,32.0,26.3,2,0,0.0,,,,,,,,,0.0,2014,,,,,
Leandro Marín,ARG,DF,22.0,19.8,4,0,0.0,,,,,,,,,0.0,2014,,,,,
Federico Carrizo,ARG,"FW,MF",22.0,18.3,3,0,0.0,,,,,,,,,0.0,2014,,,,,
Jonathan Calleri,ARG,FW,20.0,18.0,5,0,0.0,,,,,,,,,0.0,2014,,,,,
Nicolás Colazo,ARG,"DF,MF",23.0,17.1,1,0,0.0,,,,,,,,,0.0,2014,,,,,
Marcelo Meli,ARG,MF,21.0,16.3,7,0,0.0,,,,,,,,,0.0,2014,,,,,
Emmanuel Gigliotti,ARG,FW,26.0,15.4,2,0,0.0,,,,,,,,,0.0,2014,,,,,
Mariano Echeverría,ARG,DF,32.0,15.4,4,0,0.0,,,,,,,,,0.0,2014,,,,,
Cristian Erbes,ARG,MF,24.0,15.1,6,0,0.0,,,,,,,,,0.0,2014,,,,,
Andrés Chávez,ARG,"FW,MF",22.0,14.5,4,0,0.0,,,,,,,,,0.0,2014,,,,,
Fernando Gago,ARG,MF,27.0,14.4,1,1,0.0,,,,,,,,,0.0,2014,,,,,
Cata Díaz,ARG,DF,34.0,11.7,4,1,1.0,,,,,,,,,0.0,2014,,,,,
Gonzalo Castellani,ARG,MF,26.0,10.4,1,1,0.0,,,,,,,,,0.0,2014,,,,,
José Pedro Fuenzalida,CHI,"DF,FW",28.0,10.4,4,0,0.0,,,,,,,,,0.0,2014,,,,,
Emanuel Insúa,ARG,DF,22.0,9.7,4,1,0.0,,,,,,,,,0.0,2014,,,,,
Lisandro Magallán,ARG,DF,20.0,9.4,1,0,0.0,,,,,,,,,1.0,2014,,,,,
Juan Forlín,ARG,"DF,MF",26.0,9.3,3,0,0.0,,,,,,,,,0.0,2014,,,,,
Juan Manuel Martínez,ARG,"FW,MF",28.0,7.8,1,0,0.0,,,,,,,,,0.0,2014,,,,,
Andrés Cubas,PAR,MF,17.0,7.5,2,0,0.0,,,,,,,,,0.0,2014,,,,,
Claudio Pérez,ARG,DF,28.0,7.3,4,0,0.0,,,,,,,,,0.0,2014,,,,,
Hernán Grana,ARG,DF,28.0,5.0,2,0,,,,,,,,,,,2014,,,,,
Luciano Acosta,ARG,"FW,MF",19.0,5.0,1,0,0.0,,,,,,,,,0.0,2014,,,,,
Federico Bravo,ARG,"DF,MF",20.0,4.6,1,0,,,,,,,,,,,2014,,,,,
Nahuel Zárate,ARG,DF,21.0,4.0,2,0,,,,,,,,,,,2014,,,,,
Franco Cristaldo,ARG,"FW,MF",17.0,1.6,0,0,,,,,,,,,,,2014,,,,,
Pablo Ledesma,ARG,MF,29.0,1.2,1,0,0.0,,,,,,,,,0.0,2014,,,,,
Juan Cruz Komar,ARG,DF,17.0,1.0,0,0,,,,,,,,,,,2014,,,,,
Emanuel Trípodi,ARG,GK,33.0,1.0,0,0,,,,,,,,,,,2014,,,,,
Leonardo Suárez,ARG,"FW,MF",17.0,0.6,0,0,,,,,,,,,,,2014,,,,,
Guillermo Burdisso,ARG,DF,25.0,0.5,0,0,,,,,,,,,,,2014,,,,,
Joel Acosta,ARG,"FW,MF",23.0,0.3,0,0,,,,,,,,,,,2014,,,,,
Cata Díaz,ARG,DF,35.0,29.7,4,1,0.0,,,,,,,,,0.0,2015,,,,,
Agustín Orión,ARG,GK,33.0,26.6,3,3,0.0,,,,,,,,,0.0,2015,,,,,
Jonathan Calleri,ARG,FW,21.0,23.6,2,1,0.0,,,,,,,,,0.0,2015,,,,,
Nicolás Colazo,ARG,"DF,MF",24.0,23.2,3,0,0.0,,,,,,,,,0.0,2015,,,,,
Marcelo Meli,ARG,MF,22.0,22.1,5,0,0.0,,,,,,,,,0.0,2015,,,,,
Gino Peruzzi,ARG,DF,22.0,21.4,3,1,1.0,,,,,,,,,0.0,2015,,,,,
Nicolás Lodeiro,URU,"FW,MF",25.0,21.3,3,0,0.0,,,,,,,,,0.0,2015,,,,,
Cristian Erbes,ARG,MF,25.0,20.4,7,1,1.0,,,,,,,,,0.0,2015,,,,,
Fabián Monzón,ARG,DF,27.0,18.8,5,0,0.0,,,,,,,,,0.0,2015,,,,,
Fernando Gago,ARG,MF,28.0,16.8,5,1,0.0,,,,,,,,,0.0,2015,,,,,
Pablo Pérez,ARG,MF,29.0,16.0,14,2,2.0,,,,,,,,,0.0,2015,,,,,
Marco Torsiglieri,ARG,"DF,MF",27.0,15.1,4,0,0.0,,,,,,,,,0.0,2015,,,,,
Sebastián Palacios,ARG,"FW,MF",23.0,13.0,1,0,0.0,,,,,,,,,0.0,2015,,,,,
Carlos Tevez,ARG,"FW,MF",30.0,11.9,4,0,0.0,,,,,,,,,0.0,2015,,,,,
Federico Carrizo,ARG,"FW,MF",23.0,11.7,0,0,0.0,,,,,,,,,0.0,2015,,,,,
Dani Osvaldo,ITA,FW,29.0,11.5,3,0,0.0,,,,,,,,,0.0,2015,,,,,
Guillermo Sara,ARG,GK,27.0,11.3,2,0,0.0,,,,,,,,,0.0,2015,,,,,
Andrés Chávez,ARG,"FW,MF",23.0,10.9,3,0,0.0,,,,,,,,,0.0,2015,,,,,
Rodrigo Bentancur,URU,MF,17.0,10.3,2,0,0.0,,,,,,,,,0.0,2015,,,,,
Fernando Tobio,ARG,DF,25.0,9.9,3,0,0.0,,,,,,,,,0.0,2015,,,,,
Leandro Marín,ARG,DF,23.0,9.6,0,0,0.0,,,,,,,,,0.0,2015,,,,,
Andrés Cubas,PAR,MF,18.0,9.5,4,0,0.0,,,,,,,,,0.0,2015,,,,,
Alexis Rolín,URU,DF,25.0,8.7,4,0,0.0,,,,,,,,,0.0,2015,,,,,
Guillermo Burdisso,ARG,DF,26.0,8.4,3,0,0.0,,,,,,,,,0.0,2015,,,,,
Juan Manuel Martínez,ARG,"FW,MF",29.0,7.2,2,0,0.0,,,,,,,,,0.0,2015,,,,,
José Pedro Fuenzalida,CHI,"DF,FW",29.0,7.2,1,0,0.0,,,,,,,,,0.0,2015,,,,,
Franco Cristaldo,ARG,"FW,MF",18.0,5.1,0,0,0.0,,,,,,,,,0.0,2015,,,,,
Cristian Pavón,ARG,"FW,MF",19.0,4.4,1,0,0.0,,,,,,,,,0.0,2015,,,,,
Juan Cruz Komar,ARG,DF,18.0,3.8,0,0,0.0,,,,,,,,,0.0,2015,,,,,
Gonzalo Castellani,ARG,MF,27.0,2.0,3,0,0.0,,,,,,,,,0.0,2015,,,,,
Federico Bravo,ARG,"DF,MF",21.0,1.0,0,0,0.0,,,,,,,,,0.0,2015,,,,,
Lisandro Magallán,ARG,DF,21.0,1.0,0,0,0.0,,,,,,,,,0.0,2015,,,,,
Emmanuel Gigliotti,ARG,FW,27.0,0.7,0,0,0.0,,,,,,,,,0.0,2015,,,,,
Guido Vadalá,ARG,"FW,MF",17.0,0.3,0,0,0.0,,,,,,,,,0.0,2015,,,,,
Cristian Pavón,ARG,FW,20.0,28.6,2,0,0.0,21.0,20.0,6.0,127.0,25.0,30.0,0.0,0.0,0.0,2016,108.0,18.0,37.0,32.7,21.0
Pablo Pérez,ARG,MF,30.0,25.5,10,0,0.0,55.0,56.0,3.0,60.0,36.0,55.0,1.0,0.0,0.0,2016,200.0,29.0,33.0,46.8,21.0
Gino Peruzzi,ARG,DF,24.0,24.1,6,0,0.0,33.0,26.0,0.0,51.0,52.0,40.0,0.0,0.0,0.0,2016,99.0,18.0,25.0,41.9,21.0
Santiago Vergini,ARG,DF,27.0,24.7,4,0,0.0,28.0,3.0,0.0,0.0,55.0,28.0,0.0,1.0,0.0,2016,74.0,18.0,18.0,50.0,21.0
Darío Benedetto,ARG,FW,26.0,20.5,4,0,0.0,31.0,30.0,9.0,9.0,2.0,3.0,0.0,0.0,0.0,2016,36.0,36.0,78.0,31.6,21.0
Rodrigo Bentancur,URU,MF,19.0,20.4,3,0,0.0,40.0,14.0,1.0,5.0,46.0,44.0,0.0,0.0,0.0,2016,154.0,24.0,19.0,55.8,21.0
Juan Manuel Insaurralde,ARG,DF,31.0,18.5,4,0,0.0,17.0,14.0,2.0,1.0,21.0,17.0,0.0,0.0,0.0,2016,104.0,24.0,15.0,61.5,21.0
Frank Fabra,COL,DF,25.0,17.9,4,0,0.0,15.0,9.0,1.0,34.0,47.0,24.0,0.0,0.0,0.0,2016,92.0,15.0,11.0,57.7,21.0
Ricardo Centurión,ARG,"FW,MF",23.0,15.0,1,1,0.0,15.0,72.0,3.0,29.0,9.0,12.0,1.0,0.0,0.0,2016,71.0,11.0,18.0,37.9,21.0
Agustín Rossi,ARG,GK,20.0,16.0,1,0,0.0,1.0,2.0,0.0,0.0,0.0,0.0,0.0,1.0,0.0,2016,26.0,0.0,0.0,,21.0
Fernando Gago,ARG,MF,30.0,15.9,4,0,0.0,20.0,29.0,0.0,25.0,22.0,35.0,0.0,0.0,0.0,2016,114.0,23.0,14.0,62.2,21.0
Fernando Tobio,ARG,DF,26.0,12.6,2,0,0.0,13.0,4.0,1.0,0.0,26.0,11.0,0.0,0.0,0.0,2016,34.0,15.0,11.0,57.7,21.0
Jonathan Silva,ARG,DF,22.0,12.1,1,0,0.0,14.0,13.0,1.0,57.0,21.0,23.0,0.0,0.0,0.0,2016,50.0,12.0,14.0,46.2,21.0
Guillermo Sara,ARG,GK,28.0,12.0,1,0,0.0,0.0,0.0,0.0,0.0,0.0,0.0,0.0,0.0,0.0,2016,12.0,4.0,2.0,66.7,21.0
Wílmar Barrios,COL,MF,22.0,12.0,4,0,0.0,23.0,32.0,0.0,0.0,32.0,32.0,0.0,0.0,0.0,2016,82.0,11.0,23.0,32.4,21.0
Carlos Tevez,ARG,"MF,FW",32.0,10.2,1,1,0.0,10.0,25.0,3.0,14.0,2.0,4.0,0.0,0.0,0.0,2016,35.0,4.0,10.0,28.6,21.0
Leonardo Jara,ARG,"DF,MF",25.0,7.4,2,0,0.0,8.0,4.0,1.0,19.0,3.0,16.0,0.0,0.0,0.0,2016,24.0,7.0,7.0,50.0,21.0
Walter Bou,ARG,FW,22.0,9.5,0,0,0.0,14.0,6.0,6.0,6.0,5.0,6.0,0.0,0.0,0.0,2016,30.0,11.0,38.0,22.4,21.0
Lisandro Magallán,ARG,DF,22.0,4.7,1,0,0.0,1.0,1.0,0.0,0.0,7.0,7.0,0.0,0.0,1.0,2016,15.0,6.0,0.0,100.0,21.0
Fernando Zuqui,ARG,FW,24.0,4.8,2,0,0.0,11.0,16.0,0.0,13.0,3.0,2.0,0.0,0.0,0.0,2016,34.0,5.0,2.0,71.4,21.0
Sebastián Pérez Cardona,COL,MF,23.0,4.7,2,1,0.0,9.0,7.0,0.0,1.0,14.0,14.0,0.0,0.0,0.0,2016,31.0,3.0,4.0,42.9,21.0
Oscar Benítez,ARG,FW,23.0,3.5,1,0,0.0,6.0,7.0,3.0,6.0,5.0,5.0,0.0,0.0,0.0,2016,18.0,5.0,1.0,83.3,21.0
Andrés Cubas,PAR,MF,20.0,2.3,0,0,0.0,3.0,3.0,0.0,1.0,1.0,12.0,0.0,0.0,0.0,2016,10.0,0.0,4.0,0.0,21.0
Axel Werner,ARG,GK,20.0,2.0,0,0,0.0,0.0,1.0,0.0,0.0,0.0,0.0,0.0,0.0,0.0,2016,0.0,0.0,0.0,,21.0
Nazareno Solís,ARG,FW,22.0,1.2,0,0,0.0,1.0,1.0,0.0,6.0,2.0,0.0,0.0,0.0,0.0,2016,6.0,0.0,0.0,,21.0
Gonzalo Maroni,ARG,"MF,FW",17.0,1.0,0,0,0.0,2.0,3.0,0.0,0.0,0.0,0.0,0.0,0.0,0.0,2016,2.0,0.0,0.0,,21.0
Federico Carrizo,ARG,"FW,MF",25.0,0.8,0,0,0.0,2.0,0.0,2.0,3.0,2.0,1.0,0.0,0.0,0.0,2016,4.0,1.0,1.0,50.0,21.0
Gonzalo Castellani,ARG,FW,28.0,0.7,0,0,0.0,3.0,1.0,0.0,4.0,0.0,1.0,0.0,0.0,0.0,2016,3.0,1.0,1.0,50.0,21.0
Agustín Rossi,ARG,GK,21.0,26.0,0,0,0.0,1.0,4.0,0.0,0.0,2.0,0.0,0.0,0.0,0.0,2017,23.0,7.0,0.0,100.0,21.0
Cristian Pavón,ARG,FW,21.0,25.2,3,0,0.0,10.0,31.0,12.0,127.0,21.0,28.0,1.0,0.0,0.0,2017,123.0,17.0,27.0,38.6,21.0
Lisandro Magallán,ARG,DF,23.0,25.0,0,0,0.0,21.0,11.0,0.0,0.0,51.0,27.0,0.0,0.0,0.0,2017,138.0,39.0,25.0,60.9,21.0
Wílmar Barrios,COL,MF,23.0,22.1,6,0,0.0,37.0,45.0,0.0,1.0,63.0,55.0,0.0,0.0,0.0,2017,144.0,42.0,64.0,39.6,21.0
Frank Fabra,COL,DF,26.0,21.5,6,0,0.0,29.0,20.0,0.0,29.0,36.0,42.0,0.0,0.0,0.0,2017,141.0,29.0,17.0,63.0,21.0
Nahitan Nández,URU,MF,21.0,21.0,5,0,0.0,40.0,55.0,4.0,26.0,18.0,38.0,1.0,0.0,0.0,2017,133.0,17.0,37.0,31.5,21.0
Leonardo Jara,ARG,DF,26.0,19.1,2,0,0.0,13.0,20.0,1.0,33.0,31.0,40.0,0.0,0.0,0.0,2017,93.0,19.0,7.0,73.1,21.0
Paolo Goltz,ARG,DF,32.0,17.5,2,1,1.0,10.0,7.0,2.0,1.0,36.0,15.0,0.0,0.0,0.0,2017,67.0,36.0,19.0,65.5,21.0
Edwin Cardona,COL,"FW,MF",24.0,17.5,7,2,1.0,32.0,39.0,6.0,87.0,15.0,26.0,0.0,0.0,0.0,2017,80.0,29.0,23.0,55.8,21.0
Pablo Pérez,ARG,MF,31.0,16.1,13,1,1.0,52.0,37.0,0.0,9.0,16.0,41.0,0.0,0.0,0.0,2017,147.0,24.0,22.0,52.2,21.0
Carlos Tevez,ARG,"MF,FW",33.0,9.0,0,0,0.0,4.0,20.0,3.0,6.0,2.0,6.0,1.0,0.0,0.0,2017,42.0,6.0,10.0,37.5,21.0
Darío Benedetto,ARG,FW,27.0,8.3,3,0,0.0,10.0,14.0,6.0,2.0,0.0,1.0,1.0,0.0,0.0,2017,25.0,6.0,17.0,26.1,21.0
Emanuel Reynoso,ARG,"MF,FW",21.0,8.0,1,0,0.0,11.0,14.0,0.0,25.0,9.0,17.0,0.0,0.0,0.0,2017,66.0,6.0,10.0,37.5,21.0
Santiago Vergini,ARG,DF,28.0,7.9,3,0,0.0,6.0,0.0,0.0,0.0,15.0,8.0,0.0,0.0,0.0,2017,23.0,11.0,9.0,55.0,21.0
Walter Bou,ARG,FW,23.0,6.4,0,0,0.0,8.0,7.0,4.0,0.0,1.0,8.0,0.0,0.0,0.0,2017,18.0,4.0,28.0,12.5,21.0
Fernando Gago,ARG,MF,31.0,5.8,0,0,0.0,5.0,17.0,0.0,4.0,12.0,6.0,0.0,0.0,0.0,2017,32.0,5.0,6.0,45.5,21.0
Ramón Ábila,ARG,FW,27.0,6.0,1,0,0.0,5.0,12.0,2.0,5.0,1.0,1.0,0.0,0.0,0.0,2017,12.0,8.0,10.0,44.4,21.0
Emmanuel Más,ARG,DF,28.0,5.4,1,0,0.0,10.0,7.0,0.0,9.0,16.0,11.0,0.0,0.0,0.0,2017,26.0,7.0,12.0,36.8,21.0
Julio Buffarini,ARG,"DF,MF",28.0,5.0,4,0,0.0,7.0,4.0,0.0,21.0,10.0,14.0,0.0,0.0,0.0,2017,17.0,6.0,10.0,37.5,21.0
Gino Peruzzi,ARG,DF,25.0,3.5,2,0,0.0,11.0,3.0,0.0,9.0,5.0,5.0,0.0,0.0,0.0,2017,15.0,2.0,3.0,40.0,21.0
Cristian Espinoza,ARG,FW,22.0,3.1,1,0,0.0,7.0,7.0,1.0,16.0,0.0,3.0,0.0,0.0,0.0,2017,15.0,0.0,1.0,0.0,21.0
Sebastián Pérez Cardona,COL,MF,24.0,2.5,2,0,0.0,4.0,2.0,0.0,0.0,7.0,4.0,0.0,0.0,0.0,2017,7.0,2.0,2.0,50.0,21.0
Oscar Benítez,ARG,FW,24.0,3.1,2,0,0.0,5.0,8.0,1.0,1.0,1.0,4.0,0.0,0.0,0.0,2017,17.0,4.0,11.0,26.7,21.0
Agustín Heredia,ARG,DF,20.0,2.0,2,0,0.0,5.0,1.0,0.0,0.0,6.0,2.0,0.0,0.0,0.0,2017,11.0,3.0,7.0,30.0,21.0
Guido Vadalá,ARG,FW,20.0,2.0,1,0,0.0,8.0,1.0,0.0,1.0,0.0,1.0,0.0,0.0,0.0,2017,4.0,0.0,3.0,0.0,21.0
Agustín Almendra,ARG,MF,17.0,1.1,1,0,0.0,1.0,2.0,0.0,0.0,1.0,1.0,0.0,0.0,0.0,2017,11.0,0.0,3.0,0.0,21.0
Julián Chicco,ARG,MF,19.0,1.0,1,0,0.0,2.0,1.0,0.0,0.0,8.0,0.0,0.0,0.0,0.0,2017,7.0,0.0,0.0,,21.0
Gonzalo Goñi,ARG,DF,18.0,1.0,0,0,0.0,2.0,0.0,0.0,0.0,1.0,1.0,0.0,0.0,0.0,2017,4.0,3.0,3.0,50.0,21.0
Guillermo Sara,ARG,GK,29.0,1.0,0,0,0.0,0.0,0.0,0.0,0.0,0.0,0.0,0.0,0.0,0.0,2017,1.0,0.0,0.0,,21.0
Gonzalo Maroni,ARG,MF,18.0,1.3,0,0,0.0,1.0,1.0,0.0,1.0,1.0,0.0,0.0,0.0,0.0,2017,7.0,2.0,1.0,66.7,21.0
Agustín Bouzat,ARG,FW,23.0,0.5,0,0,0.0,0.0,1.0,0.0,3.0,0.0,1.0,0.0,0.0,0.0,2017,3.0,0.0,1.0,0.0,21.0
Gonzalo Lamardo,ARG,MF,20.0,0.3,0,0,0.0,1.0,0.0,0.0,0.0,0.0,0.0,0.0,0.0,0.0,2017,1.0,0.0,1.0,0.0,21.0
Fernando Evangelista,ARG,FW,25.0,0.0,1,0,0.0,0.0,0.0,0.0,0.0,0.0,0.0,0.0,0.0,0.0,2017,0.0,0.0,0.0,,21.0
Juan Manuel Insaurralde,ARG,DF,32.0,0.0,0,0,0.0,0.0,0.0,0.0,0.0,0.0,0.0,0.0,0.0,0.0,2017,0.0,1.0,0.0,100.0,21.0
Esteban Andrada,ARG,GK,27.0,18.0,0,0,0.0,0.0,5.0,0.0,0.0,1.0,1.0,0.0,0.0,0.0,2018,17.0,12.0,0.0,100.0,21.0
Emmanuel Más,ARG,DF,29.0,17.5,4,0,0.0,20.0,12.0,2.0,33.0,26.0,25.0,1.0,0.0,0.0,2018,71.0,32.0,24.0,57.1,21.0
Julio Buffarini,ARG,DF,29.0,17.0,5,0,0.0,22.0,25.0,1.0,41.0,23.0,36.0,0.0,0.0,0.0,2018,94.0,20.0,23.0,46.5,21.0
Mauro Zárate,ARG,"FW,MF",31.0,16.6,3,0,0.0,23.0,30.0,0.0,62.0,7.0,10.0,0.0,0.0,0.0,2018,47.0,14.0,21.0,40.0,21.0
Carlos Izquierdoz,ARG,DF,29.0,16.0,2,0,0.0,16.0,9.0,0.0,1.0,40.0,15.0,0.0,1.0,0.0,2018,67.0,47.0,35.0,57.3,21.0
Cristian Pavón,ARG,"FW,MF",22.0,12.8,0,0,0.0,11.0,21.0,7.0,37.0,12.0,14.0,0.0,0.0,0.0,2018,67.0,9.0,22.0,29.0,21.0
Carlos Tevez,ARG,"MF,FW",34.0,12.3,2,0,0.0,13.0,19.0,7.0,15.0,1.0,6.0,2.0,0.0,0.0,2018,45.0,12.0,22.0,35.3,21.0
Agustín Almendra,ARG,MF,18.0,11.9,2,0,0.0,16.0,32.0,0.0,3.0,22.0,35.0,0.0,0.0,0.0,2018,107.0,7.0,11.0,38.9,21.0
Iván Marcone,ARG,MF,28.0,11.0,5,0,0.0,19.0,22.0,0.0,1.0,22.0,34.0,0.0,0.0,0.0,2018,100.0,12.0,5.0,70.6,21.0
Nahitan Nández,URU,MF,22.0,10.1,7,0,0.0,17.0,19.0,2.0,13.0,9.0,25.0,0.0,0.0,0.0,2018,83.0,15.0,22.0,40.5,21.0
Sebastián Villa,COL,"FW,MF",22.0,9.9,2,0,0.0,17.0,16.0,5.0,45.0,7.0,16.0,1.0,0.0,0.0,2018,42.0,6.0,17.0,26.1,21.0
Darío Benedetto,ARG,FW,28.0,9.6,4,0,0.0,7.0,13.0,7.0,2.0,2.0,2.0,0.0,0.0,0.0,2018,17.0,11.0,38.0,22.4,21.0
Paolo Goltz,ARG,DF,33.0,9.9,4,0,0.0,10.0,4.0,0.0,0.0,14.0,9.0,0.0,0.0,0.0,2018,46.0,23.0,11.0,67.6,21.0
Ramón Ábila,ARG,FW,28.0,8.9,2,0,0.0,8.0,12.0,17.0,0.0,0.0,1.0,0.0,0.0,0.0,2018,27.0,10.0,16.0,38.5,21.0
Fernando Gago,ARG,MF,32.0,8.0,3,0,0.0,7.0,19.0,0.0,11.0,5.0,15.0,0.0,0.0,0.0,2018,62.0,14.0,6.0,70.0,21.0
Lisandro López,ARG,DF,28.0,8.0,1,0,0.0,5.0,2.0,0.0,0.0,3.0,6.0,0.0,0.0,0.0,2018,42.0,28.0,18.0,60.9,21.0
Jorman Campuzano,COL,MF,22.0,7.9,2,0,0.0,15.0,17.0,0.0,0.0,16.0,20.0,0.0,0.0,0.0,2018,48.0,12.0,4.0,75.0,21.0
Edwin Cardona,COL,"FW,MF",25.0,7.5,3,0,0.0,13.0,21.0,1.0,53.0,9.0,4.0,0.0,0.0,0.0,2018,39.0,7.0,7.0,50.0,21.0
Lisandro Magallán,ARG,DF,24.0,7.1,4,1,1.0,6.0,3.0,0.0,1.0,8.0,7.0,0.0,0.0,0.0,2018,28.0,18.0,8.0,69.2,21.0
Emanuel Reynoso,ARG,"MF,FW",22.0,7.0,1,0,0.0,16.0,19.0,1.0,23.0,4.0,19.0,0.0,0.0,0.0,2018,57.0,5.0,12.0,29.4,21.0
Júnior Alonso,PAR,DF,25.0,7.0,1,0,0.0,5.0,2.0,2.0,3.0,3.0,11.0,0.0,0.0,0.0,2018,25.0,28.0,11.0,71.8,21.0
Agustín Rossi,ARG,GK,22.0,6.0,0,0,0.0,0.0,1.0,0.0,0.0,0.0,0.0,0.0,0.0,0.0,2018,15.0,2.0,0.0,100.0,21.0
Wílmar Barrios,COL,MF,24.0,5.7,3,0,0.0,21.0,16.0,0.0,2.0,10.0,17.0,0.0,0.0,0.0,2018,49.0,17.0,11.0,60.7,21.0
Leonardo Balerdi,ARG,DF,19.0,5.0,2,0,0.0,4.0,5.0,0.0,0.0,7.0,7.0,0.0,0.0,0.0,2018,27.0,19.0,4.0,82.6,21.0
Lucas Olaza,URU,DF,24.0,3.5,0,0,0.0,1.0,2.0,0.0,5.0,5.0,8.0,0.0,0.0,0.0,2018,22.0,4.0,9.0,30.8,21.0
Leonardo Jara,ARG,DF,27.0,3.4,0,0,0.0,1.0,2.0,0.0,4.0,9.0,6.0,0.0,0.0,0.0,2018,14.0,5.0,3.0,62.5,21.0
Pablo Pérez,ARG,MF,32.0,3.7,5,0,0.0,18.0,7.0,0.0,0.0,8.0,10.0,0.0,0.0,0.0,2018,37.0,6.0,6.0,50.0,21.0
Cristian Espinoza,ARG,FW,23.0,3.3,0,0,0.0,4.0,3.0,0.0,8.0,2.0,2.0,0.0,0.0,0.0,2018,10.0,0.0,3.0,0.0,21.0
Gino Peruzzi,ARG,DF,26.0,3.0,1,0,0.0,2.0,8.0,0.0,4.0,5.0,4.0,0.0,0.0,0.0,2018,12.0,2.0,4.0,33.3,21.0
Julián Chicco,ARG,MF,20.0,2.5,2,0,0.0,10.0,2.0,0.0,1.0,9.0,3.0,0.0,0.0,0.0,2018,21.0,5.0,3.0,62.5,21.0
Kevin Mac Allister,ARG,DF,20.0,1.2,1,0,0.0,5.0,4.0,0.0,0.0,2.0,8.0,0.0,0.0,0.0,2018,3.0,3.0,1.0,75.0,21.0
Marcos Guillermo Díaz,ARG,GK,32.0,1.0,0,0,0.0,0.0,0.0,0.0,0.0,0.0,0.0,0.0,0.0,0.0,2018,0.0,0.0,0.0,,21.0
Frank Fabra,COL,DF,27.0,1.0,0,0,0.0,3.0,0.0,0.0,1.0,1.0,1.0,0.0,0.0,0.0,2018,2.0,1.0,0.0,100.0,21.0
Agustín Obando,ARG,MF,18.0,0.8,1,0,0.0,1.0,3.0,0.0,2.0,0.0,4.0,0.0,0.0,0.0,2018,2.0,0.0,0.0,,21.0
Nicolás Capaldo,ARG,MF,20.0,0.1,1,0,0.0,2.0,1.0,1.0,0.0,0.0,1.0,0.0,0.0,0.0,2018,1.0,0.0,0.0,,21.0
Brandon Cortés,CHI,MF,17.0,0.1,0,0,0.0,0.0,0.0,0.0,0.0,0.0,0.0,0.0,0.0,0.0,2018,0.0,0.0,1.0,0.0,21.0
Mateo Retegui,ITA,FW,19.0,0.1,1,0,0.0,3.0,1.0,0.0,0.0,0.0,0.0,0.0,0.0,0.0,2018,0.0,0.0,0.0,,21.0
Esteban Andrada,ARG,GK,28.0,20.0,2,0,0.0,0.0,8.0,0.0,0.0,1.0,0.0,0.0,0.0,0.0,2019,13.0,6.0,1.0,85.7,21.0
Julio Buffarini,ARG,DF,30.0,19.7,4,1,1.0,23.0,12.0,0.0,36.0,20.0,25.0,0.0,0.0,0.0,2019,99.0,17.0,32.0,34.7,21.0
Frank Fabra,COL,DF,28.0,17.6,7,1,1.0,17.0,16.0,1.0,37.0,22.0,16.0,0.0,0.0,0.0,2019,116.0,21.0,15.0,58.3,21.0
Carlos Izquierdoz,ARG,DF,30.0,16.1,9,2,2.0,20.0,14.0,2.0,2.0,37.0,9.0,0.0,0.0,0.0,2019,75.0,62.0,28.0,68.9,21.0
Sebastián Villa,COL,"MF,FW",23.0,12.8,1,1,0.0,26.0,34.0,5.0,80.0,11.0,11.0,0.0,0.0,0.0,2019,68.0,5.0,18.0,21.7,21.0
Lisandro López,ARG,DF,29.0,12.3,3,0,0.0,17.0,7.0,1.0,0.0,15.0,13.0,0.0,0.0,0.0,2019,61.0,44.0,16.0,73.3,21.0
Iván Marcone,ARG,MF,29.0,12.5,8,0,0.0,23.0,17.0,0.0,0.0,19.0,29.0,0.0,0.0,0.0,2019,94.0,12.0,10.0,54.5,21.0
Eduardo Salvio,ARG,"MF,FW",29.0,12.4,1,0,0.0,15.0,21.0,4.0,10.0,5.0,7.0,0.0,0.0,0.0,2019,64.0,14.0,15.0,48.3,21.0
Franco Soldano,ARG,FW,24.0,11.3,1,0,0.0,20.0,12.0,4.0,7.0,2.0,5.0,0.0,0.0,0.0,2019,28.0,50.0,85.0,37.0,21.0
Júnior Alonso,PAR,DF,26.0,12.8,2,0,0.0,9.0,5.0,0.0,1.0,23.0,14.0,0.0,0.0,0.0,2019,82.0,38.0,19.0,66.7,21.0
Carlos Tevez,ARG,"FW,MF",35.0,11.7,2,0,0.0,16.0,33.0,5.0,38.0,2.0,9.0,1.0,0.0,0.0,2019,48.0,10.0,11.0,47.6,21.0
Jorman Campuzano,COL,MF,23.0,10.5,4,0,0.0,20.0,18.0,0.0,2.0,25.0,23.0,0.0,0.0,0.0,2019,77.0,16.0,9.0,64.0,21.0
Emanuel Reynoso,ARG,"MF,FW",23.0,10.0,4,0,0.0,20.0,24.0,0.0,39.0,8.0,25.0,0.0,0.0,0.0,2019,76.0,10.0,20.0,33.3,21.0
Nicolás Capaldo,ARG,MF,21.0,9.7,5,1,1.0,25.0,18.0,1.0,3.0,20.0,22.0,0.0,0.0,0.0,2019,45.0,18.0,14.0,56.3,21.0
Alexis Mac Allister,ARG,MF,20.0,7.9,1,0,0.0,8.0,26.0,0.0,47.0,1.0,4.0,0.0,0.0,0.0,2019,47.0,4.0,10.0,28.6,21.0
Guillermo Matías Fernández,ARG,MF,27.0,6.5,2,0,0.0,7.0,6.0,0.0,15.0,13.0,14.0,0.0,0.0,0.0,2019,40.0,6.0,3.0,66.7,21.0
Agustín Obando,ARG,"MF,FW",19.0,5.9,0,0,0.0,6.0,13.0,1.0,16.0,4.0,6.0,0.0,0.0,0.0,2019,33.0,17.0,7.0,70.8,21.0
Jan Carlos Hurtado,VEN,FW,19.0,7.1,4,0,0.0,28.0,17.0,7.0,2.0,3.0,3.0,0.0,0.0,0.0,2019,16.0,26.0,45.0,36.6,21.0
Agustín Almendra,ARG,MF,19.0,4.8,2,1,0.0,6.0,9.0,0.0,3.0,9.0,5.0,0.0,0.0,0.0,2019,33.0,7.0,3.0,70.0,21.0
Mauro Zárate,ARG,"FW,MF",32.0,5.4,1,0,0.0,5.0,16.0,1.0,26.0,2.0,4.0,0.0,0.0,0.0,2019,17.0,4.0,9.0,30.8,21.0
Ramón Ábila,ARG,FW,29.0,5.2,3,0,0.0,4.0,2.0,9.0,2.0,2.0,2.0,1.0,0.0,0.0,2019,10.0,5.0,19.0,20.8,21.0
Emmanuel Más,ARG,DF,30.0,4.9,1,0,0.0,6.0,7.0,0.0,5.0,7.0,4.0,0.0,0.0,0.0,2019,22.0,9.0,4.0,69.2,21.0
Paolo Goltz,ARG,DF,34.0,4.0,1,0,0.0,2.0,0.0,0.0,0.0,8.0,3.0,0.0,0.0,0.0,2019,22.0,18.0,9.0,66.7,21.0
Daniele De Rossi,ITA,MF,36.0,3.8,1,0,0.0,5.0,3.0,0.0,0.0,10.0,3.0,0.0,0.0,0.0,2019,22.0,4.0,1.0,80.0,21.0
Marcos Guillermo Díaz,ARG,GK,33.0,3.0,0,0,0.0,0.0,0.0,0.0,0.0,0.0,0.0,0.0,0.0,0.0,2019,4.0,1.0,0.0,100.0,21.0
Marcelo Weigandt,ARG,DF,19.0,3.0,1,0,0.0,8.0,5.0,0.0,5.0,2.0,6.0,0.0,0.0,0.0,2019,14.0,13.0,6.0,68.4,21.0
Carlos Zambrano,PER,DF,30.0,0.7,0,0,0.0,3.0,0.0,0.0,0.0,0.0,0.0,0.0,0.0,0.0,2019,8.0,4.0,2.0,66.7,21.0
Gastón Ávila,ARG,DF,17.0,0.1,0,0,0.0,1.0,2.0,0.0,0.0,1.0,1.0,0.0,0.0,0.0,2019,1.0,0.0,0.0,,21.0
Carlos Izquierdoz,ARG,DF,31.0,19.7,2,1,0.0,19.0,12.0,1.0,0.0,44.0,20.0,0.0,0.0,0.0,2020,64.0,52.0,23.0,69.3,
Esteban Andrada,ARG,GK,29.0,18.7,0,0,0.0,0.0,8.0,0.0,0.0,1.0,0.0,0.0,0.0,0.0,2020,16.0,2.0,0.0,100.0,
Nicolás Capaldo,ARG,MF,22.0,17.3,3,0,0.0,26.0,29.0,0.0,3.0,24.0,29.0,0.0,0.0,0.0,2020,53.0,10.0,8.0,55.6,
Sebastián Villa,COL,"MF,FW",23.0,15.1,6,0,0.0,19.0,27.0,9.0,83.0,10.0,12.0,0.0,0.0,0.0,2020,43.0,3.0,10.0,23.1,
Jorman Campuzano,COL,MF,23.0,14.8,6,1,1.0,36.0,23.0,0.0,1.0,20.0,29.0,0.0,0.0,0.0,2020,60.0,18.0,7.0,72.0,
Julio Buffarini,ARG,DF,31.0,14.4,5,0,0.0,22.0,17.0,0.0,37.0,26.0,22.0,0.0,1.0,0.0,2020,26.0,4.0,11.0,26.7,
Carlos Tevez,ARG,FW,35.0,14.3,4,0,0.0,10.0,32.0,8.0,32.0,5.0,7.0,0.0,0.0,0.0,2020,37.0,6.0,11.0,35.3,
Leonardo Jara,ARG,DF,28.0,14.1,3,0,0.0,15.0,7.0,0.0,17.0,18.0,28.0,0.0,0.0,0.0,2020,45.0,15.0,11.0,57.7,
Eduardo Salvio,ARG,MF,29.0,13.7,3,0,0.0,14.0,17.0,6.0,24.0,15.0,12.0,1.0,0.0,0.0,2020,59.0,9.0,10.0,47.4,
Carlos Zambrano,PER,DF,30.0,13.1,3,0,0.0,18.0,13.0,0.0,2.0,26.0,13.0,0.0,0.0,0.0,2020,9.0,5.0,2.0,71.4,
Frank Fabra,COL,DF,28.0,12.7,3,1,0.0,23.0,13.0,1.0,28.0,30.0,13.0,0.0,0.0,1.0,2020,58.0,9.0,13.0,40.9,
Edwin Cardona,COL,"MF,FW",27.0,12.6,4,0,0.0,15.0,18.0,2.0,70.0,17.0,10.0,0.0,0.0,0.0,2020,29.0,7.0,8.0,46.7,
Emmanuel Más,ARG,"DF,MF",31.0,11.6,4,1,1.0,20.0,7.0,0.0,37.0,23.0,12.0,0.0,0.0,0.0,2020,20.0,3.0,4.0,42.9,
Lisandro López,ARG,DF,30.0,11.3,2,0,0.0,8.0,9.0,1.0,0.0,11.0,15.0,0.0,0.0,0.0,2020,52.0,35.0,10.0,77.8,
Franco Soldano,ARG,FW,25.0,10.1,2,0,0.0,13.0,14.0,3.0,2.0,4.0,5.0,0.0,0.0,0.0,2020,14.0,27.0,39.0,40.9,
Ramón Ábila,ARG,FW,30.0,9.2,2,0,0.0,6.0,9.0,11.0,4.0,0.0,4.0,0.0,0.0,0.0,2020,7.0,3.0,3.0,50.0,
Mauro Zárate,ARG,"FW,MF",32.0,7.8,2,0,0.0,6.0,14.0,3.0,21.0,0.0,5.0,0.0,0.0,0.0,2020,2.0,2.0,2.0,50.0,
Agustín Rossi,ARG,GK,24.0,6.0,0,0,0.0,0.0,3.0,0.0,0.0,0.0,0.0,,,0.0,2020,,,,,
Guillermo Matías Fernández,ARG,MF,28.0,5.4,0,0,0.0,10.0,4.0,0.0,9.0,9.0,6.0,0.0,0.0,0.0,2020,39.0,7.0,4.0,63.6,
Agustín Obando,ARG,"MF,FW",19.0,5.2,0,2,0.0,6.0,16.0,2.0,31.0,3.0,1.0,0.0,0.0,0.0,2020,8.0,8.0,1.0,88.9,
Diego González,ARG,MF,31.0,4.7,0,0,0.0,8.0,6.0,0.0,2.0,2.0,4.0,0.0,0.0,0.0,2020,11.0,3.0,3.0,50.0,
Gastón Ávila,ARG,DF,18.0,4.0,0,0,0.0,8.0,11.0,0.0,1.0,1.0,3.0,,,0.0,2020,,,,,
Gonzalo Maroni,ARG,"MF,FW",20.0,3.5,0,0,0.0,7.0,6.0,2.0,16.0,3.0,1.0,0.0,0.0,0.0,2020,9.0,0.0,2.0,0.0,
Alan Varela,ARG,MF,18.0,3.2,0,0,0.0,6.0,4.0,0.0,1.0,6.0,6.0,,,0.0,2020,,,,,
Exequiel Zeballos,ARG,"FW,MF",17.0,2.7,0,0,0.0,2.0,2.0,1.0,11.0,1.0,2.0,,,0.0,2020,,,,,
Júnior Alonso,PAR,DF,26.0,1.3,0,0,0.0,0.0,0.0,0.0,0.0,3.0,2.0,0.0,0.0,0.0,2020,13.0,3.0,2.0,60.0,
Emanuel Reynoso,ARG,"MF,FW",24.0,1.2,1,0,0.0,3.0,4.0,0.0,11.0,0.0,1.0,0.0,0.0,0.0,2020,8.0,1.0,0.0,100.0,
Iván Marcone,ARG,MF,29.0,1.1,1,0,0.0,2.0,2.0,0.0,0.0,3.0,2.0,0.0,0.0,0.0,2020,8.0,0.0,0.0,,
Walter Bou,ARG,FW,26.0,1.0,0,0,0.0,2.0,2.0,2.0,1.0,2.0,0.0,0.0,0.0,0.0,2020,4.0,2.0,0.0,100.0,
Luis Vázquez,ARG,FW,19.0,0.0,0,0,0.0,0.0,0.0,0.0,0.0,0.0,0.0,,,0.0,2020,,,,,
Carlos Izquierdoz,ARG,DF,32.0,40.3,5,1,0.0,27.0,36.0,0.0,0.0,90.0,42.0,0.0,0.0,0.0,2021,206.0,146.0,73.0,66.7,
Agustín Rossi,ARG,GK,25.0,33.0,0,0,0.0,1.0,6.0,0.0,0.0,1.0,0.0,0.0,1.0,0.0,2021,43.0,2.0,2.0,50.0,
Frank Fabra,COL,DF,29.0,32.4,3,0,0.0,39.0,30.0,4.0,108.0,46.0,40.0,0.0,0.0,0.0,2021,195.0,40.0,37.0,51.9,
Sebastián Villa,COL,"FW,MF",24.0,24.9,4,0,0.0,33.0,38.0,30.0,131.0,13.0,9.0,0.0,0.0,0.0,2021,109.0,9.0,24.0,27.3,
Jorman Campuzano,COL,MF,24.0,23.4,10,0,0.0,34.0,45.0,0.0,3.0,55.0,41.0,0.0,0.0,0.0,2021,202.0,37.0,24.0,60.7,
Cristian Medina,ARG,MF,18.0,23.0,7,0,0.0,41.0,40.0,0.0,16.0,18.0,30.0,0.0,0.0,0.0,2021,159.0,16.0,31.0,34.0,
Cristian Pavón,ARG,"FW,MF",25.0,22.2,4,0,0.0,24.0,21.0,12.0,131.0,11.0,16.0,0.0,0.0,0.0,2021,97.0,15.0,34.0,30.6,
Lisandro López,ARG,DF,31.0,22.2,3,0,0.0,16.0,15.0,1.0,1.0,42.0,34.0,0.0,0.0,1.0,2021,124.0,47.0,30.0,61.0,
Marcos Rojo,ARG,DF,30.0,21.9,9,1,1.0,34.0,12.0,0.0,5.0,41.0,15.0,0.0,0.0,0.0,2021,139.0,49.0,21.0,70.0,
Agustín Almendra,ARG,MF,20.0,19.5,9,0,0.0,23.0,29.0,0.0,30.0,23.0,34.0,0.0,0.0,0.0,2021,142.0,11.0,18.0,37.9,
Alan Varela,ARG,MF,19.0,16.2,6,0,0.0,39.0,20.0,0.0,1.0,27.0,25.0,0.0,0.0,0.0,2021,116.0,10.0,13.0,43.5,
Luis Vázquez,ARG,FW,20.0,16.0,2,0,0.0,21.0,9.0,6.0,9.0,2.0,10.0,0.0,0.0,0.0,2021,37.0,42.0,46.0,47.7,
Carlos Tevez,ARG,FW,36.0,15.4,2,0,0.0,14.0,36.0,7.0,7.0,2.0,4.0,0.0,0.0,0.0,2021,26.0,7.0,24.0,22.6,
Carlos Zambrano,PER,DF,31.0,14.8,5,1,1.0,26.0,23.0,0.0,2.0,20.0,7.0,0.0,0.0,0.0,2021,71.0,28.0,16.0,63.6,
Nicolás Capaldo,ARG,"DF,MF",23.0,14.6,4,0,0.0,24.0,18.0,1.0,21.0,18.0,15.0,1.0,0.0,0.0,2021,79.0,11.0,21.0,34.4,
Edwin Cardona,COL,MF,28.0,14.0,6,1,1.0,22.0,11.0,2.0,97.0,12.0,11.0,0.0,0.0,0.0,2021,74.0,20.0,12.0,62.5,
Juan Ramírez,ARG,MF,27.0,12.5,0,0,0.0,14.0,34.0,2.0,20.0,12.0,24.0,0.0,0.0,0.0,2021,103.0,11.0,6.0,64.7,
Luis Advíncula,PER,DF,30.0,11.6,0,0,0.0,16.0,17.0,0.0,28.0,9.0,14.0,0.0,0.0,0.0,2021,61.0,12.0,6.0,66.7,
Norberto Briasco,ARM,FW,24.0,11.0,0,0,0.0,24.0,31.0,9.0,31.0,5.0,9.0,0.0,0.0,0.0,2021,29.0,23.0,40.0,36.5,
Esteban Andrada,ARG,GK,30.0,11.0,0,0,0.0,0.0,0.0,0.0,0.0,1.0,0.0,0.0,0.0,0.0,2021,8.0,0.0,1.0,0.0,
Aaron Nicolás Molinas,ARG,FW,20.0,10.6,0,0,0.0,7.0,18.0,0.0,57.0,8.0,7.0,0.0,0.0,0.0,2021,72.0,6.0,15.0,28.6,
Agustín Sández,PAR,DF,20.0,10.4,7,0,0.0,19.0,4.0,0.0,44.0,11.0,18.0,0.0,0.0,0.0,2021,52.0,17.0,12.0,58.6,
Marcelo Weigandt,ARG,DF,21.0,10.4,3,0,0.0,12.0,10.0,1.0,17.0,11.0,19.0,2.0,0.0,0.0,2021,45.0,14.0,8.0,63.6,
Esteban Rolón,ARG,MF,25.0,10.0,2,0,0.0,19.0,12.0,0.0,0.0,17.0,10.0,0.0,0.0,0.0,2021,59.0,8.0,5.0,61.5,
Rodrigo Montes,ARG,"MF,FW",21.0,8.6,0,0,0.0,9.0,5.0,0.0,6.0,13.0,13.0,0.0,0.0,0.0,2021,56.0,5.0,6.0,45.5,
Julio Buffarini,ARG,DF,32.0,8.6,3,0,0.0,9.0,16.0,0.0,15.0,13.0,12.0,0.0,0.0,0.0,2021,54.0,8.0,5.0,61.5,
Diego González,ARG,MF,32.0,7.9,0,0,0.0,9.0,7.0,2.0,9.0,13.0,6.0,0.0,0.0,0.0,2021,58.0,9.0,16.0,36.0,
Franco Soldano,ARG,FW,26.0,6.5,1,0,0.0,12.0,12.0,2.0,0.0,1.0,10.0,0.0,0.0,0.0,2021,12.0,32.0,39.0,45.1,
Agustín Obando,ARG,"FW,MF",20.0,5.9,0,0,0.0,9.0,9.0,1.0,24.0,2.0,4.0,0.0,0.0,0.0,2021,14.0,4.0,11.0,26.7,
Gonzalo Maroni,ARG,"FW,MF",21.0,5.7,2,0,0.0,13.0,7.0,1.0,16.0,2.0,3.0,0.0,0.0,0.0,2021,35.0,6.0,8.0,42.9,
Eros Mancuso,ARG,DF,21.0,4.7,0,0,0.0,7.0,6.0,0.0,5.0,5.0,4.0,0.0,0.0,0.0,2021,29.0,4.0,5.0,44.4,
Nicolás Orsini,ARG,FW,26.0,4.5,1,0,0.0,7.0,5.0,2.0,3.0,0.0,0.0,0.0,0.0,0.0,2021,7.0,18.0,31.0,36.7,
Mauro Zárate,ARG,"FW,MF",33.0,4.4,1,0,0.0,3.0,7.0,4.0,20.0,2.0,1.0,0.0,0.0,0.0,2021,13.0,5.0,4.0,55.6,
Eduardo Salvio,ARG,"FW,MF",30.0,4.4,0,0,0.0,2.0,9.0,2.0,1.0,1.0,1.0,0.0,0.0,0.0,2021,10.0,3.0,6.0,33.3,
Exequiel Zeballos,ARG,MF,18.0,3.9,0,0,0.0,8.0,6.0,1.0,23.0,1.0,2.0,0.0,0.0,0.0,2021,17.0,4.0,4.0,50.0,
Emmanuel Más,ARG,DF,32.0,3.8,0,0,0.0,3.0,4.0,0.0,9.0,5.0,3.0,0.0,0.0,0.0,2021,19.0,3.0,3.0,50.0,
Leonardo Jara,ARG,MF,29.0,3.5,0,0,0.0,3.0,5.0,0.0,1.0,2.0,4.0,0.0,0.0,0.0,2021,17.0,4.0,3.0,57.1,
Javier Hernán García,ARG,GK,34.0,3.0,0,0,0.0,0.0,1.0,0.0,0.0,0.0,0.0,0.0,0.0,0.0,2021,7.0,1.0,0.0,100.0,
Ezequiél Fernández,ARG,MF,18.0,2.5,1,0,0.0,3.0,12.0,0.0,0.0,2.0,5.0,0.0,0.0,0.0,2021,27.0,5.0,3.0,62.5,
Valentín Barco,ARG,DF,16.0,2.3,1,0,0.0,7.0,5.0,0.0,14.0,6.0,3.0,0.0,0.0,0.0,2021,8.0,2.0,3.0,40.0,
Vicente Taborda,ARG,"MF,FW",19.0,2.1,0,0,0.0,6.0,3.0,0.0,4.0,1.0,2.0,0.0,0.0,0.0,2021,17.0,4.0,2.0,66.7,
Gabriel Vega,ARG,MF,18.0,2.1,0,0,0.0,5.0,9.0,0.0,1.0,3.0,4.0,0.0,0.0,0.0,2021,14.0,0.0,2.0,0.0,
Gabriel Aranda,ARG,DF,19.0,2.0,1,0,0.0,1.0,0.0,1.0,0.0,3.0,1.0,0.0,0.0,0.0,2021,4.0,5.0,3.0,62.5,
Balthazar Bernardi,ARG,DF,19.0,2.0,0,0,0.0,0.0,0.0,0.0,0.0,0.0,0.0,0.0,0.0,0.0,2021,12.0,3.0,2.0,60.0,
Agustín Lastra,ARG,GK,20.0,2.0,1,0,0.0,1.0,0.0,0.0,0.0,0.0,0.0,0.0,1.0,0.0,2021,3.0,0.0,0.0,,
Renzo Giampaoli,ARG,DF,21.0,2.0,0,0,0.0,2.0,3.0,0.0,0.0,5.0,0.0,0.0,0.0,0.0,2021,10.0,5.0,10.0,33.3,
Israel Escalante,ARG,FW,22.0,1.4,1,0,0.0,3.0,2.0,0.0,6.0,1.0,1.0,0.0,0.0,0.0,2021,4.0,0.0,1.0,0.0,
Érik Bodencer,ARG,FW,20.0,1.2,0,0,0.0,2.0,2.0,2.0,0.0,0.0,0.0,0.0,0.0,0.0,2021,6.0,2.0,7.0,22.2,
Ezequiel Almirón,ARG,FW,18.0,0.3,0,0,0.0,0.0,0.0,0.0,0.0,0.0,0.0,0.0,0.0,0.0,2021,3.0,3.0,2.0,60.0,
Nicolás Valentini,ARG,DF,19.0,0.3,1,0,0.0,2.0,0.0,0.0,0.0,1.0,0.0,0.0,0.0,0.0,2021,5.0,4.0,2.0,66.7,
Juan Cabaña,ARG,MF,19.0,0.2,0,0,0.0,0.0,1.0,0.0,0.0,0.0,0.0,0.0,0.0,0.0,2021,0.0,0.0,0.0,,
Kevin Duarte,ARG,MF,19.0,0.2,0,0,0.0,0.0,0.0,0.0,0.0,0.0,0.0,0.0,0.0,0.0,2021,0.0,0.0,0.0,,
Nahuel Génez,ARG,DF,17.0,0.1,0,0,0.0,0.0,0.0,0.0,1.0,0.0,0.0,0.0,0.0,0.0,2021,1.0,0.0,0.0,,
Iván Alvariño,ARG,FW,19.0,0.1,0,0,0.0,0.0,0.0,0.0,0.0,0.0,0.0,0.0,0.0,0.0,2021,1.0,1.0,1.0,50.0,
Lucas Palma,ARG,FW,17.0,0.1,0,0,0.0,0.0,1.0,0.0,0.0,0.0,0.0,0.0,0.0,0.0,2021,0.0,0.0,0.0,,
Agustín Rossi,ARG,GK,26.0,44.2,3,0,0.0,2.0,12.0,0.0,0.0,1.0,0.0,0.0,2.0,0.0,2022,34.0,10.0,0.0,100.0,
Guillermo Matías Fernández,ARG,MF,30.0,42.2,16,0,0.0,45.0,26.0,2.0,19.0,57.0,57.0,1.0,0.0,0.0,2022,296.0,29.0,37.0,43.9,
Frank Fabra,COL,DF,30.0,41.9,18,1,1.0,52.0,28.0,4.0,143.0,69.0,54.0,0.0,1.0,0.0,2022,251.0,57.0,16.0,78.1,
Luis Advíncula,PER,DF,31.0,41.1,12,0,0.0,61.0,44.0,1.0,64.0,30.0,46.0,0.0,2.0,0.0,2022,190.0,25.0,32.0,43.9,
Sebastián Villa,COL,"MF,FW",25.0,32.7,5,0,0.0,32.0,86.0,28.0,298.0,14.0,21.0,2.0,0.0,0.0,2022,147.0,11.0,28.0,28.2,
Alan Varela,ARG,MF,20.0,32.3,10,0,0.0,46.0,31.0,0.0,8.0,57.0,40.0,0.0,0.0,0.0,2022,258.0,29.0,31.0,48.3,
Óscar Romero,PAR,MF,29.0,31.5,6,0,0.0,38.0,90.0,2.0,175.0,21.0,52.0,0.0,0.0,0.0,2022,198.0,28.0,39.0,41.8,
Darío Benedetto,ARG,FW,31.0,30.0,10,0,0.0,24.0,33.0,7.0,16.0,5.0,9.0,1.0,0.0,0.0,2022,63.0,41.0,77.0,34.7,
Marcos Rojo,ARG,DF,31.0,28.4,12,1,0.0,33.0,8.0,2.0,2.0,51.0,28.0,1.0,3.0,0.0,2022,184.0,86.0,40.0,68.3,
Juan Ramírez,ARG,MF,28.0,24.8,4,0,0.0,33.0,81.0,0.0,27.0,22.0,41.0,0.0,0.0,0.0,2022,153.0,22.0,20.0,52.4,
Carlos Zambrano,PER,DF,32.0,24.7,11,0,0.0,41.0,30.0,0.0,0.0,30.0,25.0,0.0,0.0,0.0,2022,115.0,53.0,31.0,63.1,
Luis Vázquez,ARG,FW,21.0,21.5,5,1,0.0,19.0,10.0,14.0,6.0,1.0,7.0,1.0,0.0,0.0,2022,40.0,64.0,77.0,45.4,
Cristian Medina,ARG,MF,19.0,16.0,5,0,0.0,19.0,20.0,0.0,18.0,8.0,39.0,1.0,0.0,0.0,2022,113.0,8.0,14.0,36.4,
Carlos Izquierdoz,ARG,DF,33.0,15.7,4,1,1.0,18.0,14.0,1.0,1.0,33.0,16.0,0.0,1.0,0.0,2022,71.0,45.0,29.0,60.8,
Jorge Figal,ARG,DF,27.0,15.1,4,0,0.0,16.0,16.0,1.0,5.0,14.0,21.0,0.0,1.0,1.0,2022,97.0,36.0,21.0,63.2,
Exequiel Zeballos,ARG,"MF,FW",19.0,14.9,5,0,0.0,11.0,30.0,5.0,95.0,6.0,3.0,0.0,0.0,0.0,2022,43.0,2.0,14.0,12.5,
Eduardo Salvio,ARG,MF,31.0,11.9,0,0,0.0,21.0,16.0,4.0,26.0,4.0,9.0,1.0,0.0,0.0,2022,50.0,6.0,19.0,24.0,
Agustín Sández,PAR,DF,21.0,11.8,4,0,0.0,13.0,5.0,1.0,26.0,14.0,19.0,0.0,0.0,0.0,2022,73.0,20.0,22.0,47.6,
Gabriel Aranda,ARG,DF,20.0,11.0,2,0,0.0,10.0,5.0,0.0,0.0,11.0,11.0,0.0,0.0,0.0,2022,44.0,22.0,38.0,36.7,
Aaron Nicolás Molinas,ARG,MF,21.0,11.0,5,0,0.0,14.0,17.0,0.0,35.0,10.0,14.0,0.0,0.0,0.0,2022,52.0,10.0,12.0,45.5,
Luca Langoni,ARG,"FW,MF",19.0,10.5,2,0,0.0,12.0,16.0,1.0,17.0,0.0,3.0,1.0,0.0,0.0,2022,27.0,2.0,9.0,18.2,
Jorman Campuzano,COL,MF,25.0,9.9,3,0,0.0,20.0,20.0,0.0,0.0,17.0,22.0,0.0,1.0,0.0,2022,58.0,18.0,10.0,64.3,
Marcelo Weigandt,ARG,DF,22.0,9.0,1,0,0.0,9.0,7.0,1.0,17.0,8.0,14.0,0.0,1.0,0.0,2022,51.0,14.0,17.0,45.2,
Facundo Roncaglia,ARG,DF,34.0,8.7,1,0,0.0,7.0,6.0,0.0,1.0,6.0,10.0,0.0,0.0,0.0,2022,58.0,29.0,11.0,72.5,
Javier Hernán García,ARG,GK,35.0,8.0,1,0,0.0,1.0,2.0,0.0,0.0,0.0,2.0,0.0,1.0,0.0,2022,6.0,4.0,0.0,100.0,
Martín Payero,ARG,"MF,FW",23.0,7.5,2,0,0.0,16.0,15.0,1.0,8.0,3.0,8.0,0.0,0.0,0.0,2022,35.0,14.0,19.0,42.4,
Nicolás Orsini,ARG,FW,27.0,5.6,2,0,0.0,9.0,10.0,2.0,2.0,0.0,2.0,0.0,0.0,0.0,2022,20.0,14.0,18.0,43.8,
Esteban Rolón,ARG,MF,26.0,4.4,3,0,0.0,8.0,3.0,0.0,0.0,6.0,6.0,0.0,0.0,0.0,2022,40.0,11.0,9.0,55.0,
Gastón Ávila,ARG,DF,20.0,3.6,1,0,0.0,2.0,5.0,0.0,0.0,1.0,2.0,0.0,0.0,0.0,2022,25.0,8.0,3.0,72.7,
Diego González,ARG,MF,33.0,3.0,1,0,0.0,5.0,5.0,0.0,1.0,3.0,1.0,0.0,0.0,0.0,2022,21.0,4.0,5.0,44.4,
Norberto Briasco,ARM,"FW,MF",25.0,1.7,1,0,0.0,5.0,2.0,2.0,0.0,0.0,1.0,0.0,0.0,0.0,2022,8.0,1.0,11.0,8.3,
Gonzalo Morales,ARG,FW,18.0,1.5,0,0,0.0,3.0,3.0,0.0,1.0,1.0,1.0,0.0,0.0,0.0,2022,4.0,0.0,9.0,0.0,
Gabriel Vega,ARG,MF,19.0,1.0,0,0,0.0,2.0,4.0,0.0,0.0,0.0,0.0,0.0,0.0,0.0,2022,3.0,0.0,2.0,0.0,
Maximiliano Zalazar,ARG,"FW,MF",20.0,0.6,1,0,0.0,3.0,0.0,0.0,2.0,0.0,1.0,0.0,0.0,0.0,2022,4.0,1.0,2.0,33.3,
Leandro Brey,ARG,GK,19.0,0.5,1,0,0.0,0.0,0.0,0.0,0.0,0.0,0.0,0.0,0.0,0.0,2022,0.0,0.0,0.0,,
Brandon Cortés,CHI,"MF,FW",20.0,0.4,0,0,0.0,1.0,0.0,0.0,0.0,0.0,0.0,0.0,0.0,0.0,2022,2.0,1.0,0.0,100.0,
Simón Rivero,ARG,"MF,FW",18.0,0.2,1,0,0.0,1.0,1.0,0.0,0.0,1.0,2.0,0.0,0.0,0.0,2022,2.0,0.0,1.0,0.0,
Agustín Almendra,ARG,MF,21.0,0.1,0,0,0.0,1.0,0.0,0.0,0.0,0.0,0.0,0.0,0.0,0.0,2022,2.0,0.0,0.0,,
Vicente Taborda,ARG,MF,20.0,0.0,0,0,0.0,0.0,0.0,0.0,0.0,1.0,0.0,0.0,0.0,0.0,2022,1.0,0.0,0.0,,
Sergio Romero,ARG,GK,35.0,46.3,3,0,0.0,1.0,6.0,0.0,0.0,2.0,1.0,0.0,1.0,0.0,2023,38.0,5.0,1.0,83.3,
Jorge Figal,ARG,DF,28.0,40.5,14,1,1.0,44.0,33.0,0.0,10.0,30.0,48.0,0.0,1.0,0.0,2023,224.0,79.0,55.0,59.0,
Guillermo Matías Fernández,ARG,MF,31.0,37.8,16,0,0.0,50.0,23.0,2.0,38.0,36.0,45.0,0.0,0.0,1.0,2023,298.0,20.0,29.0,40.8,
Cristian Medina,ARG,"MF,FW",20.0,33.3,6,0,0.0,39.0,49.0,3.0,29.0,13.0,38.0,0.0,0.0,0.0,2023,181.0,7.0,26.0,21.2,
Luis Advíncula,PER,"DF,FW",32.0,32.8,5,0,0.0,31.0,45.0,3.0,86.0,14.0,40.0,0.0,0.0,0.0,2023,169.0,24.0,22.0,52.2,
Frank Fabra,COL,DF,31.0,29.6,7,1,0.0,26.0,25.0,6.0,84.0,49.0,35.0,0.0,0.0,0.0,2023,195.0,34.0,25.0,57.6,
Miguel Merentiel,URU,FW,26.0,27.0,8,1,0.0,15.0,24.0,6.0,15.0,6.0,9.0,1.0,0.0,0.0,2023,65.0,15.0,57.0,20.8,
Alan Varela,ARG,MF,21.0,26.3,11,0,0.0,32.0,18.0,0.0,4.0,39.0,34.0,0.0,0.0,0.0,2023,181.0,20.0,21.0,48.8,
Nicolás Valentini,ARG,DF,21.0,25.7,9,1,0.0,30.0,14.0,0.0,6.0,21.0,22.0,0.0,0.0,0.0,2023,122.0,77.0,46.0,62.6,
Bruno Valdez,PAR,"DF,FW",30.0,25.5,9,2,1.0,34.0,14.0,0.0,1.0,41.0,24.0,0.0,1.0,0.0,2023,129.0,83.0,38.0,68.6,
Ezequiél Fernández,ARG,MF,20.0,25.2,8,2,0.0,27.0,72.0,0.0,3.0,26.0,44.0,0.0,1.0,1.0,2023,218.0,16.0,14.0,53.3,
Marcelo Weigandt,ARG,DF,23.0,24.4,4,1,0.0,31.0,25.0,3.0,55.0,23.0,33.0,0.0,1.0,0.0,2023,150.0,41.0,33.0,55.4,
Valentín Barco,ARG,"MF,DF",18.0,22.9,7,0,0.0,20.0,67.0,1.0,157.0,18.0,25.0,0.0,0.0,0.0,2023,126.0,3.0,20.0,13.0,
Darío Benedetto,ARG,FW,32.0,19.2,4,0,0.0,24.0,24.0,8.0,17.0,3.0,5.0,0.0,1.0,0.0,2023,37.0,22.0,47.0,31.9,
Sebastián Villa,COL,"FW,MF",26.0,18.9,1,1,0.0,11.0,57.0,8.0,150.0,10.0,15.0,0.0,0.0,0.0,2023,100.0,7.0,20.0,25.9,
Facundo Roncaglia,ARG,DF,35.0,15.7,7,1,1.0,21.0,6.0,0.0,4.0,26.0,18.0,0.0,0.0,0.0,2023,105.0,34.0,17.0,66.7,
Óscar Romero,PAR,"FW,MF",30.0,13.6,2,0,0.0,11.0,53.0,0.0,71.0,7.0,13.0,0.0,0.0,0.0,2023,92.0,8.0,14.0,36.4,
Edinson Cavani,URU,FW,35.0,12.6,3,0,0.0,15.0,14.0,11.0,0.0,3.0,9.0,0.0,0.0,0.0,2023,41.0,12.0,27.0,30.8,
Marcelo Saracchi,URU,DF,24.0,11.6,4,0,0.0,18.0,4.0,4.0,43.0,7.0,17.0,0.0,0.0,0.0,2023,76.0,7.0,6.0,53.8,
Luca Langoni,ARG,"FW,MF",20.0,10.3,1,0,0.0,8.0,16.0,3.0,25.0,2.0,5.0,0.0,0.0,0.0,2023,24.0,3.0,5.0,37.5,
Lucas Janson,ARG,"FW,MF",28.0,9.5,0,0,0.0,10.0,20.0,0.0,18.0,8.0,4.0,0.0,0.0,0.0,2023,21.0,14.0,22.0,38.9,
Marcos Rojo,ARG,DF,32.0,9.0,5,1,1.0,9.0,2.0,2.0,1.0,7.0,6.0,0.0,0.0,0.0,2023,40.0,24.0,8.0,75.0,
Javier Hernán García,ARG,GK,36.0,9.0,0,0,0.0,0.0,1.0,0.0,0.0,0.0,0.0,0.0,0.0,0.0,2023,10.0,3.0,0.0,100.0,
Juan Ramírez,ARG,"MF,FW",29.0,8.9,1,0,0.0,8.0,33.0,0.0,25.0,5.0,12.0,0.0,0.0,0.0,2023,60.0,9.0,8.0,52.9,
Jorman Campuzano,COL,MF,26.0,8.3,3,0,0.0,13.0,18.0,0.0,0.0,3.0,14.0,0.0,0.0,0.0,2023,77.0,12.0,12.0,50.0,
Exequiel Zeballos,ARG,"FW,DF",20.0,8.0,3,0,0.0,7.0,17.0,0.0,73.0,2.0,3.0,0.0,0.0,0.0,2023,35.0,2.0,7.0,22.2,
Martín Payero,ARG,MF,24.0,7.6,3,1,0.0,13.0,14.0,2.0,17.0,1.0,13.0,0.0,0.0,0.0,2023,44.0,8.0,7.0,53.3,
Norberto Briasco,ARM,FW,26.0,7.1,1,0,0.0,15.0,16.0,3.0,38.0,0.0,9.0,0.0,0.0,0.0,2023,32.0,4.0,18.0,18.2,
Lucas Blondel,SUI,DF,26.0,6.6,1,0,0.0,5.0,0.0,0.0,15.0,9.0,11.0,0.0,0.0,0.0,2023,55.0,15.0,4.0,78.9,
Luis Vázquez,ARG,FW,22.0,6.3,0,0,0.0,8.0,4.0,2.0,4.0,0.0,5.0,0.0,0.0,0.0,2023,17.0,20.0,8.0,71.4,
Agustín Sández,PAR,DF,22.0,5.4,2,0,0.0,11.0,4.0,0.0,24.0,4.0,8.0,0.0,1.0,0.0,2023,28.0,4.0,6.0,40.0,
Ezequiel Bullaude,ARG,"FW,MF",22.0,4.3,2,0,0.0,8.0,6.0,1.0,1.0,3.0,2.0,0.0,0.0,0.0,2023,33.0,4.0,5.0,44.4,
Aaron Anselmino,ARG,DF,17.0,3.3,2,0,0.0,3.0,3.0,0.0,0.0,4.0,5.0,0.0,0.0,0.0,2023,18.0,6.0,6.0,50.0,
Vicente Taborda,ARG,MF,21.0,2.4,0,0,0.0,2.0,7.0,0.0,28.0,1.0,8.0,0.0,0.0,0.0,2023,17.0,0.0,3.0,0.0,
Jabes Saralegui,ARG,MF,20.0,2.3,0,0,0.0,4.0,2.0,0.0,1.0,1.0,2.0,0.0,0.0,0.0,2023,11.0,0.0,3.0,0.0,
Esteban Rolón,ARG,FW,27.0,2.3,0,1,0.0,8.0,4.0,0.0,0.0,2.0,3.0,0.0,0.0,0.0,2023,26.0,5.0,3.0,62.5,
Nicolás Orsini,ARG,FW,28.0,2.3,0,0,0.0,1.0,3.0,0.0,2.0,1.0,1.0,0.0,0.0,0.0,2023,6.0,8.0,7.0,53.3,
Diego González,ARG,MF,34.0,1.2,1,0,0.0,3.0,0.0,0.0,1.0,2.0,1.0,0.0,0.0,0.0,2023,17.0,2.0,1.0,66.7,
Nahuel Génez,ARG,DF,19.0,1.0,0,0,0.0,0.0,0.0,0.0,5.0,0.0,1.0,0.0,0.0,0.0,2023,1.0,0.0,3.0,0.0,
Brandon Cortés,CHI,MF,21.0,0.2,0,0,0.0,0.0,0.0,0.0,1.0,1.0,0.0,0.0,0.0,0.0,2023,2.0,0.0,0.0,,
Gonzalo Morales,ARG,FW,19.0,0.1,0,0,0.0,0.0,0.0,0.0,0.0,0.0,0.0,0.0,0.0,0.0,2023,1.0,0.0,2.0,0.0,
Miguel Merentiel,URU,FW,27.0,38.3,7,0,0.0,25.0,25.0,10.0,60.0,8.0,9.0,0.0,0.0,0.0,2024,60.0,10.0,28.0,26.3,
Sergio Romero,ARG,GK,36.0,36.0,2,0,0.0,0.0,3.0,0.0,0.0,0.0,1.0,0.0,0.0,0.0,2024,11.0,3.0,0.0,100.0,
Lautaro Blanco,ARG,DF,24.0,35.0,9,1,1.0,37.0,21.0,1.0,255.0,27.0,67.0,0.0,0.0,0.0,2024,136.0,2.0,11.0,15.4,
Kevin Zenon,ARG,"MF,FW",22.0,33.9,3,0,0.0,18.0,55.0,5.0,263.0,11.0,15.0,0.0,0.0,0.0,2024,147.0,14.0,22.0,38.9,
Luis Advíncula,PER,DF,33.0,33.7,6,1,0.0,38.0,54.0,2.0,95.0,29.0,39.0,0.0,0.0,0.0,2024,123.0,20.0,27.0,42.6,
Guillermo Matías Fernández,ARG,MF,32.0,32.0,19,1,0.0,48.0,39.0,2.0,25.0,58.0,55.0,0.0,0.0,0.0,2024,170.0,12.0,14.0,46.2,
Cristian Lema,ARG,DF,33.0,29.2,11,1,1.0,37.0,23.0,2.0,2.0,51.0,37.0,0.0,1.0,0.0,2024,112.0,96.0,29.0,76.8,
Edinson Cavani,URU,FW,36.0,27.0,4,1,0.0,29.0,28.0,32.0,5.0,2.0,5.0,0.0,0.0,0.0,2024,49.0,20.0,34.0,37.0,
Jorge Figal,ARG,DF,29.0,25.3,10,0,0.0,22.0,14.0,1.0,10.0,21.0,25.0,0.0,2.0,0.0,2024,87.0,45.0,33.0,57.7,
Cristian Medina,ARG,MF,21.0,24.6,7,1,1.0,39.0,43.0,1.0,20.0,27.0,27.0,1.0,0.0,0.0,2024,101.0,7.0,13.0,35.0,
Marcos Rojo,ARG,DF,33.0,18.1,9,1,1.0,16.0,7.0,2.0,4.0,12.0,12.0,0.0,1.0,0.0,2024,56.0,46.0,19.0,70.8,
Marcelo Saracchi,URU,"DF,MF",25.0,15.3,6,1,1.0,24.0,13.0,1.0,57.0,35.0,19.0,0.0,1.0,0.0,2024,62.0,4.0,3.0,57.1,
Leandro Brey,ARG,GK,21.0,14.6,2,0,0.0,0.0,0.0,0.0,0.0,0.0,0.0,0.0,0.0,0.0,2024,19.0,3.0,0.0,100.0,
Jabes Saralegui,ARG,"MF,DF",21.0,14.4,1,0,0.0,11.0,20.0,1.0,38.0,8.0,9.0,0.0,0.0,0.0,2024,39.0,5.0,6.0,45.5,
Tomás Belmonte,ARG,MF,25.0,14.1,2,0,0.0,14.0,26.0,0.0,2.0,16.0,23.0,0.0,0.0,0.0,2024,72.0,31.0,20.0,60.8,
Lautaro Di Lollo,ARG,DF,19.0,14.0,2,0,0.0,12.0,8.0,0.0,1.0,10.0,27.0,0.0,0.0,0.0,2024,39.0,18.0,24.0,42.9,
Ezequiél Fernández,ARG,MF,21.0,13.9,4,0,0.0,23.0,32.0,2.0,2.0,13.0,25.0,0.0,0.0,0.0,2024,80.0,8.0,7.0,53.3,
Milton Giménez,ARG,FW,27.0,12.1,5,1,1.0,32.0,19.0,4.0,3.0,3.0,11.0,0.0,0.0,0.0,2024,28.0,30.0,41.0,42.3,
Aaron Anselmino,ARG,DF,18.0,12.0,2,0,0.0,18.0,8.0,0.0,0.0,21.0,18.0,0.0,0.0,0.0,2024,44.0,16.0,16.0,50.0,
Exequiel Zeballos,ARG,"MF,FW",21.0,11.9,3,0,0.0,13.0,28.0,8.0,59.0,3.0,6.0,0.0,0.0,0.0,2024,38.0,7.0,14.0,33.3,
Brian Aguirre,ARG,"FW,MF",20.0,9.9,1,0,0.0,20.0,17.0,0.0,52.0,2.0,8.0,0.0,0.0,0.0,2024,31.0,9.0,15.0,37.5,
Luca Langoni,ARG,FW,21.0,9.6,3,0,0.0,10.0,19.0,3.0,32.0,4.0,3.0,0.0,0.0,0.0,2024,26.0,0.0,8.0,0.0,
Ignacio Miramon,ARG,MF,20.0,8.8,3,0,0.0,11.0,15.0,0.0,15.0,13.0,16.0,0.0,0.0,0.0,2024,56.0,9.0,19.0,32.1,
Gary Medel,CHI,"DF,MF",36.0,7.8,6,0,0.0,11.0,9.0,0.0,0.0,9.0,6.0,0.0,0.0,0.0,2024,22.0,8.0,8.0,50.0,
Lucas Janson,ARG,"FW,MF",29.0,7.7,1,0,0.0,6.0,20.0,4.0,7.0,1.0,11.0,0.0,0.0,0.0,2024,13.0,9.0,10.0,47.4,
Frank Fabra,COL,"DF,MF",32.0,6.2,1,0,0.0,12.0,6.0,1.0,18.0,5.0,5.0,0.0,0.0,0.0,2024,13.0,14.0,5.0,73.7,
Milton Delgado,ARG,MF,18.0,6.0,2,1,0.0,14.0,17.0,0.0,0.0,7.0,16.0,0.0,0.0,0.0,2024,32.0,5.0,5.0,50.0,
Mauricio Benítez,ARG,MF,19.0,5.9,0,0,0.0,3.0,6.0,0.0,2.0,15.0,10.0,0.0,0.0,0.0,2024,16.0,4.0,4.0,50.0,
Nicolás Valentini,ARG,DF,22.0,5.8,1,0,0.0,8.0,3.0,0.0,0.0,3.0,2.0,0.0,0.0,0.0,2024,8.0,7.0,4.0,63.6,
Jorman Campuzano,COL,DF,27.0,5.8,3,0,0.0,10.0,4.0,0.0,0.0,8.0,10.0,0.0,0.0,0.0,2024,41.0,10.0,9.0,52.6,
Juan Barinaga,ARG,DF,23.0,5.3,2,0,0.0,5.0,6.0,0.0,14.0,8.0,4.0,0.0,0.0,0.0,2024,26.0,7.0,8.0,46.7,
Lucas Blondel,SUI,"DF,MF",27.0,4.7,0,0,0.0,5.0,6.0,0.0,15.0,5.0,10.0,0.0,0.0,0.0,2024,22.0,7.0,6.0,53.8,
Agustín Martegani,ARG,MF,23.0,4.3,0,0,0.0,8.0,9.0,0.0,10.0,5.0,8.0,0.0,0.0,0.0,2024,17.0,10.0,3.0,76.9,
Darío Benedetto,ARG,FW,33.0,3.7,0,0,0.0,5.0,4.0,3.0,2.0,0.0,0.0,0.0,0.0,0.0,2024,5.0,1.0,6.0,14.3,
Ezequiel Bullaude,ARG,"FW,MF",23.0,2.7,2,0,0.0,2.0,3.0,1.0,3.0,1.0,3.0,0.0,0.0,0.0,2024,17.0,2.0,5.0,28.6,
Mateo Mendía,ARG,DF,19.0,2.3,0,0,0.0,3.0,0.0,0.0,1.0,7.0,2.0,0.0,0.0,0.0,2024,6.0,7.0,2.0,77.8,
Julián Ceballos,ARG,MF,19.0,2.0,0,0,0.0,2.0,0.0,0.0,6.0,2.0,2.0,0.0,0.0,0.0,2024,2.0,1.0,0.0,100.0,
Norberto Briasco,ARM,"MF,FW",27.0,1.9,1,0,0.0,7.0,4.0,0.0,9.0,0.0,2.0,0.0,0.0,0.0,2024,3.0,3.0,2.0,60.0,
Juan Ramírez,ARG,MF,30.0,1.7,1,0,0.0,4.0,7.0,0.0,2.0,3.0,5.0,0.0,0.0,0.0,2024,4.0,3.0,1.0,75.0,
Vicente Taborda,ARG,MF,22.0,1.6,0,0,0.0,1.0,4.0,0.0,8.0,5.0,0.0,0.0,0.0,0.0,2024,7.0,1.0,1.0,50.0,
Javier Hernán García,ARG,GK,37.0,0.8,0,0,0.0,0.0,1.0,0.0,0.0,0.0,0.0,0.0,0.0,0.0,2024,0.0,0.0,0.0,,
Iker Zufiaurre,ARG,MF,18.0,0.7,0,0,0.0,0.0,0.0,0.0,2.0,0.0,5.0,0.0,0.0,0.0,2024,0.0,0.0,0.0,,
Dylan Gorosito,ARG,DF,17.0,0.5,1,0,0.0,1.0,0.0,0.0,1.0,0.0,1.0,0.0,0.0,0.0,2024,1.0,1.0,3.0,25.0,
Joaquín Ruíz,ARG,FW,17.0,0.2,0,0,0.0,0.0,2.0,0.0,0.0,0.0,0.0,0.0,0.0,0.0,2024,1.0,0.0,0.0,,
Walter Molas,ARG,DF,19.0,0.1,1,0,0.0,2.0,0.0,0.0,0.0,0.0,0.0,0.0,0.0,0.0,2024,0.0,0.0,0.0,,
Santiago Dalmasso,ARG,MF,19.0,0.1,0,0,0.0,0.0,0.0,0.0,0.0,0.0,0.0,0.0,0.0,0.0,2024,1.0,0.0,0.0,,
Agustín Marchesín,ARG,GK,37-249,32.0,3,0,0.0,2.0,10.0,0.0,0.0,0.0,1.0,0.0,2.0,0.0,2025,24.0,3.0,1.0,75.0,
Lautaro Blanco,ARG,DF,26-274,29.8,5,0,0.0,22.0,13.0,0.0,193.0,22.0,48.0,0.0,0.0,0.0,2025,115.0,13.0,8.0,61.9,
Rodrigo Battaglia,ARG,"DF,MF",34-131,24.9,5,0,0.0,32.0,37.0,0.0,7.0,15.0,25.0,0.0,0.0,0.0,2025,80.0,61.0,54.0,53.0,
Miguel Merentiel,URU,FW,29-269,24.1,2,0,0.0,25.0,18.0,3.0,24.0,2.0,6.0,0.0,0.0,0.0,2025,55.0,2.0,10.0,16.7,
Carlos Palacios,CHI,MF,25-123,23.1,5,0,0.0,26.0,40.0,2.0,30.0,4.0,11.0,0.0,0.0,0.0,2025,93.0,15.0,19.0,44.1,
Lautaro Di Lollo,ARG,DF,21-255,22.2,9,0,0.0,31.0,9.0,1.0,0.0,22.0,31.0,0.0,1.0,0.0,2025,94.0,61.0,40.0,60.4,
Ayrton Costa,ARG,DF,26-131,19.1,7,1,1.0,20.0,18.0,1.0,4.0,43.0,30.0,0.0,0.0,0.0,2025,57.0,32.0,24.0,57.1,
Milton Giménez,ARG,FW,29-100,17.3,6,0,0.0,33.0,23.0,10.0,5.0,5.0,12.0,0.0,0.0,0.0,2025,37.0,41.0,72.0,36.3,
Edinson Cavani,URU,FW,38-279,15.5,4,0,0.0,17.0,12.0,14.0,2.0,2.0,7.0,2.0,0.0,0.0,2025,39.0,17.0,28.0,37.8,
Juan Barinaga,ARG,DF,25-041,14.8,2,0,0.0,14.0,19.0,0.0,49.0,17.0,21.0,0.0,0.0,0.0,2025,61.0,15.0,9.0,62.5,
Luis Advíncula,PER,DF,35-263,14.7,4,0,0.0,27.0,13.0,2.0,37.0,8.0,17.0,0.0,0.0,0.0,2025,38.0,11.0,7.0,61.1,
Milton Delgado,ARG,MF,20-157,14.6,3,0,0.0,20.0,24.0,0.0,0.0,21.0,25.0,0.0,0.0,0.0,2025,100.0,13.0,12.0,52.0,
Alan Velasco,ARG,"MF,FW",23-116,13.8,5,0,0.0,23.0,36.0,0.0,44.0,11.0,15.0,0.0,0.0,0.0,2025,67.0,10.0,12.0,45.5,
Tomás Belmonte,ARG,MF,27-177,13.5,3,0,0.0,23.0,29.0,0.0,2.0,14.0,40.0,0.0,0.0,0.0,2025,54.0,17.0,14.0,54.8,
Leandro Paredes,ARG,MF,31-144,13.2,3,0,0.0,8.0,32.0,1.0,85.0,14.0,19.0,0.0,0.0,1.0,2025,78.0,10.0,2.0,83.3,
Kevin Zenon,ARG,"MF,FW",24-113,12.7,1,1,0.0,8.0,19.0,2.0,96.0,5.0,15.0,0.0,0.0,0.0,2025,51.0,6.0,10.0,37.5,
Exequiel Zeballos,ARG,"MF,FW",23-210,12.0,1,0,0.0,10.0,19.0,10.0,43.0,3.0,6.0,1.0,0.0,0.0,2025,42.0,3.0,15.0,16.7,
Marcos Rojo,ARG,DF,35-245,9.5,4,0,0.0,5.0,10.0,1.0,0.0,12.0,9.0,0.0,0.0,0.0,2025,25.0,17.0,16.0,51.5,
William Alarcón,CHI,MF,25-000,9.3,4,0,0.0,6.0,8.0,0.0,13.0,8.0,7.0,0.0,0.0,0.0,2025,29.0,7.0,5.0,58.3,
Brian Aguirre,ARG,"MF,FW",22-172,8.1,0,0,0.0,16.0,10.0,2.0,24.0,6.0,4.0,0.0,0.0,0.0,2025,36.0,7.0,9.0,43.8,
Marco Pellegrino,ARG,DF,23-125,7.0,2,0,0.0,6.0,1.0,0.0,0.0,12.0,4.0,0.0,0.0,0.0,2025,17.0,19.0,7.0,73.1,
Lucas Blondel,SUI,"DF,MF",29-067,6.1,1,0,0.0,2.0,4.0,0.0,15.0,5.0,6.0,0.0,0.0,0.0,2025,21.0,8.0,12.0,40.0,
Ander Herrera,ESP,MF,36-098,5.1,1,1,0.0,4.0,10.0,0.0,8.0,8.0,8.0,2.0,0.0,0.0,2025,27.0,6.0,4.0,60.0,
Marcelo Saracchi,URU,"DF,MF",27-211,4.1,1,0,0.0,4.0,4.0,0.0,15.0,8.0,6.0,0.0,0.0,0.0,2025,16.0,4.0,2.0,66.7,
Malcom Braida,ARG,"FW,MF",28-187,3.6,1,0,0.0,6.0,7.0,1.0,6.0,1.0,3.0,0.0,0.0,0.0,2025,8.0,9.0,4.0,69.2,
Camilo Rey,ARG,MF,19-255,3.4,0,0,0.0,4.0,5.0,0.0,1.0,7.0,4.0,0.0,0.0,0.0,2025,15.0,1.0,4.0,20.0,
Leandro Brey,ARG,GK,23-060,3.0,0,0,0.0,0.0,0.0,0.0,0.0,0.0,0.0,0.0,0.0,0.0,2025,3.0,1.0,0.0,100.0,
Jorge Figal,ARG,DF,31-231,2.8,0,1,0.0,1.0,1.0,0.0,1.0,0.0,5.0,0.0,0.0,0.0,2025,6.0,5.0,3.0,62.5,
Lucas Janson,ARG,"FW,MF",31-096,1.3,0,0,0.0,0.0,4.0,0.0,1.0,0.0,2.0,0.0,0.0,0.0,2025,5.0,2.0,2.0,50.0,
Frank Fabra,COL,DF,34-271,1.2,1,0,0.0,2.0,1.0,0.0,1.0,7.0,2.0,0.0,0.0,0.0,2025,4.0,1.0,3.0,25.0,
Ignacio Miramon,ARG,"MF,FW",22-161,1.1,1,0,0.0,2.0,5.0,0.0,2.0,1.0,5.0,0.0,0.0,0.0,2025,9.0,1.0,1.0,50.0,
Mateo Mendía,ARG,DF,21-290,1.0,0,0,0.0,1.0,1.0,0.0,0.0,1.0,2.0,0.0,0.0,0.0,2025,4.0,2.0,2.0,50.0,
Agustín Martegani,ARG,MF,25-184,0.6,0,0,0.0,1.0,1.0,0.0,1.0,0.0,0.0,0.0,0.0,0.0,2025,1.0,1.0,3.0,25.0,
Joaquín Ruíz,ARG,"MF,FW",19-122,0.3,0,0,0.0,1.0,1.0,0.0,0.0,1.0,1.0,0.0,0.0,0.0,2025,4.0,2.0,0.0,100.0,
Santiago Dalmasso,ARG,MF,21-155,0.1,0,0,0.0,0.0,0.0,0.0,0.0,0.0,1.0,0.0,0.0,0.0,2025,0.0,1.0,0.0,100.0,
