,date,competition,round,day,venue,result,goals_for,goals_against,opponent,possession,attendance,captain,formation,opponent_formation,referee,notes,season,time_local,xG,xGA
0,2014-09-04,Sudamericana,Second stage,Thu,Away,D,1.0,1.0,Rosario Central,,,Unknown,Unknown,Unknown,Mauro Vigliano,Leg 1 of 2,2014,21:15,,
1,2014-09-18,Sudamericana,Second stage,Thu,Home,W,3.0,0.0,Rosario Central,,,Unknown,Unknown,Unknown,Diego Abal,Leg 2 of 2; Boca Juniors won,2014,21:15,,
2,2014-10-15,Sudamericana,Round of 16,Wed,Home,L,0.0,1.0,Capiatá,,,Unknown,Unknown,Unknown,Sandro Ricci,Leg 1 of 2,2014,21:15,,
3,2014-10-23,Sudamericana,Round of 16,Thu,Away,W,1.0,0.0,Capiatá,,,Unknown,Unknown,Unknown,Wilmar Roldán,Leg 2 of 2; Boca Juniors won; Boca Juniors won on penalty kicks following extra time,2014,21:15,,
4,2014-10-30,Sudamericana,Quarter-finals,Thu,Home,W,1.0,0.0,Cerro Porteño,,,Unknown,Unknown,Unknown,Víctor Carrillo,Leg 1 of 2,2014,21:30,,
5,2014-11-06,Sudamericana,Quarter-finals,Thu,Away,W,4.0,1.0,Cerro Porteño,,,Unknown,Unknown,Unknown,Martín Vázquez,Leg 2 of 2; Boca Juniors won,2014,19:00,,
6,2014-11-20,Sudamericana,Semi-finals,Thu,Home,D,0.0,0.0,River Plate,,,Unknown,Unknown,Unknown,Silvio Trucco,Leg 1 of 2,2014,20:45,,
7,2014-11-27,Sudamericana,Semi-finals,Thu,Away,L,0.0,1.0,River Plate,,,Unknown,Unknown,Unknown,Germán Delfino,Leg 2 of 2; River Plate won,2014,20:45,,
8,2015-02-15,Primera Div,Matchweek 1,Sun,Home,W,3.0,1.0,Club Olimpo,,,Unknown,Unknown,Unknown,Fernando Echenique,No Notes,2015,18:15,,
9,2015-02-18,Libertadores,Second stage,Wed,Away,W,2.0,0.0,Palestino,,13382.0,Unknown,Unknown,Unknown,Wilmar Roldán,No Notes,2015,18:45,,
10,2015-02-22,Primera Div,Matchweek 2,Sun,Away,W,2.0,0.0,Temperley,,,Unknown,Unknown,Unknown,Fernando Rapallini,No Notes,2015,21:30,,
11,2015-02-26,Libertadores,Second stage,Thu,Home,W,2.0,1.0,Wanderers,,,Unknown,Unknown,Unknown,Ricardo Marques Ribeiro,No Notes,2015,20:15,,
12,2015-03-01,Primera Div,Matchweek 3,Sun,Home,W,1.0,0.0,Atlético Rafaela,,,Unknown,Unknown,Unknown,Darío Herrera,No Notes,2015,18:15,,
13,2015-03-08,Primera Div,Matchweek 4,Sun,Away,D,1.0,1.0,Colón,,,Unknown,Unknown,Unknown,Germán Delfino,No Notes,2015,21:30,,
14,2015-03-11,Libertadores,Second stage,Wed,Home,W,5.0,0.0,Zamora,,,Unknown,Unknown,Unknown,Hernando Buitrago,No Notes,2015,20:00,,
15,2015-03-14,Primera Div,Matchweek 5,Sat,Home,W,2.0,1.0,Defensa y Just,,,Unknown,Unknown,Unknown,Jorge Baliño,No Notes,2015,18:15,,
16,2015-03-17,Libertadores,Second stage,Tue,Away,W,5.0,1.0,Zamora,,,Unknown,Unknown,Unknown,Luiz Flávio de Oliveira,No Notes,2015,20:45,,
17,2015-03-22,Primera Div,Matchweek 6,Sun,Away,D,1.0,1.0,San Martín SJ,,,Unknown,Unknown,Unknown,Patricio Loustau,No Notes,2015,21:30,,
18,2015-03-29,Primera Div,Matchweek 7,Sun,Home,W,3.0,0.0,Estudiantes–LP,,,Unknown,Unknown,Unknown,Diego Abal,No Notes,2015,18:15,,
19,2015-04-05,Primera Div,Matchweek 8,Sun,Away,W,2.0,0.0,Huracán,,,Unknown,Unknown,Unknown,Fernando Rapallini,No Notes,2015,18:15,,
20,2015-04-09,Libertadores,Second stage,Thu,Away,W,3.0,0.0,Wanderers,,,Unknown,Unknown,Unknown,Sandro Ricci,No Notes,2015,21:45,,
21,2015-04-12,Primera Div,Matchweek 9,Sun,Home,D,0.0,0.0,Nueva Chicago,,,Unknown,Unknown,Unknown,Mauro Vigliano,No Notes,2015,18:15,,
22,2015-04-16,Libertadores,Second stage,Thu,Home,W,2.0,0.0,Palestino,,45000.0,Unknown,Unknown,Unknown,Wilton Sampaio,No Notes,2015,19:45,,
23,2015-04-19,Primera Div,Matchweek 10,Sun,Away,W,3.0,1.0,Lanús,,,Unknown,Unknown,Unknown,Fernando Echenique,No Notes,2015,21:30,,
24,2015-05-03,Primera Div,Matchweek 11,Sun,Home,W,2.0,0.0,River Plate,,,Unknown,Unknown,Unknown,Patricio Loustau,No Notes,2015,18:15,,
25,2015-05-07,Libertadores,Round of 16,Thu,Away,L,0.0,1.0,River Plate,,,Unknown,Unknown,Unknown,Germán Delfino,Leg 1 of 2,2015,21:00,,
26,2015-05-10,Primera Div,Matchweek 12,Sun,Away,D,1.0,1.0,Independiente,,,Unknown,Unknown,Unknown,Silvio Trucco,No Notes,2015,21:30,,
27,2015-05-14,Libertadores,Round of 16,Thu,Home,L,0.0,3.0,River Plate,,,Unknown,Unknown,Unknown,Darío Herrera,Leg 2 of 2; River Plate won; Match awarded to River Plate,2015,21:00,,
28,2015-05-24,Primera Div,Matchweek 13,Sun,Home,L,0.0,3.0,Aldosivi,,,Unknown,Unknown,Unknown,Pablo Díaz,No Notes,2015,18:15,,
29,2015-05-31,Primera Div,Matchweek 14,Sun,Away,L,0.0,2.0,Vélez Sarsfield,,,Unknown,Unknown,Unknown,Patricio Loustau,No Notes,2015,21:30,,
30,2015-06-07,Primera Div,Matchweek 15,Sun,Home,W,4.0,0.0,Newell's OB,,,Unknown,Unknown,Unknown,Diego Ceballos,No Notes,2015,18:15,,
31,2015-07-12,Primera Div,Matchweek 16,Sun,Away,W,1.0,0.0,Sarmiento,,,Unknown,Unknown,Unknown,Federico Beligoy,No Notes,2015,21:30,,
32,2015-07-18,Primera Div,Matchweek 17,Sat,Home,W,2.0,1.0,Quilmes,,,Unknown,Unknown,Unknown,Patricio Loustau,No Notes,2015,16:10,,
33,2015-07-26,Primera Div,Matchweek 18,Sun,Away,W,1.0,0.0,Belgrano,,,Unknown,Unknown,Unknown,Diego Abal,No Notes,2015,21:30,,
34,2015-08-02,Primera Div,Matchweek 19,Sun,Home,L,3.0,4.0,Unión,,,Unknown,Unknown,Unknown,Jorge Baliño,No Notes,2015,18:15,,
35,2015-08-16,Primera Div,Matchweek 20,Sun,Away,W,2.0,1.0,Arsenal,,,Unknown,Unknown,Unknown,Mauro Vigliano,No Notes,2015,21:30,,
36,2015-08-23,Primera Div,Matchweek 21,Sun,Home,W,2.0,0.0,Godoy Cruz,,,Unknown,Unknown,Unknown,Saúl Laverni,No Notes,2015,18:15,,
37,2015-08-29,Primera Div,Matchweek 22,Sat,Away,W,2.0,1.0,Gimnasia–LP,,,Unknown,Unknown,Unknown,Diego Ceballos,No Notes,2015,18:15,,
38,2015-09-06,Primera Div,Matchweek 23,Sun,Home,L,0.0,1.0,San Lorenzo,,,Unknown,Unknown,Unknown,Fernando Echenique,No Notes,2015,18:15,,
39,2015-09-13,Primera Div,Matchweek 24,Sun,Away,W,1.0,0.0,River Plate,,,Unknown,Unknown,Unknown,Darío Herrera,No Notes,2015,18:15,,
40,2015-09-19,Primera Div,Matchweek 25,Sat,Away,W,3.0,1.0,Arg Juniors,,,Unknown,Unknown,Unknown,Luís Álvarez,No Notes,2015,16:30,,
41,2015-09-27,Primera Div,Matchweek 26,Sun,Home,W,3.0,0.0,Banfield,,,Unknown,Unknown,Unknown,Silvio Trucco,No Notes,2015,18:15,,
42,2015-10-04,Primera Div,Matchweek 27,Sun,Home,W,1.0,0.0,Crucero,,,Unknown,Unknown,Unknown,Mauro Vigliano,No Notes,2015,18:30,,
43,2015-10-18,Primera Div,Matchweek 28,Sun,Away,L,1.0,3.0,Racing Club,,,Unknown,Unknown,Unknown,Patricio Loustau,No Notes,2015,21:30,,
44,2015-11-01,Primera Div,Matchweek 29,Sun,Home,W,1.0,0.0,Tigre,,,Unknown,Unknown,Unknown,Federico Beligoy,No Notes,2015,18:00,,
45,2015-11-08,Primera Div,Matchweek 30,Sun,Away,L,1.0,3.0,Rosario Central,,,Unknown,Unknown,Unknown,Mauro Vigliano,No Notes,2015,18:15,,
46,2016-08-28,Primera Div,Matchweek 1,Sun,Away,L,0.0,1.0,Lanús,50.0,,Carlos Tevez,4-2-3-1,4-3-3,Diego Abal,No Notes,2016,20:00,0.0,0.0
47,2016-09-11,Primera Div,Matchweek 2,Sun,Home,W,3.0,0.0,Belgrano,48.0,,Carlos Tevez,4-2-3-1,4-1-4-1,Germán Delfino,No Notes,2016,18:00,0.0,0.0
48,2016-09-18,Primera Div,Matchweek 3,Sun,Away,D,1.0,1.0,Godoy Cruz,54.0,,Pablo Pérez,4-2-3-1,4-1-3-2,Patricio Loustau,No Notes,2016,16:00,0.0,0.0
49,2016-09-25,Primera Div,Matchweek 4,Sun,Home,W,4.0,1.0,Quilmes,68.0,,Pablo Pérez,4-2-3-1,4-1-4-1,Néstor Pitana,No Notes,2016,18:00,0.0,0.0
50,2016-10-02,Primera Div,Matchweek 5,Sun,Away,D,1.0,1.0,Tigre,64.0,,Pablo Pérez,4-2-3-1,4-2-3-1,Federico Beligoy,No Notes,2016,20:00,0.0,0.0
51,2016-10-16,Primera Div,Matchweek 6,Sun,Home,W,2.0,0.0,Sarmiento,69.0,,Pablo Pérez,4-2-3-1,4-1-4-1,Fernando Echenique,No Notes,2016,16:00,0.0,0.0
52,2016-10-23,Primera Div,Matchweek 7,Sun,Away,D,2.0,2.0,Atlé Tucumán,52.0,,Pablo Pérez,4-3-3,4-4-2,Diego Abal,No Notes,2016,20:00,0.0,0.0
53,2016-10-29,Primera Div,Matchweek 8,Sat,Home,W,4.0,0.0,Temperley,55.0,,Pablo Pérez,4-2-3-1,4-4-1-1,Saúl Laverni,No Notes,2016,16:00,0.0,0.0
54,2016-11-06,Primera Div,Matchweek 9,Sun,Away,W,3.0,0.0,Gimnasia–LP,60.0,,Pablo Pérez,4-2-3-1,4-3-1-2,Jorge Baliño,No Notes,2016,20:00,0.0,0.0
55,2016-11-20,Primera Div,Matchweek 10,Sun,Home,D,1.0,1.0,Rosario Central,51.0,,Pablo Pérez,4-2-3-1,4-1-2-1-2,Darío Herrera,No Notes,2016,18:30,0.0,0.0
56,2016-11-27,Primera Div,Matchweek 11,Sun,Away,W,2.0,1.0,San Lorenzo,46.0,,Fernando Gago,4-3-1-2,4-2-3-1,Fernando Espinoza,No Notes,2016,18:30,0.0,0.0
57,2016-12-04,Primera Div,Matchweek 12,Sun,Home,W,4.0,2.0,Racing Club,54.0,,Fernando Gago,4-3-1-2,4-4-2,Patricio Loustau,No Notes,2016,18:00,0.0,0.0
58,2016-12-11,Primera Div,Matchweek 13,Sun,Away,W,4.0,2.0,River Plate,44.0,,Fernando Gago,4-3-1-2,4-2-3-1,Diego Abal,No Notes,2016,17:00,0.0,0.0
59,2016-12-18,Primera Div,Matchweek 14,Sun,Home,W,4.0,1.0,Colón,62.0,,Carlos Tevez,4-2-3-1,4-1-4-1,Saúl Laverni,No Notes,2016,18:30,0.0,0.0
60,2017-03-11,Primera Div,Matchweek 15,Sat,Away,W,2.0,0.0,Banfield,53.0,,Fernando Gago,4-3-3,4-2-3-1,Darío Herrera,No Notes,2016,19:10,0.0,0.0
61,2017-03-19,Primera Div,Matchweek 16,Sun,Home,L,1.0,2.0,Talleres,54.0,,Fernando Gago,4-3-3,4-2-3-1,Ariel Penel,No Notes,2016,19:30,0.0,0.0
62,2017-03-26,Primera Div,Matchweek 17,Sun,Away,W,2.0,1.0,San Martín SJ,57.0,,Fernando Gago,4-3-3,5-4-1,Fernando Espinoza,No Notes,2016,16:30,0.0,0.0
63,2017-04-01,Primera Div,Matchweek 18,Sat,Home,W,1.0,0.0,Defensa y Just,57.0,,Pablo Pérez,4-3-3,3-4-1-2,Juan Pompei,No Notes,2016,20:00,0.0,0.0
64,2017-04-09,Primera Div,Matchweek 19,Sun,Away,W,3.0,1.0,Vélez Sarsfield,65.0,,Pablo Pérez,4-3-3,4-1-4-1,Patricio Loustau,No Notes,2016,20:15,0.0,0.0
65,2017-04-16,Primera Div,Matchweek 20,Sun,Home,D,1.0,1.0,Patronato,65.0,,Pablo Pérez,4-3-3,4-1-4-1,Germán Delfino,No Notes,2016,18:15,0.0,0.0
66,2017-04-23,Primera Div,Matchweek 21,Sun,Away,D,0.0,0.0,Atlético Rafaela,56.0,,Pablo Pérez,4-3-3,4-4-1-1,Facundo Tello,No Notes,2016,16:15,0.0,0.0
67,2017-04-30,Primera Div,Matchweek 22,Sun,Home,W,3.0,0.0,Arsenal,63.0,,Fernando Gago,4-3-1-2,4-2-3-1,Darío Herrera,No Notes,2016,19:10,0.0,0.0
68,2017-05-06,Primera Div,Matchweek 23,Sat,Away,D,0.0,0.0,Estudiantes–LP,49.0,,Fernando Gago,4-3-3,4-1-4-1,Silvio Trucco,No Notes,2016,20:15,0.0,0.0
69,2017-05-14,Primera Div,Matchweek 24,Sun,Home,L,1.0,3.0,River Plate,59.0,,Fernando Gago,4-3-3,4-2-2-2,Patricio Loustau,No Notes,2016,17:00,0.0,0.0
70,2017-05-20,Primera Div,Matchweek 25,Sat,Home,W,1.0,0.0,Newell's OB,48.0,,Fernando Gago,4-1-4-1,4-3-2-1,Germán Delfino,No Notes,2016,18:00,0.0,0.0
71,2017-05-27,Primera Div,Matchweek 26,Sat,Away,D,1.0,1.0,Huracán,53.0,,Fernando Gago,4-1-4-1,4-2-3-1,Darío Herrera,No Notes,2016,19:30,0.0,0.0
72,2017-06-04,Primera Div,Matchweek 27,Sun,Home,W,3.0,0.0,Independiente,45.0,,Fernando Gago,4-3-3,4-2-3-1,Fernando Rapallini,No Notes,2016,19:00,0.0,0.0
73,2017-06-17,Primera Div,Matchweek 28,Sat,Away,W,4.0,0.0,Aldosivi,61.0,,Fernando Gago,4-3-3,4-4-2,Patricio Loustau,No Notes,2016,17:45,0.0,0.0
74,2017-06-21,Primera Div,Matchweek 29,Wed,Away,D,2.0,2.0,Club Olimpo,60.0,,Fernando Gago,4-3-3,4-4-2,Federico Beligoy,No Notes,2016,19:45,0.0,0.0
75,2017-06-25,Primera Div,Matchweek 30,Sun,Home,W,2.0,1.0,Unión,58.0,,Fernando Gago,4-3-3,4-2-3-1,Mauro Vigliano,No Notes,2016,16:15,0.0,0.0
76,2017-08-27,Liga Argentina,Matchweek 1,Sun,Home,W,3.0,0.0,Club Olimpo,70.0,,Fernando Gago,4-3-3,4-4-2,Néstor Pitana,No Notes,2017,18:05,2.9,0.5
77,2017-09-10,Liga Argentina,Matchweek 2,Sun,Away,W,1.0,0.0,Lanús,56.0,,Fernando Gago,4-3-3,4-3-3,Fernando Echenique,No Notes,2017,20:05,0.5,0.4
78,2017-09-17,Liga Argentina,Matchweek 3,Sun,Home,W,4.0,1.0,Godoy Cruz,60.0,,Fernando Gago,4-3-3,4-4-2,Germán Delfino,No Notes,2017,18:05,1.7,1.6
79,2017-09-23,Liga Argentina,Matchweek 4,Sat,Away,W,4.0,0.0,Vélez Sarsfield,45.0,,Fernando Gago,4-3-3,4-4-2,Fernando Espinoza,No Notes,2017,18:05,2.2,0.4
80,2017-10-01,Liga Argentina,Matchweek 5,Sun,Home,W,1.0,0.0,Chacarita,36.0,,Fernando Gago,4-3-3,4-3-3,Néstor Pitana,No Notes,2017,18:05,0.8,0.3
81,2017-10-15,Liga Argentina,Matchweek 6,Sun,Away,W,2.0,0.0,Patronato,62.0,,Pablo Pérez,4-3-3,4-4-2,Facundo Tello,No Notes,2017,20:05,2.1,0.8
82,2017-10-29,Liga Argentina,Matchweek 7,Sun,Home,W,4.0,0.0,Belgrano,55.0,,Pablo Pérez,4-3-3,4-2-3-1,Silvio Trucco,No Notes,2017,18:05,2.2,0.6
83,2017-11-05,Liga Argentina,Matchweek 8,Sun,Away,W,2.0,1.0,River Plate,38.0,,Pablo Pérez,4-3-3,4-3-2-1,Néstor Pitana,No Notes,2017,18:05,1.0,0.6
84,2017-11-19,Liga Argentina,Matchweek 9,Sun,Home,L,1.0,2.0,Racing Club,72.0,,Pablo Pérez,4-3-3,4-4-2,Darío Herrera,No Notes,2017,19:15,1.4,0.9
85,2017-11-26,Liga Argentina,Matchweek 10,Sun,Away,L,0.0,1.0,Rosario Central,60.0,,Pablo Pérez,4-3-3,4-4-2,Patricio Loustau,No Notes,2017,21:30,0.9,1.5
86,2017-12-03,Liga Argentina,Matchweek 11,Sun,Home,W,2.0,0.0,Arsenal,56.0,,Santiago Vergini,4-3-3,4-4-1-1,Facundo Tello,No Notes,2017,19:15,1.5,0.4
87,2017-12-10,Liga Argentina,Matchweek 12,Sun,Away,W,1.0,0.0,Estudiantes–LP,60.0,,Pablo Pérez,4-3-3,4-2-3-1,Fernando Espinoza,No Notes,2017,21:30,1.0,1.6
88,2018-01-27,Liga Argentina,Matchweek 13,Sat,Home,W,2.0,0.0,Colón,51.0,,Carlos Tevez,4-2-3-1,4-4-1-1,Federico Beligoy,No Notes,2017,21:30,1.7,0.5
89,2018-02-04,Liga Argentina,Matchweek 14,Sun,Away,D,1.0,1.0,San Lorenzo,64.0,,Pablo Pérez,4-3-3,4-2-3-1,Silvio Trucco,No Notes,2017,19:15,1.1,1.2
90,2018-02-11,Liga Argentina,Matchweek 15,Sun,Home,W,1.0,0.0,Temperley,59.0,,Carlos Tevez,4-1-2-1-2◆,4-4-1-1,Ariel Penel,No Notes,2017,19:15,1.9,0.4
91,2018-02-18,Liga Argentina,Matchweek 16,Sun,Away,W,1.0,0.0,Banfield,65.0,,Carlos Tevez,4-3-3,4-1-4-1,Mauro Vigliano,No Notes,2017,21:30,1.3,0.4
92,2018-02-25,Liga Argentina,Matchweek 17,Sun,Home,W,4.0,2.0,San Martín SJ,50.0,,Carlos Tevez,4-3-3,4-3-3,Diego Abal,No Notes,2017,19:15,3.6,1.3
93,2018-03-05,Liga Argentina,Matchweek 18,Mon,Away,L,0.0,2.0,Arg Juniors,52.0,,Santiago Vergini,4-3-3,4-2-3-1,Andrés Merlos,No Notes,2017,21:15,1.1,2.1
94,2018-03-10,Liga Argentina,Matchweek 19,Sat,Home,W,2.0,1.0,Tigre,57.0,,Pablo Pérez,4-3-3,4-2-3-1,Germán Delfino,No Notes,2017,19:15,2.5,0.2
95,2018-03-18,Liga Argentina,Matchweek 20,Sun,Away,D,1.0,1.0,Atlé Tucumán,67.0,,Pablo Pérez,4-1-2-1-2◆,4-4-2,Darío Herrera,No Notes,2017,17:45,2.5,0.7
96,2018-04-01,Liga Argentina,Matchweek 21,Sun,Home,W,2.0,1.0,Talleres,55.0,,Pablo Pérez,4-3-1-2,4-3-3,Federico Beligoy,No Notes,2017,17:45,1.7,0.6
97,2018-04-07,Liga Argentina,Matchweek 22,Sat,Home,L,1.0,2.0,Defensa y Just,71.0,,Paolo Goltz,4-3-3,4-3-3,Fernando Rapallini,No Notes,2017,20:00,1.6,1.3
98,2018-04-15,Liga Argentina,Matchweek 23,Sun,Away,L,0.0,1.0,Independiente,53.0,,Pablo Pérez,4-3-3,4-2-3-1,Ariel Penel,No Notes,2017,20:00,1.0,1.6
99,2018-04-22,Liga Argentina,Matchweek 24,Sun,Home,W,3.0,1.0,Newell's OB,45.0,,Carlos Tevez,4-2-3-1,4-3-3,Juan Pompei,No Notes,2017,20:00,2.2,1.1
100,2018-05-06,Liga Argentina,Matchweek 26,Sun,Home,W,2.0,0.0,Unión,58.0,,Carlos Tevez,4-1-2-1-2◆,4-4-2,Germán Delfino,No Notes,2017,17:45,2.5,0.7
101,2018-05-09,Liga Argentina,Matchweek 25,Wed,Away,D,2.0,2.0,Gimnasia–LP,50.0,,Carlos Tevez,4-1-2-1-2◆,4-2-3-1,Facundo Tello,No Notes,2017,19:15,1.1,1.5
102,2018-05-12,Liga Argentina,Matchweek 27,Sat,Away,D,3.0,3.0,Huracán,49.0,,Fernando Gago,4-3-3,4-2-3-1,Fernando Rapallini,No Notes,2017,11:00,1.9,4.4
103,2018-08-12,Liga Argentina,Matchweek 1,Sun,Home,W,1.0,0.0,Talleres,47.0,,Pablo Pérez,4-1-2-1-2◆,4-3-3,Facundo Tello,No Notes,2018,11:00,2.1,0.5
104,2018-08-20,Liga Argentina,Matchweek 2,Mon,Away,L,0.0,2.0,Estudiantes–LP,50.0,,Pablo Pérez,4-3-3,4-1-4-1,Diego Abal,No Notes,2018,15:30,1.2,0.8
105,2018-08-26,Liga Argentina,Matchweek 3,Sun,Away,D,0.0,0.0,Huracán,54.0,,Fernando Gago,4-3-3,4-2-3-1,Germán Delfino,No Notes,2018,20:00,0.5,0.9
106,2018-09-02,Liga Argentina,Matchweek 4,Sun,Home,W,3.0,0.0,Vélez Sarsfield,38.0,,Carlos Tevez,4-2-3-1,4-2-3-1,Fernando Echenique,No Notes,2018,20:00,1.5,0.5
107,2018-09-15,Liga Argentina,Matchweek 5,Sat,Away,W,1.0,0.0,Arg Juniors,42.0,,Pablo Pérez,4-2-3-1,4-2-3-1,Andrés Merlos,No Notes,2018,20:00,1.4,1.4
108,2018-09-23,Liga Argentina,Matchweek 6,Sun,Home,L,0.0,2.0,River Plate,52.0,,Carlos Tevez,4-3-1-2,4-3-1-2,Mauro Vigliano,No Notes,2018,17:45,1.3,0.3
109,2018-09-30,Liga Argentina,Matchweek 7,Sun,Home,W,3.0,1.0,Colón,49.0,,Fernando Gago,4-3-3,5-4-1,Germán Delfino,No Notes,2018,20:00,2.5,1.2
110,2018-10-07,Liga Argentina,Matchweek 8,Sun,Away,D,2.0,2.0,Racing Club,58.0,,Fernando Gago,4-3-1-2,4-1-3-2,Darío Herrera,No Notes,2018,19:00,1.2,2.0
111,2018-10-20,Liga Argentina,Matchweek 9,Sat,Home,D,0.0,0.0,Rosario Central,65.0,,Fernando Gago,4-2-3-1,4-2-3-1,Facundo Tello,No Notes,2018,17:45,1.1,1.1
112,2018-10-27,Liga Argentina,Matchweek 10,Sat,Away,L,1.0,2.0,Gimnasia–LP,61.0,,Fernando Gago,4-3-3,4-4-2,Jorge Baliño,No Notes,2018,17:15,0.4,1.7
113,2018-11-03,Liga Argentina,Matchweek 11,Sat,Home,W,4.0,1.0,Tigre,59.0,,Fernando Gago,4-2-3-1,4-4-1-1,Germán Delfino,No Notes,2018,20:00,1.9,1.1
114,2018-11-17,Liga Argentina,Matchweek 13,Sat,Home,W,1.0,0.0,Patronato,70.0,,Fernando Gago,4-2-3-1,4-1-4-1,Diego Abal,No Notes,2018,17:10,1.4,0.8
115,2018-12-02,Liga Argentina,Matchweek 14,Sun,Away,W,1.0,0.0,Independiente,39.0,,Fernando Gago,4-3-3,4-2-3-1,Darío Herrera,No Notes,2018,19:20,0.2,1.8
116,2019-01-27,Liga Argentina,Matchweek 16,Sun,Away,D,1.0,1.0,Newell's OB,50.0,,Carlos Tevez,4-2-3-1,4-2-3-1,Andrés Merlos,No Notes,2018,21:30,1.7,0.4
117,2019-01-31,Liga Argentina,Matchweek 12,Thu,Away,W,4.0,0.0,San Martín SJ,57.0,,Carlos Izquierdoz,4-2-3-1,4-1-4-1,Diego Abal,No Notes,2018,21:00,2.0,0.8
118,2019-02-03,Liga Argentina,Matchweek 17,Sun,Home,W,2.0,0.0,Godoy Cruz,54.0,,Carlos Tevez,4-2-3-1,3-1-4-2,Silvio Trucco,No Notes,2018,17:10,2.3,1.1
119,2019-02-10,Liga Argentina,Matchweek 18,Sun,Away,D,1.0,1.0,Belgrano,60.0,,Darío Benedetto,4-4-1-1,4-1-4-1,Ariel Penel,No Notes,2018,21:30,1.5,0.9
120,2019-02-17,Liga Argentina,Matchweek 19,Sun,Home,W,2.0,1.0,Lanús,49.0,,Darío Benedetto,4-3-3,5-3-2,Patricio Loustau,No Notes,2018,19:20,1.6,1.0
121,2019-02-20,Liga Argentina,Matchweek 15,Wed,Home,L,1.0,2.0,Atlé Tucumán,71.0,,Carlos Tevez,4-2-3-1,4-4-2,Germán Delfino,No Notes,2018,21:00,1.6,1.0
122,2019-02-24,Liga Argentina,Matchweek 20,Sun,Away,W,1.0,0.0,Defensa y Just,35.0,,Carlos Tevez,4-3-2-1,4-3-3,Fernando Echenique,No Notes,2018,21:30,0.2,1.3
123,2019-03-01,Liga Argentina,Matchweek 21,Fri,Away,W,3.0,1.0,Unión,65.0,,Carlos Izquierdoz,4-4-2,4-4-1-1,Andrés Merlos,No Notes,2018,21:10,2.3,1.1
124,2019-03-09,Liga Argentina,Matchweek 22,Sat,Home,W,3.0,0.0,San Lorenzo,43.0,,Carlos Izquierdoz,4-2-2-2,4-1-4-1,Facundo Tello,No Notes,2018,21:30,1.9,0.2
125,2019-03-17,Liga Argentina,Matchweek 23,Sun,Away,W,4.0,1.0,San Martin,53.0,,Carlos Izquierdoz,4-4-2,4-4-2,Mauro Vigliano,No Notes,2018,20:00,3.0,2.3
126,2019-03-29,Liga Argentina,Matchweek 24,Fri,Home,W,2.0,0.0,Banfield,45.0,,Carlos Tevez,4-2-3-1,4-1-4-1,Pablo Echavarría,No Notes,2018,21:10,2.1,0.8
127,2019-04-06,Liga Argentina,Matchweek 25,Sat,Away,D,1.0,1.0,Aldosivi,54.0,,Carlos Izquierdoz,4-4-2,4-3-3,Diego Abal,No Notes,2018,20:00,0.8,0.8
128,2019-07-28,Liga Argentina,Matchweek 1,Sun,Home,D,0.0,0.0,Huracán,66.0,,Carlos Tevez,4-4-2,4-1-4-1,Diego Abal,No Notes,2019,20:00,1.6,0.7
129,2019-08-04,Liga Argentina,Matchweek 2,Sun,Away,W,2.0,0.0,Patronato,66.0,,Carlos Tevez,4-4-1-1,4-4-2,Fernando Rapallini,No Notes,2019,20:00,1.3,0.4
130,2019-08-18,Liga Argentina,Matchweek 3,Sun,Home,W,2.0,0.0,Aldosivi,44.0,,Carlos Tevez,4-4-1-1,4-3-3,Mauro Vigliano,No Notes,2019,20:00,2.1,0.5
131,2019-08-25,Liga Argentina,Matchweek 4,Sun,Away,W,1.0,0.0,Banfield,34.0,,Paolo Goltz,4-4-2,4-3-3,Fernando Echenique,No Notes,2019,20:00,0.1,1.5
132,2019-09-01,Liga Argentina,Matchweek 5,Sun,Away,D,0.0,0.0,River Plate,37.0,,Carlos Izquierdoz,4-1-4-1,4-4-2,Fernando Rapallini,No Notes,2019,17:00,0.2,1.0
133,2019-09-15,Liga Argentina,Matchweek 6,Sun,Home,W,1.0,0.0,Estudiantes–LP,42.0,,Carlos Izquierdoz,4-2-3-1,3-1-4-2,Facundo Tello,No Notes,2019,20:00,2.2,0.7
134,2019-09-21,Liga Argentina,Matchweek 7,Sat,Away,W,2.0,0.0,San Lorenzo,41.0,,Carlos Izquierdoz,4-1-4-1,4-2-3-1,Mauro Vigliano,No Notes,2019,17:45,1.8,0.8
135,2019-09-28,Liga Argentina,Matchweek 8,Sat,Home,D,1.0,1.0,Newell's OB,48.0,,Carlos Izquierdoz,4-4-1-1,4-3-3,Darío Herrera,No Notes,2019,20:00,1.1,0.8
136,2019-10-06,Liga Argentina,Matchweek 9,Sun,Away,W,1.0,0.0,Defensa y Just,39.0,,Carlos Izquierdoz,4-2-3-1,4-4-2,Pablo Echavarría,No Notes,2019,20:00,0.6,1.5
137,2019-10-18,Liga Argentina,Matchweek 10,Fri,Home,L,0.0,1.0,Racing Club,53.0,,Paolo Goltz,4-1-4-1,4-1-3-2,Fernando Echenique,No Notes,2019,21:10,0.9,1.4
138,2019-10-31,Liga Argentina,Matchweek 11,Thu,Away,L,1.0,2.0,Lanús,56.0,,Carlos Izquierdoz,4-4-1-1,4-3-3,Fernando Rapallini,No Notes,2019,21:20,1.0,1.0
139,2019-11-03,Liga Argentina,Matchweek 12,Sun,Home,W,5.0,1.0,Arsenal,50.0,,Carlos Tevez,4-4-1-1,4-3-1-2,Pablo Echavarría,No Notes,2019,11:00,3.5,1.9
140,2019-11-10,Liga Argentina,Matchweek 13,Sun,Away,D,0.0,0.0,Vélez Sarsfield,38.0,,Carlos Izquierdoz,4-4-1-1,4-2-3-1,Patricio Loustau,No Notes,2019,20:00,1.5,0.9
141,2019-11-24,Liga Argentina,Matchweek 14,Sun,Home,W,2.0,0.0,Unión,59.0,,Ramón Ábila,4-2-3-1,4-4-1-1,Facundo Tello,No Notes,2019,17:10,3.1,0.3
142,2019-11-30,Liga Argentina,Matchweek 15,Sat,Home,D,1.0,1.0,Arg Juniors,54.0,,Ramón Ábila,4-1-4-1,4-2-3-1,Andrés Merlos,No Notes,2019,19:40,1.1,0.6
143,2019-12-08,Liga Argentina,Matchweek 16,Sun,Away,L,0.0,1.0,Rosario Central,59.0,,Carlos Izquierdoz,4-4-1-1,4-2-3-1,Diego Abal,No Notes,2019,19:40,1.8,2.3
144,2020-01-26,Liga Argentina,Matchweek 17,Sun,Home,D,0.0,0.0,Independiente,49.0,,Carlos Tevez,4-1-3-2,4-4-2,Fernando Echenique,No Notes,2019,21:45,0.5,0.8
145,2020-02-02,Liga Argentina,Matchweek 18,Sun,Away,W,2.0,1.0,Talleres,47.0,,Carlos Tevez,4-1-3-2,3-4-3,Fernando Rapallini,No Notes,2019,21:45,2.3,1.4
146,2020-02-08,Liga Argentina,Matchweek 19,Sat,Home,W,2.0,0.0,Atlé Tucumán,58.0,,Carlos Tevez,4-1-3-2,4-4-2,Mauro Vigliano,No Notes,2019,21:45,2.6,1.0
147,2020-02-16,Liga Argentina,Matchweek 20,Sun,Away,W,4.0,0.0,Cen. Córdoba–SdE,54.0,,Carlos Tevez,4-1-3-2,4-4-2,Facundo Tello,No Notes,2019,21:50,2.8,0.6
148,2020-02-23,Liga Argentina,Matchweek 21,Sun,Home,W,3.0,0.0,Godoy Cruz,66.0,,Carlos Tevez,4-1-3-2,4-1-4-1,Nicolás Lamolina,No Notes,2019,19:40,1.4,0.8
149,2020-02-28,Liga Argentina,Matchweek 22,Fri,Away,W,4.0,0.0,Colón,61.0,,Carlos Tevez,4-1-3-2,4-1-4-1,Diego Abal,No Notes,2019,21:10,1.4,0.8
150,2020-03-07,Liga Argentina,Matchweek 23,Sat,Home,W,1.0,0.0,Gimnasia–LP,63.0,,Carlos Tevez,4-1-3-2,4-4-1-1,Facundo Tello,No Notes,2019,21:00,1.1,0.9
151,2020-03-03,Libertadores,Group stage,Tue,Away,D,1.0,1.0,Caracas,65.0,,Carlos Izquierdoz,4-3-3,4-4-2,Esteban Ostojich,No Notes,2020,20:30,1.5,0.4
152,2020-03-10,Libertadores,Group stage,Tue,Home,W,3.0,0.0,Independiente,53.0,,Carlos Tevez,4-1-3-2,4-4-2,Guillermo Guerrero,No Notes,2020,21:30,2.1,0.5
153,2020-09-17,Libertadores,Group stage,Thu,Away,W,2.0,0.0,Libertad,39.0,,Carlos Tevez,4-4-2,4-2-3-1,Rodolpho Toski Marques,No Notes,2020,20:00,1.3,0.4
154,2020-09-24,Libertadores,Group stage,Thu,Away,W,1.0,0.0,Independiente,48.0,,Carlos Tevez,4-4-2,4-3-3,Augusto Aragón,No Notes,2020,19:00,1.2,0.2
155,2020-09-29,Libertadores,Group stage,Tue,Home,D,0.0,0.0,Libertad,67.0,,Carlos Tevez,4-4-2,4-4-2,Roberto Tobar,No Notes,2020,21:30,1.6,0.4
156,2020-10-22,Libertadores,Group stage,Thu,Home,W,3.0,0.0,Caracas,64.0,,Carlos Tevez,4-4-2,4-2-3-1,Christian Ferreyra,No Notes,2020,21:30,2.7,1.4
157,2020-10-31,Copa de la Liga Profesional,Group stage,Sat,Away,W,2.0,1.0,Lanús,49.0,,Carlos Tevez,4-4-2,4-1-4-1,Unknown,No Notes,2020,21:15,,
158,2020-11-08,Copa de la Liga Profesional,Group stage,Sun,Away,W,2.0,0.0,Newell's OB,42.0,,Carlos Tevez,4-2-3-1,4-3-3,Unknown,No Notes,2020,21:15,,
159,2020-11-15,Copa de la Liga Profesional,Group stage,Sun,Home,L,0.0,1.0,Talleres,51.0,,Carlos Tevez,4-2-3-1,4-3-3,Unknown,No Notes,2020,21:15,,
160,2020-11-20,Copa de la Liga Profesional,Group stage,Fri,Home,L,1.0,2.0,Lanús,60.0,,Ramón Ábila,4-2-3-1,4-2-2-2,Unknown,No Notes,2020,19:20,,
161,2020-11-29,Copa de la Liga Profesional,Group stage,Sun,Home,W,2.0,0.0,Newell's OB,55.0,,Carlos Izquierdoz,4-2-3-1,4-3-3,Unknown,No Notes,2020,19:20,,
162,2020-12-02,Libertadores,Round of 16,Wed,Away,W,1.0,0.0,Internacional,49.0,,Carlos Tevez,4-2-3-1,4-1-3-2,Esteban Ostojich,Leg 1 of 2,2020,21:30,0.9,1.5
163,2020-12-06,Copa de la Liga Profesional,Group stage,Sun,Away,D,0.0,0.0,Talleres,45.0,,Carlos Izquierdoz,4-2-3-1,4-3-3,Unknown,No Notes,2020,21:30,,
164,2020-12-09,Libertadores,Round of 16,Wed,Home,L,0.0,1.0,Internacional,51.0,,Carlos Tevez,4-4-2,4-1-4-1,Roberto Tobar,Leg 2 of 2; Boca Juniors won; Boca Juniors won on penalty kicks following extra time,2020,21:30,0.5,1.0
165,2020-12-12,Copa de la Liga Profesional,Group stage,Sat,Home,D,1.0,1.0,Arsenal,57.0,,Carlos Zambrano,4-2-3-1,5-3-2,Unknown,No Notes,2020,19:20,,
166,2020-12-16,Libertadores,Quarter-finals,Wed,Away,L,0.0,1.0,Racing Club,47.0,,Carlos Tevez,4-4-2,3-4-3,Esteban Ostojich,Leg 1 of 2,2020,21:30,0.6,0.8
167,2020-12-20,Copa de la Liga Profesional,Group stage,Sun,Away,W,2.0,1.0,Independiente,65.0,,Carlos Zambrano,4-4-2,4-2-3-1,Unknown,No Notes,2020,19:20,,
168,2020-12-23,Libertadores,Quarter-finals,Wed,Home,W,2.0,0.0,Racing Club,48.0,,Carlos Tevez,4-4-2,3-4-3,Wilmar Roldán,Leg 2 of 2; Boca Juniors won,2020,21:30,2.9,0.2
169,2020-12-27,Copa de la Liga Profesional,Group stage,Sun,Home,W,3.0,0.0,Huracán,57.0,,Ramón Ábila,4-4-2,4-1-4-1,Unknown,No Notes,2020,19:20,,
170,2021-01-02,Copa de la Liga Profesional,Group stage,Sat,Home,D,2.0,2.0,River Plate,29.0,,Carlos Izquierdoz,4-4-2,4-1-3-2,Unknown,No Notes,2020,21:30,,
171,2021-01-06,Libertadores,Semi-finals,Wed,Home,D,0.0,0.0,Santos,46.0,,Carlos Tevez,4-2-2-2,4-2-3-1,Roberto Tobar,Leg 1 of 2,2020,19:15,0.4,0.4
172,2021-01-09,Copa de la Liga Profesional,Group stage,Sat,Away,D,2.0,2.0,Arg Juniors,59.0,,Ramón Ábila,4-4-2,4-2-3-1,Unknown,No Notes,2020,21:30,,
173,2021-01-13,Libertadores,Semi-finals,Wed,Away,L,0.0,3.0,Santos,55.0,,Carlos Tevez,4-4-2,4-3-3,Wilmar Roldán,Leg 2 of 2; Santos won,2020,19:15,0.9,2.3
174,2021-01-17,Copa de la Liga Profesional,Final,Sun,Away,D,1.0,1.0,Banfield,52.0,,Carlos Izquierdoz,4-4-2,4-1-4-1,Unknown,Boca Juniors won on penalty kicks following extra time,2020,22:10,,
175,2021-02-14,Copa de la Liga Profesional,Group stage,Sun,Home,D,2.0,2.0,Gimnasia–LP,67.0,,Carlos Tevez,4-2-3-1,4-4-2,Pablo Echavarría,No Notes,2021,19:20,1.3,1.1
176,2021-02-21,Copa de la Liga Profesional,Group stage,Sun,Away,W,1.0,0.0,Newell's OB,54.0,,Carlos Izquierdoz,4-4-2,4-3-3,Darío Herrera,No Notes,2021,21:30,1.1,0.3
177,2021-02-28,Copa de la Liga Profesional,Group stage,Sun,Home,D,1.0,1.0,Sarmiento,70.0,,Carlos Izquierdoz,4-4-2,4-2-3-1,Francisco Oscar Lamolina,No Notes,2021,21:30,0.7,0.4
178,2021-03-07,Copa de la Liga Profesional,Group stage,Sun,Away,W,7.0,1.0,Vélez Sarsfield,41.0,,Carlos Tevez,4-1-4-1,4-2-3-1,Diego Abal,No Notes,2021,21:30,2.2,1.4
179,2021-03-14,Copa de la Liga Profesional,Group stage,Sun,Home,D,1.0,1.0,River Plate,42.0,,Carlos Tevez,3-4-3,4-3-3,Facundo Tello,No Notes,2021,18:00,2.1,1.1
180,2021-03-21,Copa de la Liga Profesional,Group stage,Sun,Home,L,1.0,2.0,Talleres,58.0,,Carlos Tevez,4-1-4-1,4-2-3-1,Fernando Rapallini,No Notes,2021,21:00,0.3,1.9
181,2021-03-28,Copa de la Liga Profesional,Group stage,Sun,Away,D,1.0,1.0,Independiente,56.0,,Carlos Tevez,5-3-2,3-4-3,Patricio Loustau,No Notes,2021,21:00,2.3,1.3
182,2021-04-03,Copa de la Liga Profesional,Group stage,Sat,Home,W,2.0,1.0,Defensa y Just,37.0,,Carlos Tevez,3-4-3,3-4-3,Fernando Echenique,No Notes,2021,18:30,1.7,0.5
183,2021-04-11,Copa de la Liga Profesional,Group stage,Sun,Away,L,0.0,1.0,Unión,67.0,,Carlos Tevez,3-4-3,5-4-1,Fernando Espinoza,No Notes,2021,18:30,0.6,0.3
184,2021-04-17,Copa de la Liga Profesional,Group stage,Sat,Home,W,3.0,1.0,Atlé Tucumán,60.0,,Carlos Tevez,4-3-3,4-4-2,Jorge Baliño,No Notes,2021,18:00,3.0,1.2
185,2021-04-21,Libertadores,Group stage,Wed,Away,W,1.0,0.0,The Strongest,35.0,,Carlos Izquierdoz,4-4-2,4-3-3,John J. Ospina,No Notes,2021,18:00,0.7,0.7
186,2021-04-24,Copa de la Liga Profesional,Group stage,Sat,Away,W,2.0,0.0,Huracán,48.0,,Carlos Tevez,4-4-2,4-3-3,Silvio Trucco,No Notes,2021,18:00,1.7,0.2
187,2021-04-27,Libertadores,Group stage,Tue,Home,W,2.0,0.0,Santos,43.0,,Carlos Tevez,4-3-3,4-3-3,Jesús Valenzuela,No Notes,2021,21:30,1.4,0.4
188,2021-05-02,Copa de la Liga Profesional,Group stage,Sun,Home,W,1.0,0.0,Lanús,55.0,,Carlos Tevez,4-3-3,4-4-2,Facundo Tello,No Notes,2021,10:00,2.2,1.5
189,2021-05-04,Libertadores,Group stage,Tue,Away,L,0.0,1.0,Barcelona,57.0,,Carlos Izquierdoz,4-3-3,3-4-3,Andrés Rojas,No Notes,2021,19:30,0.7,1.0
190,2021-05-08,Copa de la Liga Profesional,Group stage,Sat,Away,L,0.0,1.0,Patronato,60.0,,Frank Fabra,4-1-4-1,4-4-2,Hernán Mastrángelo,No Notes,2021,18:00,0.4,1.2
191,2021-05-11,Libertadores,Group stage,Tue,Away,L,0.0,1.0,Santos,59.0,,Carlos Tevez,4-3-3,4-2-3-1,Christian Ferreyra,No Notes,2021,19:15,0.7,0.5
192,2021-05-16,Copa de la Liga Profesional,Quarter-finals,Sun,Home,D,1.0,1.0,River Plate,48.0,,Carlos Tevez,4-3-3,4-4-1-1,Facundo Tello,Boca Juniors won on penalty kicks following extra time,2021,17:30,1.5,0.7
193,2021-05-20,Libertadores,Group stage,Thu,Home,D,0.0,0.0,Barcelona,70.0,,Carlos Izquierdoz,4-3-3,4-2-3-1,Wilmar Roldán,No Notes,2021,21:00,0.6,0.9
194,2021-05-26,Libertadores,Group stage,Wed,Home,W,3.0,0.0,The Strongest,62.0,,Carlos Tevez,5-3-2,3-1-4-2,Roberto Tobar,No Notes,2021,21:00,1.4,0.1
195,2021-05-31,Copa de la Liga Profesional,Semi-finals,Mon,Away,D,0.0,0.0,Racing Club,57.0,,Carlos Tevez,3-5-2,4-3-3,Darío Herrera,Racing Club won on penalty kicks following extra time,2021,15:00,0.4,0.2
196,2021-07-13,Libertadores,Round of 16,Tue,Home,D,0.0,0.0,Atlético Mineiro,44.0,,Carlos Izquierdoz,4-3-3,4-2-3-1,Andrés Rojas,Leg 1 of 2,2021,19:15,0.5,0.3
197,2021-07-16,Liga Argentina,Matchweek 1,Fri,Away,D,1.0,1.0,Unión,45.0,,Javier Hernán García,4-4-2,5-3-2,Nicolás Lamolina,No Notes,2021,19:00,0.5,1.1
198,2021-07-20,Libertadores,Round of 16,Tue,Away,D,0.0,0.0,Atlético Mineiro,38.0,,Carlos Izquierdoz,4-1-4-1,4-2-3-1,Esteban Ostojich,Leg 2 of 2; Atlético Mineiro won; Atlético Mineiro won on penalty kicks following extra time,2021,19:15,0.4,0.8
199,2021-07-24,Liga Argentina,Matchweek 2,Sat,Away,D,0.0,0.0,Banfield,46.0,,Eros Mancuso,4-2-3-1,4-2-3-1,Pablo Echavarría,No Notes,2021,20:15,0.8,0.7
200,2021-07-27,Liga Argentina,Matchweek 3,Tue,Home,L,0.0,2.0,San Lorenzo,59.0,,Eros Mancuso,4-1-3-2,4-2-3-1,Fernando Echenique,No Notes,2021,21:00,0.7,1.8
201,2021-08-01,Liga Argentina,Matchweek 4,Sun,Away,D,0.0,0.0,Talleres,55.0,,Carlos Izquierdoz,4-1-4-1,4-2-3-1,Fernando Rapallini,No Notes,2021,15:45,0.6,1.4
202,2021-08-08,Liga Argentina,Matchweek 5,Sun,Home,D,1.0,1.0,Arg Juniors,61.0,,Carlos Izquierdoz,4-3-3,3-4-1-2,Nicolás Lamolina,No Notes,2021,18:00,0.3,0.7
203,2021-08-15,Liga Argentina,Matchweek 6,Sun,Away,L,0.0,1.0,Estudiantes–LP,64.0,,Carlos Izquierdoz,3-4-1-2,4-4-2,Facundo Tello,No Notes,2021,18:00,0.5,0.4
204,2021-08-21,Liga Argentina,Matchweek 7,Sat,Home,W,1.0,0.0,Patronato,70.0,,Carlos Izquierdoz,4-3-3,4-4-1-1,Silvio Trucco,No Notes,2021,20:15,0.6,0.3
205,2021-08-25,Liga Argentina,Matchweek 8,Wed,Away,W,3.0,1.0,Platense,63.0,,Carlos Izquierdoz,4-3-1-2,4-4-2,Leandro Rey Hilfer,No Notes,2021,21:00,1.4,0.4
206,2021-08-29,Liga Argentina,Matchweek 9,Sun,Home,D,0.0,0.0,Racing Club,60.0,,Carlos Izquierdoz,4-3-1-2,4-2-3-1,Fernando Rapallini,No Notes,2021,20:15,0.8,0.4
207,2021-09-04,Liga Argentina,Matchweek 10,Sat,Away,W,2.0,1.0,Rosario Central,60.0,,Carlos Izquierdoz,4-1-2-1-2◆,4-3-1-2,Fernando Espinoza,No Notes,2021,20:15,1.5,1.9
208,2021-09-14,Liga Argentina,Matchweek 11,Tue,Home,D,0.0,0.0,Defensa y Just,59.0,,Carlos Izquierdoz,4-3-1-2,3-4-3,Ariel Penel,No Notes,2021,21:00,1.1,1.0
209,2021-09-18,Liga Argentina,Matchweek 12,Sat,Away,W,2.0,1.0,Atlé Tucumán,49.0,,Carlos Izquierdoz,4-3-1-2,4-4-2,Hernán Mastrángelo,No Notes,2021,20:15,2.1,0.3
210,2021-09-26,Liga Argentina,Matchweek 13,Sun,Home,W,1.0,0.0,Colón,59.0,,Carlos Izquierdoz,4-3-3,3-5-2,Nicolás Lamolina,No Notes,2021,20:15,1.1,0.7
211,2021-10-03,Liga Argentina,Matchweek 14,Sun,Away,L,1.0,2.0,River Plate,30.0,,Carlos Izquierdoz,4-3-3,4-3-2-1,Fernando Rapallini,No Notes,2021,17:00,0.4,1.0
212,2021-10-09,Liga Argentina,Matchweek 15,Sat,Home,W,4.0,2.0,Lanús,64.0,,Carlos Izquierdoz,4-3-2-1,4-4-2,Pablo Echavarría,No Notes,2021,20:15,3.1,0.8
213,2021-10-16,Liga Argentina,Matchweek 16,Sat,Away,W,3.0,0.0,Huracán,60.0,,Carlos Izquierdoz,4-3-2-1,4-3-3,Nicolás Lamolina,No Notes,2021,20:15,2.2,1.6
214,2021-10-20,Liga Argentina,Matchweek 17,Wed,Home,W,2.0,1.0,Godoy Cruz,55.0,,Carlos Izquierdoz,4-3-2-1,4-3-3,Patricio Loustau,No Notes,2021,21:15,2.0,1.0
215,2021-10-24,Liga Argentina,Matchweek 18,Sun,Away,L,0.0,2.0,Vélez Sarsfield,52.0,,Carlos Izquierdoz,4-4-2,4-2-3-1,Diego Abal,No Notes,2021,20:15,0.2,0.9
216,2021-10-30,Liga Argentina,Matchweek 19,Sat,Home,L,0.0,1.0,Gimnasia–LP,77.0,,Carlos Izquierdoz,4-1-2-1-2◆,4-4-2,Ariel Penel,No Notes,2021,20:15,1.9,1.0
217,2021-11-08,Liga Argentina,Matchweek 20,Mon,Away,W,3.0,0.0,Aldosivi,61.0,,Carlos Izquierdoz,4-3-1-2,4-2-3-1,Andrés Merlos,No Notes,2021,21:15,3.4,1.2
218,2021-11-20,Liga Argentina,Matchweek 21,Sat,Home,W,2.0,0.0,Sarmiento,54.0,,Carlos Izquierdoz,4-3-1-2,4-3-1-2,Leandro Rey Hilfer,No Notes,2021,19:15,2.0,1.0
219,2021-11-24,Liga Argentina,Matchweek 22,Wed,Away,L,0.0,1.0,Independiente,64.0,,Carlos Izquierdoz,4-3-1-2,4-5-1,Pablo Echavarría,No Notes,2021,21:30,1.7,0.6
220,2021-11-30,Liga Argentina,Matchweek 23,Tue,Home,D,0.0,0.0,Newell's OB,72.0,,Marcos Rojo,4-3-3,4-2-3-1,Patricio Loustau,No Notes,2021,19:15,1.3,0.9
221,2021-12-04,Liga Argentina,Matchweek 24,Sat,Away,D,1.0,1.0,Arsenal,60.0,,Marcos Rojo,4-1-2-1-2◆,4-4-2,Néstor Pitana,No Notes,2021,17:00,1.3,1.1
222,2021-12-11,Liga Argentina,Matchweek 25,Sat,Home,W,8.0,1.0,Cen. Córdoba–SdE,73.0,,Javier Hernán García,4-3-3,4-4-2,Mauro Vigliano,No Notes,2021,22:00,3.3,0.4
223,2022-02-13,Copa de la Liga Profesional,Group stage,Sun,Home,D,1.0,1.0,Colón,55.0,,Carlos Izquierdoz,4-3-3,4-5-1,Fernando Echenique,No Notes,2022,21:30,1.0,1.1
224,2022-02-16,Copa de la Liga Profesional,Group stage,Wed,Away,W,2.0,1.0,Aldosivi,49.0,,Carlos Izquierdoz,4-3-3,4-2-3-1,Patricio Loustau,No Notes,2022,19:15,2.6,0.9
225,2022-02-20,Copa de la Liga Profesional,Group stage,Sun,Home,W,2.0,1.0,Rosario Central,43.0,,Carlos Izquierdoz,4-3-3,4-3-1-2,Ariel Penel,No Notes,2022,19:15,1.0,1.1
226,2022-02-26,Copa de la Liga Profesional,Group stage,Sat,Away,D,2.0,2.0,Independiente,53.0,,Carlos Izquierdoz,4-3-1-2,4-2-3-1,Facundo Tello,No Notes,2022,21:30,1.7,1.6
227,2022-03-06,Copa de la Liga Profesional,Group stage,Sun,Home,L,0.0,1.0,Huracán,64.0,,Carlos Izquierdoz,4-3-1-2,4-1-4-1,Nicolás Lamolina,No Notes,2022,19:15,0.6,0.6
228,2022-03-13,Copa de la Liga Profesional,Group stage,Sun,Away,W,1.0,0.0,Estudiantes–LP,64.0,,Carlos Izquierdoz,4-3-1-2,4-4-2,Fernando Echenique,No Notes,2022,21:30,2.0,1.6
229,2022-03-20,Copa de la Liga Profesional,Group stage,Sun,Away,W,1.0,0.0,River Plate,37.0,,Marcos Rojo,4-1-2-1-2◆,4-4-2,Darío Herrera,No Notes,2022,19:00,1.2,1.2
230,2022-04-02,Copa de la Liga Profesional,Group stage,Sat,Home,D,2.0,2.0,Arsenal,71.0,,Marcos Rojo,4-2-3-1,4-4-2,Leandro Rey Hilfer,No Notes,2022,21:30,1.1,1.2
231,2022-04-05,Libertadores,Group stage,Tue,Away,L,0.0,2.0,AD Cali,54.0,18695.0,Frank Fabra,4-3-1-2,4-4-1-1,Jesús Valenzuela,No Notes,2022,19:30,0.7,1.6
232,2022-04-09,Copa de la Liga Profesional,Group stage,Sat,Away,D,0.0,0.0,Vélez Sarsfield,62.0,,Marcos Rojo,4-3-1-2,4-4-1-1,Patricio Loustau,No Notes,2022,21:30,0.7,0.3
233,2022-04-12,Libertadores,Group stage,Tue,Home,W,2.0,0.0,Always Ready,73.0,,Frank Fabra,4-1-3-2,4-4-2,Gustavo Tejera,No Notes,2022,19:15,2.2,0.2
234,2022-04-17,Copa de la Liga Profesional,Group stage,Sun,Home,D,1.0,1.0,Lanús,60.0,,Marcos Rojo,4-3-3,4-4-2,Facundo Tello,No Notes,2022,19:00,0.6,1.2
235,2022-04-20,Copa de la Liga Profesional,Group stage,Wed,Home,D,1.0,1.0,Godoy Cruz,59.0,,Marcos Rojo,4-4-2,4-2-3-1,Hernán Mastrángelo,No Notes,2022,21:30,1.3,3.2
236,2022-04-23,Copa de la Liga Profesional,Group stage,Sat,Away,W,2.0,1.0,Cen. Córdoba–SdE,64.0,,Marcos Rojo,4-3-3,5-3-2,Yael Falcón,No Notes,2022,19:00,2.0,2.1
237,2022-04-26,Libertadores,Group stage,Tue,Away,L,0.0,2.0,Corinthians,58.0,,Frank Fabra,4-1-4-1,4-3-3,Andrés Matonte,No Notes,2022,21:30,0.3,1.2
238,2022-04-30,Copa de la Liga Profesional,Group stage,Sat,Home,W,2.0,0.0,Barracas Central,66.0,,Carlos Izquierdoz,4-2-3-1,4-2-3-1,Fernando Espinoza,No Notes,2022,19:00,1.5,0.8
239,2022-05-04,Libertadores,Group stage,Wed,Away,W,1.0,0.0,Always Ready,45.0,,Frank Fabra,4-1-4-1,4-4-2,Kevin Ortega,No Notes,2022,20:00,1.6,1.0
240,2022-05-07,Copa de la Liga Profesional,Group stage,Sat,Away,W,2.0,0.0,Tigre,53.0,,Marcos Rojo,4-3-3,4-1-4-1,Pablo Echavarría,No Notes,2022,16:30,1.5,2.1
241,2022-05-10,Copa de la Liga Profesional,Quarter-finals,Tue,Home,W,2.0,0.0,Defensa y Just,57.0,,Marcos Rojo,4-1-4-1,4-2-3-1,Andrés Merlos,No Notes,2022,21:30,0.8,0.2
242,2022-05-14,Copa de la Liga Profesional,Semi-finals,Sat,Home,D,0.0,0.0,Racing Club,48.0,,Marcos Rojo,4-1-4-1,4-3-3,Facundo Tello,Boca Juniors won on penalty kicks following extra time,2022,17:00,0.0,1.0
243,2022-05-17,Libertadores,Group stage,Tue,Home,D,1.0,1.0,Corinthians,75.0,,Carlos Izquierdoz,4-1-4-1,3-4-3,Christian Ferreyra,No Notes,2022,21:30,1.1,0.1
244,2022-05-22,Copa de la Liga Profesional,Final,Sun,Home,W,3.0,0.0,Tigre,53.0,,Carlos Izquierdoz,4-1-4-1,4-4-2,Darío Herrera,No Notes,2022,16:00,0.9,1.5
245,2022-05-26,Libertadores,Group stage,Thu,Home,W,1.0,0.0,AD Cali,61.0,,Carlos Izquierdoz,4-1-4-1,4-2-3-1,Piero Maza,No Notes,2022,21:00,1.0,0.5
246,2022-06-05,Liga Argentina,Matchweek 1,Sun,Home,W,2.0,1.0,Arsenal,63.0,,Carlos Izquierdoz,4-3-3,4-4-2,Fernando Espinoza,No Notes,2022,19:30,1.5,0.8
247,2022-06-12,Liga Argentina,Matchweek 2,Sun,Away,L,0.0,1.0,Cen. Córdoba–SdE,70.0,,Carlos Izquierdoz,4-1-4-1,4-4-2,Pablo Echavarría,No Notes,2022,20:30,1.3,1.0
248,2022-06-15,Liga Argentina,Matchweek 3,Wed,Home,W,5.0,3.0,Tigre,49.0,,Marcos Rojo,4-1-4-1,4-2-3-1,Jorge Baliño,No Notes,2022,21:30,0.9,2.3
249,2022-06-19,Liga Argentina,Matchweek 4,Sun,Away,W,3.0,1.0,Barracas Central,78.0,,Carlos Izquierdoz,4-1-4-1,4-2-3-1,Patricio Loustau,No Notes,2022,21:30,2.2,0.4
250,2022-06-24,Liga Argentina,Matchweek 5,Fri,Home,L,1.0,2.0,Unión,70.0,,Frank Fabra,4-3-1-2,4-4-2,Yael Falcón,No Notes,2022,21:30,1.4,1.9
251,2022-06-28,Libertadores,Round of 16,Tue,Away,D,0.0,0.0,Corinthians,45.0,,Carlos Izquierdoz,4-1-4-1,4-3-3,Roberto Tobar,Leg 1 of 2,2022,21:30,0.7,1.7
252,2022-07-01,Liga Argentina,Matchweek 6,Fri,Home,L,0.0,3.0,Banfield,65.0,,Javier Hernán García,4-3-1-2,4-3-3,Darío Herrera,No Notes,2022,21:30,0.7,1.7
253,2022-07-05,Libertadores,Round of 16,Tue,Home,D,0.0,0.0,Corinthians,65.0,,Carlos Izquierdoz,4-3-3,5-3-2,Andrés Matonte,Leg 2 of 2; Corinthians won; Corinthians won on penalty kicks following extra time,2022,21:30,1.9,0.1
254,2022-07-09,Liga Argentina,Matchweek 7,Sat,Away,L,1.0,2.0,San Lorenzo,67.0,,Marcos Rojo,4-1-3-2,3-4-3,Fernando Espinoza,No Notes,2022,15:30,0.7,1.9
255,2022-07-16,Liga Argentina,Matchweek 8,Sat,Home,W,1.0,0.0,Talleres,62.0,,Marcos Rojo,4-3-3,4-2-3-1,Pablo Dóvalo,No Notes,2022,20:30,2.3,0.3
256,2022-07-19,Liga Argentina,Matchweek 9,Tue,Away,L,0.0,2.0,Arg Juniors,63.0,,Marcos Rojo,4-4-2,3-1-4-2,Fernando Rapallini,No Notes,2022,21:30,0.6,0.5
257,2022-07-24,Liga Argentina,Matchweek 10,Sun,Home,W,3.0,1.0,Estudiantes–LP,55.0,,Marcos Rojo,4-3-3,4-2-3-1,Hernán Mastrángelo,No Notes,2022,20:30,1.6,1.3
258,2022-07-31,Liga Argentina,Matchweek 11,Sun,Away,L,0.0,3.0,Patronato,60.0,,Frank Fabra,4-3-3,4-4-2,Facundo Tello,No Notes,2022,18:00,1.2,0.9
259,2022-08-06,Liga Argentina,Matchweek 12,Sat,Home,W,2.0,1.0,Platense,55.0,,Guillermo Matías Fernández,4-3-3,3-4-3,Yael Falcón,No Notes,2022,21:00,1.2,0.8
260,2022-08-14,Liga Argentina,Matchweek 13,Sun,Away,D,0.0,0.0,Racing Club,34.0,,Frank Fabra,4-3-1-2,4-3-3,Fernando Rapallini,No Notes,2022,20:30,1.0,1.3
261,2022-08-17,Liga Argentina,Matchweek 14,Wed,Home,D,0.0,0.0,Rosario Central,66.0,,Frank Fabra,4-3-3,4-1-4-1,Pablo Echavarría,No Notes,2022,21:30,1.4,1.2
262,2022-08-21,Liga Argentina,Matchweek 15,Sun,Away,W,1.0,0.0,Defensa y Just,48.0,,Guillermo Matías Fernández,4-3-3,4-1-4-1,Silvio Trucco,No Notes,2022,20:30,0.6,0.9
263,2022-08-28,Liga Argentina,Matchweek 16,Sun,Home,W,2.0,1.0,Atlé Tucumán,71.0,,Frank Fabra,4-3-3,4-4-2,Fernando Espinoza,No Notes,2022,18:00,0.2,0.5
264,2022-09-04,Liga Argentina,Matchweek 17,Sun,Away,W,2.0,1.0,Colón,55.0,,Marcos Rojo,4-3-3,4-1-3-2,Hernán Mastrángelo,No Notes,2022,18:00,0.7,2.5
265,2022-09-11,Liga Argentina,Matchweek 18,Sun,Home,W,1.0,0.0,River Plate,39.0,,Marcos Rojo,4-1-2-1-2◆,5-3-2,Darío Herrera,No Notes,2022,17:00,0.5,0.2
266,2022-09-14,Liga Argentina,Matchweek 19,Wed,Away,W,1.0,0.0,Lanús,60.0,,Frank Fabra,4-1-2-1-2◆,4-3-3,Facundo Tello,No Notes,2022,21:30,0.8,0.4
267,2022-09-19,Liga Argentina,Matchweek 20,Mon,Home,D,0.0,0.0,Huracán,57.0,,Frank Fabra,4-1-2-1-2◆,4-3-3,Yael Falcón,No Notes,2022,19:00,0.5,0.6
268,2022-09-23,Liga Argentina,Matchweek 21,Fri,Away,W,1.0,0.0,Godoy Cruz,49.0,,Guillermo Matías Fernández,4-5-1,4-4-1-1,Pablo Echavarría,No Notes,2022,19:00,0.8,0.3
269,2022-10-02,Liga Argentina,Matchweek 22,Sun,Home,W,1.0,0.0,Vélez Sarsfield,50.0,,Guillermo Matías Fernández,4-3-3,4-2-3-1,Patricio Loustau,No Notes,2022,18:00,0.4,1.1
270,2022-10-09,Liga Argentina,Matchweek 24,Sun,Home,W,2.0,1.0,Aldosivi,58.0,,Guillermo Matías Fernández,4-3-3,4-4-2,Silvio Trucco,No Notes,2022,18:00,1.9,0.4
271,2022-10-12,Liga Argentina,Matchweek 25,Wed,Away,W,1.0,0.0,Sarmiento,55.0,,Frank Fabra,4-3-3,4-4-2,Facundo Tello,No Notes,2022,16:30,2.9,0.5
272,2022-10-16,Liga Argentina,Matchweek 26,Sun,Away,L,0.0,2.0,Newell's OB,73.0,,Frank Fabra,4-3-1-2,3-4-3,Patricio Loustau,No Notes,2022,15:30,0.8,1.0
273,2022-10-20,Liga Argentina,Matchweek 23,Thu,Away,W,2.0,1.0,Gimnasia–LP,48.0,,Frank Fabra,4-3-1-2,4-4-2,Hernán Mastrángelo,No Notes,2022,15:00,0.7,0.8
274,2022-10-23,Liga Argentina,Matchweek 27,Sun,Home,D,2.0,2.0,Independiente,53.0,,Guillermo Matías Fernández,4-3-1-2,5-4-1,Darío Herrera,No Notes,2022,17:00,0.4,2.0
275,2023-01-29,Liga Argentina,Matchweek 1,Sun,Home,W,1.0,0.0,Atlé Tucumán,58.0,,Guillermo Matías Fernández,4-3-3,4-4-2,Jorge Baliño,No Notes,2023,21:30,1.2,1.7
276,2023-02-05,Liga Argentina,Matchweek 2,Sun,Home,D,0.0,0.0,Cen. Córdoba–SdE,72.0,,Guillermo Matías Fernández,4-3-3,4-4-2,Andrés Merlos,No Notes,2023,19:15,0.7,1.2
277,2023-02-11,Liga Argentina,Matchweek 3,Sat,Away,L,1.0,2.0,Talleres,55.0,,Guillermo Matías Fernández,4-3-3,4-2-3-1,Darío Herrera,No Notes,2023,21:30,0.5,1.6
278,2023-02-19,Liga Argentina,Matchweek 4,Sun,Home,W,3.0,1.0,Platense,54.0,,Guillermo Matías Fernández,4-2-2-2,4-4-2,Silvio Trucco,No Notes,2023,19:15,1.3,1.4
279,2023-02-25,Liga Argentina,Matchweek 5,Sat,Away,W,2.0,1.0,Vélez Sarsfield,35.0,,Guillermo Matías Fernández,4-4-2,4-3-3,Yael Falcón,No Notes,2023,21:30,0.9,1.3
280,2023-03-06,Liga Argentina,Matchweek 6,Mon,Home,D,0.0,0.0,Defensa y Just,59.0,,Guillermo Matías Fernández,4-3-3,4-3-3,Fernando Espinoza,No Notes,2023,21:00,2.2,2.2
281,2023-03-12,Liga Argentina,Matchweek 7,Sun,Away,L,0.0,1.0,Banfield,68.0,,Guillermo Matías Fernández,4-2-3-1,4-4-2,Hernán Mastrángelo,No Notes,2023,21:30,1.1,1.5
282,2023-03-19,Liga Argentina,Matchweek 8,Sun,Home,L,2.0,3.0,Instituto,69.0,,Guillermo Matías Fernández,4-3-3,4-4-2,Jorge Baliño,No Notes,2023,19:00,1.8,1.6
283,2023-04-01,Liga Argentina,Matchweek 9,Sat,Away,W,3.0,0.0,Barracas Central,51.0,,Guillermo Matías Fernández,4-1-4-1,4-4-1-1,Yael Falcón,No Notes,2023,15:30,2.4,0.2
284,2023-04-06,Libertadores,Group stage,Thu,Away,D,0.0,0.0,Monagas,49.0,40127.0,Guillermo Matías Fernández,4-3-3,4-3-3,Wilton Sampaio,No Notes,2023,20:00,0.7,0.5
285,2023-04-09,Liga Argentina,Matchweek 10,Sun,Home,L,1.0,2.0,Colón,70.0,,Javier Hernán García,4-3-3,3-1-4-2,Leandro Rey Hilfer,No Notes,2023,21:30,1.1,0.4
286,2023-04-12,Liga Argentina,Matchweek 11,Wed,Away,L,0.0,1.0,San Lorenzo,57.0,,Guillermo Matías Fernández,3-4-3,3-4-3,Facundo Tello,No Notes,2023,17:30,0.8,0.7
287,2023-04-15,Liga Argentina,Matchweek 12,Sat,Home,L,0.0,1.0,Estudiantes–LP,68.0,,Sergio Romero,4-3-3,3-5-2,Pablo Echavarría,No Notes,2023,19:00,0.4,0.4
288,2023-04-18,Libertadores,Group stage,Tue,Home,W,2.0,1.0,Pereira,58.0,40200.0,Guillermo Matías Fernández,4-3-3,3-1-4-2,Andrés Matonte,No Notes,2023,21:00,1.1,0.7
289,2023-04-23,Liga Argentina,Matchweek 13,Sun,Away,D,2.0,2.0,Rosario Central,68.0,,Guillermo Matías Fernández,4-3-3,4-2-3-1,Ariel Penel,No Notes,2023,15:30,0.9,0.8
290,2023-04-29,Liga Argentina,Matchweek 14,Sat,Home,W,3.0,1.0,Racing Club,37.0,,Guillermo Matías Fernández,5-4-1,4-3-3,Andrés Merlos,No Notes,2023,21:30,0.9,0.5
291,2023-05-03,Libertadores,Group stage,Wed,Away,W,2.0,0.0,Colo-Colo,48.0,,Guillermo Matías Fernández,4-1-4-1,3-4-1-2,Raphael Claus,No Notes,2023,20:00,1.6,0.7
292,2023-05-07,Liga Argentina,Matchweek 15,Sun,Away,L,0.0,1.0,River Plate,40.0,,Guillermo Matías Fernández,5-3-2,4-2-3-1,Darío Herrera,No Notes,2023,17:30,0.2,1.7
293,2023-05-14,Liga Argentina,Matchweek 16,Sun,Home,W,2.0,0.0,Belgrano,66.0,,Sergio Romero,4-3-3,4-4-1-1,Fernando Espinoza,No Notes,2023,19:00,2.3,0.5
294,2023-05-19,Liga Argentina,Matchweek 17,Fri,Away,W,1.0,0.0,Arg Juniors,45.0,,Guillermo Matías Fernández,4-3-3,3-4-3,Fernando Echenique,No Notes,2023,21:30,0.7,1.2
295,2023-05-24,Libertadores,Group stage,Wed,Away,L,0.0,1.0,Pereira,64.0,,Guillermo Matías Fernández,4-3-3,3-4-3,Wagner do Nascimento Magalhães,No Notes,2023,19:00,0.6,1.6
296,2023-05-28,Liga Argentina,Matchweek 18,Sun,Home,W,1.0,0.0,Tigre,54.0,,Javier Hernán García,4-3-3,4-4-2,Nicolás Ramírez,No Notes,2023,19:00,2.3,0.4
297,2023-06-01,Liga Argentina,Matchweek 19,Thu,Away,L,0.0,1.0,Arsenal,76.0,,Sergio Romero,4-4-2,5-3-2,Leandro Rey Hilfer,No Notes,2023,21:30,0.4,0.9
298,2023-06-06,Libertadores,Group stage,Tue,Home,W,1.0,0.0,Colo-Colo,57.0,,Guillermo Matías Fernández,4-3-3,3-4-1-2,Anderson Daronco,No Notes,2023,21:00,1.7,1.1
299,2023-06-10,Liga Argentina,Matchweek 20,Sat,Home,D,1.0,1.0,Lanús,70.0,,Guillermo Matías Fernández,4-5-1,4-3-3,Fernando Echenique,No Notes,2023,20:00,1.8,0.4
300,2023-06-22,Liga Argentina,Matchweek 21,Thu,Away,L,0.0,4.0,Godoy Cruz,72.0,,Guillermo Matías Fernández,4-4-1-1,4-4-1-1,Facundo Tello,No Notes,2023,21:45,0.3,2.9
301,2023-06-29,Libertadores,Group stage,Thu,Home,W,4.0,0.0,Monagas,63.0,40564.0,Guillermo Matías Fernández,4-3-3,5-4-1,Andrés Matonte,No Notes,2023,19:00,4.5,0.4
302,2023-07-02,Liga Argentina,Matchweek 22,Sun,Home,W,2.0,0.0,Sarmiento,77.0,,Guillermo Matías Fernández,4-2-3-1,5-3-2,Silvio Trucco,No Notes,2023,21:30,2.0,0.8
303,2023-07-06,Liga Argentina,Matchweek 23,Thu,Away,D,0.0,0.0,Unión,48.0,,Guillermo Matías Fernández,4-3-3,3-5-2,Andrés Merlos,No Notes,2023,17:00,0.2,1.1
304,2023-07-10,Liga Argentina,Matchweek 24,Mon,Home,W,1.0,0.0,Huracán,61.0,,Guillermo Matías Fernández,4-3-3,4-4-2,Nicolás Ramírez,No Notes,2023,19:30,1.5,0.4
305,2023-07-16,Liga Argentina,Matchweek 25,Sun,Away,W,3.0,1.0,Gimnasia–LP,63.0,,Guillermo Matías Fernández,4-3-1-2,4-2-3-1,Hernán Mastrángelo,No Notes,2023,16:30,1.2,1.9
306,2023-07-24,Liga Argentina,Matchweek 26,Mon,Home,W,2.0,1.0,Newell's OB,44.0,,Guillermo Matías Fernández,3-4-3,4-3-3,Fernando Echenique,No Notes,2023,20:45,0.8,0.2
307,2023-07-29,Liga Argentina,Matchweek 27,Sat,Away,W,2.0,0.0,Independiente,61.0,,Sergio Romero,4-3-3,4-1-4-1,Nicolás Ramírez,No Notes,2023,17:00,0.8,1.5
308,2023-08-02,Libertadores,Round of 16,Wed,Away,D,0.0,0.0,Nacional,54.0,32524.0,Guillermo Matías Fernández,4-5-1,4-2-3-1,Raphael Claus,Leg 1 of 2,2023,21:00,0.5,1.0
309,2023-08-09,Libertadores,Round of 16,Wed,Home,D,2.0,2.0,Nacional,64.0,49780.0,Marcos Rojo,4-4-2,4-2-3-1,Anderson Daronco,Leg 2 of 2; Boca Juniors won; Boca Juniors won on penalty kicks following extra time,2023,21:00,2.4,1.0
310,2023-08-18,Copa de la Liga Profesional,Group stage,Fri,Home,W,3.0,1.0,Platense,65.0,,Marcos Rojo,4-3-3,4-2-3-1,Fernando Espinoza,No Notes,2023,21:00,1.0,0.8
311,2023-08-23,Libertadores,Quarter-finals,Wed,Home,D,0.0,0.0,Racing Club,57.0,,Marcos Rojo,3-5-2,4-3-3,Wilton Sampaio,Leg 1 of 2,2023,21:30,0.8,0.5
312,2023-08-27,Copa de la Liga Profesional,Group stage,Sun,Away,L,0.0,1.0,Sarmiento,74.0,,Javier Hernán García,4-3-3,4-1-4-1,Silvio Trucco,No Notes,2023,17:00,1.0,0.2
313,2023-08-30,Libertadores,Quarter-finals,Wed,Away,D,0.0,0.0,Racing Club,47.0,41597.0,Marcos Rojo,5-3-2,4-3-3,Andrés Matonte,Leg 2 of 2; Boca Juniors won; Boca Juniors won on penalty kicks following extra time,2023,21:30,0.3,0.6
314,2023-09-03,Copa de la Liga Profesional,Group stage,Sun,Home,L,0.0,1.0,Tigre,68.0,,Sergio Romero,4-4-2,4-2-3-1,Yael Falcón,No Notes,2023,18:30,0.5,1.0
315,2023-09-15,Copa de la Liga Profesional,Group stage,Fri,Away,L,0.0,1.0,Defensa y Just,71.0,,Marcos Rojo,4-3-3,4-2-3-1,Andrés Merlos,No Notes,2023,18:45,1.0,1.3
316,2023-09-19,Copa de la Liga Profesional,Group stage,Tue,Away,W,3.0,0.0,Cen. Córdoba–SdE,62.0,,Sergio Romero,4-2-3-1,5-4-1,Pablo Echavarría,No Notes,2023,18:45,1.7,0.4
317,2023-09-23,Copa de la Liga Profesional,Group stage,Sat,Home,D,1.0,1.0,Lanús,53.0,,Marcos Rojo,4-3-3,4-3-3,Fernando Echenique,No Notes,2023,18:30,0.5,1.0
318,2023-09-28,Libertadores,Semi-finals,Thu,Home,D,0.0,0.0,Palmeiras,56.0,53615.0,Marcos Rojo,4-4-2,4-3-1-2,Wilmar Roldán,Leg 1 of 2,2023,21:30,1.6,0.4
319,2023-10-01,Copa de la Liga Profesional,Group stage,Sun,Home,L,0.0,2.0,River Plate,47.0,,Sergio Romero,4-1-4-1,4-2-3-1,Andrés Merlos,No Notes,2023,14:00,0.4,2.2
320,2023-10-05,Libertadores,Semi-finals,Thu,Away,D,1.0,1.0,Palmeiras,32.0,,Marcos Rojo,4-4-2,3-4-3,Andrés Matonte,Leg 2 of 2; Boca Juniors won; Boca Juniors won on penalty kicks following extra time,2023,21:30,0.9,1.4
321,2023-10-10,Copa de la Liga Profesional,Group stage,Tue,Away,L,3.0,4.0,Belgrano,70.0,,Javier Hernán García,4-4-2,4-1-4-1,Nazareno Arasa,No Notes,2023,20:00,2.2,1.7
322,2023-10-20,Copa de la Liga Profesional,Group stage,Fri,Home,W,2.0,1.0,Unión,72.0,,Marcos Rojo,4-4-2,5-3-2,Yael Falcón,No Notes,2023,21:30,2.1,1.1
323,2023-10-24,Copa de la Liga Profesional,Group stage,Tue,Away,L,1.0,2.0,Racing Club,43.0,,Sergio Romero,3-5-2,4-2-3-1,Nicolás Ramírez,No Notes,2023,19:00,1.8,1.0
324,2023-10-28,Copa de la Liga Profesional,Group stage,Sat,Home,D,0.0,0.0,Estudiantes–LP,62.0,,Javier Hernán García,4-1-2-1-2◆,5-3-2,Sebastían Zunino,No Notes,2023,19:00,0.4,0.4
325,2023-11-04,Libertadores,Final,Sat,Home,L,1.0,2.0,Fluminense,47.0,69232.0,Sergio Romero,4-4-2,4-2-3-1,Wilmar Roldán,Required Extra Time,2023,17:00,0.5,0.8
326,2023-11-08,Copa de la Liga Profesional,Group stage,Wed,Away,D,1.0,1.0,San Lorenzo,62.0,,Guillermo Matías Fernández,4-4-2,5-4-1,Pablo Echavarría,No Notes,2023,19:00,0.9,0.5
327,2023-11-12,Copa de la Liga Profesional,Group stage,Sun,Home,W,1.0,0.0,Newell's OB,58.0,,Guillermo Matías Fernández,4-3-1-2,3-4-3,Fernando Echenique,No Notes,2023,16:45,1.6,0.5
328,2023-11-26,Copa de la Liga Profesional,Group stage,Sun,Away,W,2.0,1.0,Godoy Cruz,59.0,,Marcos Rojo,4-3-1-2,4-2-3-1,Nicolás Ramírez,No Notes,2023,21:30,1.6,0.8
329,2024-01-27,Copa de la Liga Profesional,Group stage,Sat,Away,D,0.0,0.0,Platense,58.0,,Guillermo Matías Fernández,4-3-1-2,5-3-2,Leandro Rey Hilfer,No Notes,2024,19:00,0.8,0.7
330,2024-02-01,Copa de la Liga Profesional,Group stage,Thu,Home,D,1.0,1.0,Sarmiento,59.0,,Sergio Romero,4-4-2,5-3-2,Sebastían Zunino,No Notes,2024,19:00,1.6,0.6
331,2024-02-05,Copa de la Liga Profesional,Group stage,Mon,Away,W,2.0,0.0,Tigre,52.0,,Sergio Romero,4-4-2,5-4-1,Fernando Echenique,No Notes,2024,19:45,1.6,0.5
332,2024-02-10,Copa de la Liga Profesional,Group stage,Sat,Home,D,0.0,0.0,Defensa y Just,57.0,,Sergio Romero,4-4-2,4-2-3-1,Jorge Baliño,No Notes,2024,19:15,2.1,0.2
333,2024-02-14,Copa de la Liga Profesional,Group stage,Wed,Home,W,2.0,0.0,Cen. Córdoba–SdE,49.0,,Sergio Romero,4-2-3-1,3-5-2,Nicolás Lamolina,No Notes,2024,19:15,1.8,0.6
334,2024-02-18,Copa de la Liga Profesional,Group stage,Sun,Away,L,1.0,2.0,Lanús,67.0,,Sergio Romero,4-4-2,4-3-1-2,Silvio Trucco,No Notes,2024,21:30,1.1,1.1
335,2024-02-25,Copa de la Liga Profesional,Group stage,Sun,Away,D,1.0,1.0,River Plate,49.0,,Sergio Romero,4-4-2,4-1-3-2,Yael Falcón,No Notes,2024,17:00,1.1,1.4
336,2024-03-03,Copa de la Liga Profesional,Group stage,Sun,Home,W,3.0,2.0,Belgrano,65.0,,Sergio Romero,4-1-3-2,4-4-2,Nazareno Arasa,No Notes,2024,19:15,3.3,0.6
337,2024-03-06,Copa de la Liga Profesional,Group stage,Wed,Away,L,0.0,1.0,Unión,52.0,,Sergio Romero,4-4-2,5-3-2,Fernando Rapallini,No Notes,2024,19:15,0.3,0.9
338,2024-03-10,Copa de la Liga Profesional,Group stage,Sun,Home,W,4.0,2.0,Racing Club,39.0,,Edinson Cavani,4-4-2,5-3-2,Pablo Echavarría,No Notes,2024,21:30,1.7,1.4
339,2024-03-30,Copa de la Liga Profesional,Group stage,Sat,Home,W,2.0,1.0,San Lorenzo,62.0,,Marcos Rojo,4-3-1-2,4-4-1-1,Nazareno Arasa,No Notes,2024,17:00,2.3,1.0
340,2024-04-03,Sudamericana,Group stage,Wed,Away,D,0.0,0.0,Nacional Potosí,50.0,18216.0,Darío Benedetto,4-3-3,4-3-1-2,Unknown,No Notes,2024,20:00,,
341,2024-04-06,Copa de la Liga Profesional,Group stage,Sat,Away,W,3.0,1.0,Newell's OB,54.0,,Marcos Rojo,4-4-2,4-2-3-1,Facundo Tello,No Notes,2024,17:00,1.6,0.7
342,2024-04-09,Sudamericana,Group stage,Tue,Home,W,1.0,0.0,Sportivo Trinidense,72.0,42138.0,Sergio Romero,4-4-2◆,4-5-1,Unknown,No Notes,2024,21:00,,
343,2024-04-12,Copa de la Liga Profesional,Group stage,Fri,Away,L,0.0,1.0,Estudiantes–LP,56.0,,Edinson Cavani,4-1-2-1-2◆,4-1-2-1-2,Fernando Echenique,No Notes,2024,19:30,0.1,0.3
344,2024-04-16,Copa de la Liga Profesional,Group stage,Tue,Home,W,1.0,0.0,Godoy Cruz,44.0,,Marcos Rojo,4-3-1-2,4-2-3-1,Leandro Rey Hilfer,No Notes,2024,19:30,0.6,1.1
345,2024-04-21,Copa de la Liga Profesional,Quarter-finals,Sun,Away,W,3.0,2.0,River Plate,48.0,,Marcos Rojo,4-3-1-2,4-3-1-2,Yael Falcón,No Notes,2024,15:30,1.8,1.7
346,2024-04-25,Sudamericana,Group stage,Thu,Away,L,2.0,4.0,Fortaleza,57.0,53428.0,Sergio Romero,4-3-2-1,3-5-2,Unknown,No Notes,2024,21:00,,
347,2024-04-30,Copa de la Liga Profesional,Semi-finals,Tue,Away,D,1.0,1.0,Estudiantes–LP,49.0,,Marcos Rojo,4-1-3-2,4-3-2-1,Nazareno Arasa,Estudiantes–LP won on penalty kicks following extra time,2024,20:00,1.2,1.3
348,2024-05-08,Sudamericana,Group stage,Wed,Away,W,2.0,1.0,Sportivo Trinidense,73.0,14861.0,Sergio Romero,4-1-3-2,4-5-1,Unknown,No Notes,2024,20:30,,
349,2024-05-12,Liga Argentina,Matchweek 1,Sun,Away,L,0.0,1.0,Atlé Tucumán,68.0,,Sergio Romero,4-1-3-2,4-4-2,Unknown,No Notes,2024,20:15,0.6,1.6
350,2024-05-15,Sudamericana,Group stage,Wed,Home,D,1.0,1.0,Fortaleza,61.0,46466.0,Sergio Romero,4-1-3-2,4-4-2,Unknown,No Notes,2024,21:00,,
351,2024-05-19,Liga Argentina,Matchweek 2,Sun,Away,W,4.0,2.0,Cen. Córdoba–SdE,44.0,,Sergio Romero,4-1-3-2,3-4-3,Unknown,No Notes,2024,20:00,2.8,1.5
352,2024-05-25,Liga Argentina,Matchweek 3,Sat,Home,D,0.0,0.0,Talleres,60.0,,Sergio Romero,4-1-3-2,4-3-3,Unknown,No Notes,2024,20:00,0.4,1.7
353,2024-05-29,Sudamericana,Group stage,Wed,Home,W,4.0,0.0,Nacional Potosí,65.0,44603.0,Marcos Rojo,4-1-3-2,4-3-3,Unknown,No Notes,2024,21:00,,
354,2024-06-02,Liga Argentina,Matchweek 4,Sun,Away,L,0.0,1.0,Platense,60.0,,Marcos Rojo,4-3-2-1,4-1-4-1,Unknown,No Notes,2024,14:30,0.3,1.8
355,2024-06-14,Liga Argentina,Matchweek 5,Fri,Home,W,1.0,0.0,Vélez Sarsfield,49.0,,Sergio Romero,4-4-2,4-2-3-1,Unknown,No Notes,2024,19:00,1.0,0.7
356,2024-07-17,Sudamericana,Knockout round play-offs,Wed,Away,D,0.0,0.0,Independiente,25.0,8083.0,Marcos Rojo,4-2-2-2,4-3-3,Unknown,Leg 1 of 2,2024,19:30,,
357,2024-07-21,Liga Argentina,Matchweek 6,Sun,Away,D,2.0,2.0,Defensa y Just,42.0,,Sergio Romero,4-4-2,3-4-3,Leandro Rey,No Notes,2024,20:00,1.3,2.0
358,2024-07-24,Sudamericana,Knockout round play-offs,Wed,Home,W,1.0,0.0,Independiente,37.0,46943.0,Marcos Rojo,4-4-2,4-4-2,Unknown,Leg 2 of 2; Boca Juniors won,2024,21:30,,
359,2024-07-28,Liga Argentina,Matchweek 8,Sun,Away,D,0.0,0.0,Instituto,63.0,,Marcos Rojo,4-4-2,4-4-2,Unknown,No Notes,2024,20:30,0.2,1.0
360,2024-07-31,Liga Argentina,Matchweek 7,Wed,Home,W,3.0,0.0,Banfield,56.0,,Marcos Rojo,4-4-2,4-4-2,Unknown,No Notes,2024,20:30,2.0,0.4
361,2024-08-04,Liga Argentina,Matchweek 9,Sun,Home,D,1.0,1.0,Barracas Central,60.0,,Sergio Romero,4-1-2-1-2◆,4-2-3-1,Unknown,No Notes,2024,17:30,1.7,0.7
362,2024-08-10,Liga Argentina,Matchweek 10,Sat,Away,D,1.0,1.0,Ind. Rivadavia,63.0,,Sergio Romero,4-4-2,5-3-2,Unknown,No Notes,2024,18:45,1.3,1.8
363,2024-08-15,Sudamericana,Round of 16,Thu,Home,W,1.0,0.0,Cruzeiro,52.0,,Sergio Romero,4-4-2,4-3-1-2,Unknown,Leg 1 of 2,2024,21:30,,
364,2024-08-18,Liga Argentina,Matchweek 11,Sun,Home,W,3.0,2.0,San Lorenzo,55.0,,Marcos Rojo,4-4-2,4-3-3,Unknown,No Notes,2024,14:30,1.0,2.0
365,2024-08-22,Sudamericana,Round of 16,Thu,Away,L,1.0,2.0,Cruzeiro,34.0,,Marcos Rojo,4-4-2◆,4-3-1-2,Unknown,Leg 2 of 2; Cruzeiro won; Cruzeiro won on penalty kicks following extra time,2024,21:30,,
366,2024-08-26,Liga Argentina,Matchweek 12,Mon,Away,D,1.0,1.0,Estudiantes–LP,49.0,,Sergio Romero,3-5-2,4-2-3-1,Unknown,No Notes,2024,21:00,0.7,0.7
367,2024-08-31,Liga Argentina,Matchweek 13,Sat,Home,W,2.0,1.0,Rosario Central,48.0,,Marcos Rojo,3-5-2,4-2-3-1,Jorge Baliño,No Notes,2024,21:00,1.0,1.7
368,2024-09-14,Liga Argentina,Matchweek 14,Sat,Away,L,1.0,2.0,Racing Club,52.0,,Sergio Romero,4-4-2,3-4-3,Hernán Mastrángelo,No Notes,2024,17:30,1.1,1.8
369,2024-09-21,Liga Argentina,Matchweek 15,Sat,Home,L,0.0,1.0,River Plate,56.0,,Marcos Rojo,4-4-2,3-4-1-2,Nicolás Ramírez,No Notes,2024,16:00,0.5,0.7
370,2024-09-28,Liga Argentina,Matchweek 16,Sat,Away,L,0.0,2.0,Belgrano,61.0,,Edinson Cavani,4-4-2,4-3-1-2,Nazareno Arasa,No Notes,2024,20:00,0.3,2.5
371,2024-10-06,Liga Argentina,Matchweek 17,Sun,Home,W,1.0,0.0,Arg Juniors,36.0,,Edinson Cavani,4-4-2,4-3-1-2,Leandro Rey,No Notes,2024,21:00,3.7,0.6
372,2024-10-19,Liga Argentina,Matchweek 18,Sat,Away,L,0.0,3.0,Tigre,73.0,,Edinson Cavani,4-3-3,3-5-2,Fernando Echenique,No Notes,2024,19:15,0.7,1.8
373,2024-10-27,Liga Argentina,Matchweek 19,Sun,Home,D,1.0,1.0,Deportivo Riestra,83.0,,Edinson Cavani,4-2-3-1,4-4-2,Yael Falcón,No Notes,2024,19:00,2.1,1.3
374,2024-11-03,Liga Argentina,Matchweek 20,Sun,Away,L,0.0,1.0,Lanús,56.0,,Edinson Cavani,3-4-3,4-4-2,Facundo Tello,No Notes,2024,19:30,0.3,1.1
375,2024-11-06,Liga Argentina,Matchweek 21,Wed,Home,W,4.0,1.0,Godoy Cruz,58.0,,Edinson Cavani,4-3-3,4-1-4-1,Ariel Penel,No Notes,2024,19:30,3.2,1.0
376,2024-11-10,Liga Argentina,Matchweek 22,Sun,Away,W,2.0,0.0,Sarmiento,65.0,,Edinson Cavani,4-2-3-1,4-2-3-1,Leandro Rey,No Notes,2024,21:30,1.9,1.1
377,2024-11-20,Liga Argentina,Matchweek 23,Wed,Home,W,1.0,0.0,Unión,52.0,,Marcos Rojo,4-3-3,5-3-2,Nicolás Ramírez,No Notes,2024,21:30,1.0,0.4
378,2024-11-23,Liga Argentina,Matchweek 24,Sat,Away,D,0.0,0.0,Huracán,54.0,,Edinson Cavani,4-3-3,4-3-3,Hernán Mastrángelo,No Notes,2024,21:45,0.2,0.3
379,2024-12-01,Liga Argentina,Matchweek 25,Sun,Home,W,1.0,0.0,Gimnasia–LP,57.0,,Edinson Cavani,4-4-2,5-3-2,Yael Falcón,No Notes,2024,21:45,2.1,0.2
380,2024-12-08,Liga Argentina,Matchweek 26,Sun,Away,W,1.0,0.0,Newell's OB,48.0,,Edinson Cavani,4-1-3-2,5-4-1,Leandro Rey,No Notes,2024,21:00,0.8,1.3
381,2024-12-14,Liga Argentina,Matchweek 27,Sat,Home,D,0.0,0.0,Independiente,50.0,,Marcos Rojo,4-1-3-2,4-3-3,Nazareno Arasa,No Notes,2024,19:15,1.0,2.4
382,2025-01-26,Liga Argentina,Torneo Apertura — Regular season,Sun,Home,D,0.0,0.0,Arg Juniors,57.0,,Edinson Cavani,4-2-3-1,4-3-3,Hernán Mastrángelo,No Notes,2025,19:00,0.5,0.4
383,2025-01-29,Liga Argentina,Torneo Apertura — Regular season,Wed,Away,D,1.0,1.0,Unión,45.0,,Miguel Merentiel,3-4-3,5-3-2,Pablo Echavarría,No Notes,2025,19:15,0.8,0.3
384,2025-02-02,Liga Argentina,Torneo Apertura — Regular season,Sun,Home,W,2.0,1.0,Huracán,55.0,,Edinson Cavani,4-2-3-1,4-2-3-1,Silvio Trucco,No Notes,2025,19:15,1.3,0.7
385,2025-02-08,Liga Argentina,Torneo Apertura — Regular season,Sat,Away,L,0.0,2.0,Racing Club,58.0,,Edinson Cavani,4-1-3-2,3-4-3,Yael Falcón,No Notes,2025,22:15,0.9,2.4
386,2025-02-11,Liga Argentina,Torneo Apertura — Regular season,Tue,Home,W,2.0,0.0,Ind. Rivadavia,49.0,,Miguel Merentiel,4-1-2-1-2◆,4-3-1-2,Facundo Tello,No Notes,2025,20:00,2.1,1.0
387,2025-02-14,Liga Argentina,Torneo Apertura — Regular season,Fri,Away,W,1.0,0.0,Banfield,58.0,,Luis Advíncula,4-3-3,4-4-2,Pablo Dóvalo,No Notes,2025,20:00,0.8,1.4
388,2025-02-18,Libertadores,Second qualifying stage,Tue,Away,L,0.0,1.0,Alianza Lima,63.0,,Miguel Merentiel,4-2-3-1,4-4-1-1,Esteban Ostojich,Leg 1 of 2,2025,19:30,0.2,1.5
389,2025-02-22,Liga Argentina,Torneo Apertura — Regular season,Sat,Home,W,2.0,1.0,Aldosivi,64.0,,Marcos Rojo,4-2-3-1,4-4-2,Leandro Rey,No Notes,2025,19:30,1.6,0.2
390,2025-02-25,Libertadores,Second qualifying stage,Tue,Home,W,2.0,1.0,Alianza Lima,77.0,,Edinson Cavani,4-3-1-2,4-4-1-1,Piero Maza,Leg 2 of 2; Alianza Lima won; Alianza Lima won on penalty kicks following extra time,2025,21:30,1.6,0.2
391,2025-02-28,Liga Argentina,Torneo Apertura — Regular season,Fri,Home,W,1.0,0.0,Rosario Central,50.0,,Edinson Cavani,4-3-1-2,4-2-3-1,Hernán Mastrángelo,No Notes,2025,20:00,1.5,0.9
392,2025-03-07,Liga Argentina,Torneo Apertura — Regular season,Fri,Away,W,3.0,0.0,Cen. Córdoba–SdE,58.0,,Edinson Cavani,4-3-1-2,4-1-4-1,Yael Falcón,No Notes,2025,21:15,1.6,0.7
393,2025-03-16,Liga Argentina,Torneo Apertura — Regular season,Sun,Home,W,4.0,0.0,Defensa y Just,46.0,,Edinson Cavani,4-1-2-1-2◆,4-2-3-1,Pablo Dóvalo,No Notes,2025,18:15,1.4,0.4
394,2025-03-30,Liga Argentina,Torneo Apertura — Regular season,Sun,Away,L,0.0,2.0,Newell's OB,77.0,,Edinson Cavani,4-3-1-2,4-3-3,Darío Herrera,No Notes,2025,19:30,1.2,1.1
395,2025-04-06,Liga Argentina,Torneo Apertura — Regular season,Sun,Home,W,1.0,0.0,Barracas Central,57.0,,Edinson Cavani,4-3-1-2,5-4-1,Fernando Echenique,No Notes,2025,18:00,0.8,0.6
396,2025-04-12,Liga Argentina,Torneo Apertura — Regular season,Sat,Away,W,3.0,1.0,Belgrano,58.0,,Edinson Cavani,4-3-1-2,4-4-2,Hernán Mastrángelo,No Notes,2025,20:30,1.8,1.2
397,2025-04-19,Liga Argentina,Torneo Apertura — Regular season,Sat,Home,W,2.0,0.0,Estudiantes–LP,49.0,,Edinson Cavani,4-3-1-2,4-3-3,Nazareno Arasa,No Notes,2025,20:30,1.3,0.9
398,2025-04-27,Liga Argentina,Torneo Apertura — Regular season,Sun,Away,L,1.0,2.0,River Plate,54.0,,Marcos Rojo,3-5-1-1,4-3-3,Nicolás Ramírez,No Notes,2025,15:30,1.5,1.4
399,2025-05-04,Liga Argentina,Torneo Apertura — Regular season,Sun,Away,D,1.0,1.0,Tigre,63.0,,Marcos Rojo,4-1-4-1,4-4-2,Facundo Tello,No Notes,2025,18:00,0.5,1.4
400,2025-05-10,Liga Argentina,Torneo Apertura — Round of 16,Sat,Home,D,0.0,0.0,Lanús,54.0,,Marcos Rojo,4-3-1-2,4-2-3-1,Leandro Rey,Boca Juniors won on penalty kicks following extra time,2025,21:00,1.1,1.3
401,2025-05-19,Liga Argentina,Torneo Apertura — Quarter-finals,Mon,Home,L,0.0,1.0,Independiente,47.0,,Miguel Merentiel,4-3-1-2,4-2-3-1,Nicolás Ramírez,No Notes,2025,21:30,0.8,0.7
402,2025-06-16,Club World Cup,Group stage,Mon,Neutral,D,2.0,2.0,Benfica,40.0,55574.0,Miguel Merentiel,4-2-2-2,4-1-4-1,César Arturo Ramos,No Notes,2025,18:00,,
403,2025-06-20,Club World Cup,Group stage,Fri,Neutral,L,1.0,2.0,Bayern Munich,27.0,63587.0,Miguel Merentiel,4-2-3-1,4-2-2-2,Alireza Faghani,No Notes,2025,21:00,,
404,2025-06-24,Club World Cup,Group stage,Tue,Neutral,D,1.0,1.0,Auckland City,74.0,16899.0,Edinson Cavani,4-2-3-1,5-4-1,Glenn Nyberg,No Notes,2025,14:00,,
405,2025-07-13,Liga Argentina,Torneo Clausura — Regular season,Sun,Away,D,0.0,0.0,Arg Juniors,35.0,,Miguel Merentiel,4-2-3-1,4-1-4-1,Ariel Penel,No Notes,2025,18:45,0.8,1.1
406,2025-07-18,Liga Argentina,Torneo Clausura — Regular season,Fri,Home,D,1.0,1.0,Unión,73.0,,Miguel Merentiel,4-2-3-1,4-4-2,Nazareno Arasa,No Notes,2025,19:30,0.8,1.0
407,2025-07-27,Liga Argentina,Torneo Clausura — Regular season,Sun,Away,L,0.0,1.0,Huracán,62.0,,Edinson Cavani,4-4-2,4-2-3-1,Leandro Rey,No Notes,2025,18:30,0.3,1.0
408,2025-08-09,Liga Argentina,Torneo Clausura — Regular season,Sat,Home,D,1.0,1.0,Racing Club,52.0,,Edinson Cavani,4-1-2-1-2◆,3-4-3,Nicolás Ramírez,No Notes,2025,16:30,1.6,0.8
409,2025-08-17,Liga Argentina,Torneo Clausura — Regular season,Sun,Away,W,3.0,0.0,Ind. Rivadavia,47.0,,Edinson Cavani,4-4-2,4-1-3-2,Pablo Dóvalo,No Notes,2025,20:30,1.8,0.7
410,2025-08-24,Liga Argentina,Torneo Clausura — Regular season,Sun,Home,W,2.0,0.0,Banfield,64.0,,Edinson Cavani,4-4-2,4-4-2,Nicolás Lamolina,No Notes,2025,18:15,2.9,0.5
411,2025-08-31,Liga Argentina,Torneo Clausura — Regular season,Sun,Away,W,2.0,0.0,Aldosivi,55.0,,Edinson Cavani,4-4-2,4-3-3,Sebastían Zunino,No Notes,2025,14:30,0.7,0.5
412,2025-09-14,Liga Argentina,Torneo Clausura — Regular season,Sun,Away,D,1.0,1.0,Rosario Central,50.0,,Edinson Cavani,4-2-3-1,4-1-3-2,Facundo Tello,No Notes,2025,17:30,0.9,0.7
413,2025-09-21,Liga Argentina,Torneo Clausura — Regular season,Sun,Home,D,2.0,2.0,Cen. Córdoba–SdE,63.0,,Leandro Paredes,4-4-2,4-2-3-1,Yael Falcón,No Notes,2025,21:15,2.1,0.8
414,2025-09-27,Liga Argentina,Torneo Clausura — Regular season,Sat,Away,L,1.0,2.0,Defensa y Just,65.0,,Leandro Paredes,4-4-2,3-4-3,Jorge Baliño,No Notes,2025,19:00,1.8,1.7
415,2025-10-05,Liga Argentina,Torneo Clausura — Regular season,Sun,Home,W,5.0,0.0,Newell's OB,61.0,,Leandro Paredes,4-4-2,5-4-1,Sebastían Zunino,No Notes,2025,19:00,3.0,0.2
416,2025-10-18,Liga Argentina,Torneo Clausura — Regular season,Sat,Home,L,1.0,2.0,Belgrano,64.0,,Leandro Paredes,4-4-2,3-4-3,Pablo Dóvalo,No Notes,2025,18:00,1.8,1.0
417,2025-10-27,Liga Argentina,Torneo Clausura — Regular season,Mon,Away,W,3.0,1.0,Barracas Central,72.0,,Leandro Paredes,4-4-2,5-4-1,Nicolás Lamolina,No Notes,2025,16:00,1.2,0.2
418,2025-11-02,Liga Argentina,Torneo Clausura — Regular season,Sun,Away,W,2.0,1.0,Estudiantes–LP,43.0,,Miguel Merentiel,4-4-2,4-1-4-1,Leandro Rey,No Notes,2025,16:00,2.1,1.9
419,2025-11-09,Liga Argentina,Torneo Clausura — Regular season,Sun,Home,W,2.0,0.0,River Plate,45.0,,Leandro Paredes,4-2-2-2,3-5-2,Nicolás Ramírez,No Notes,2025,16:30,1.9,0.5
420,2025-11-16,Liga Argentina,Torneo Clausura — Regular season,Sun,Home,W,2.0,0.0,Tigre,74.0,,Leandro Paredes,4-2-3-1,4-1-2-1-2,Darío Herrera,No Notes,2025,20:15,1.1,0.4
421,2025-11-23,Liga Argentina,Torneo Clausura — Round of 16,Sun,Home,,,,Talleres,,,Unknown,Unknown,Unknown,Unknown,No Notes,2025,20:00,,
