player,nation,position,age,nineties,goals,shots,shots_on_target,shots_on_target_pct,shots_per_90,shots_on_target_per_90,goals_per_shot,goals_per_shot_on_target,avg_shot_distance,penalty_goals,penalty_attempts,season,shots_from_free_kicks,xG,npxG,npxg_per_shot,goals_minus_xg,npg_minus_npxg,fbref_comp_id
Agustín Orión,ARG,GK,32,26.3,0,,0,,,0.0,,,,0,0,2014,,,,,,,
Leandro Marín,ARG,DF,22,19.8,2,,3,,,0.23,,0.33,,0,0,2014,,,,,,,
Federico Carrizo,ARG,"FW,MF",22,18.3,1,,9,,,0.58,,0.11,,0,0,2014,,,,,,,
Jonathan Calleri,ARG,FW,20,18.0,8,,18,,,1.72,,0.33,,0,0,2014,,,,,,,
Nicolás Colazo,ARG,"DF,MF",23,17.1,0,,1,,,0.11,,0.0,,0,0,2014,,,,,,,
Marcelo Meli,ARG,MF,21,16.3,1,,4,,,0.47,,0.25,,0,0,2014,,,,,,,
Emmanuel Gigliotti,ARG,FW,26,15.4,7,,13,,,1.01,,0.38,,0,2,2014,,,,,,,
Mariano Echeverría,ARG,DF,32,15.4,2,,5,,,0.4,,0.4,,0,0,2014,,,,,,,
Cristian Erbes,ARG,MF,24,15.1,0,,5,,,0.54,,0.0,,0,0,2014,,,,,,,
Andrés Chávez,ARG,"FW,MF",22,14.5,6,,10,,,1.4,,0.2,,0,0,2014,,,,,,,
Fernando Gago,ARG,MF,27,14.4,1,,6,,,0.69,,0.17,,0,0,2014,,,,,,,
Cata Díaz,ARG,DF,34,11.7,1,,1,,,0.12,,1.0,,0,0,2014,,,,,,,
Gonzalo Castellani,ARG,MF,26,10.4,0,,6,,,0.68,,0.0,,0,0,2014,,,,,,,
José Pedro Fuenzalida,CHI,"DF,FW",28,10.4,1,,2,,,0.31,,0.0,,0,0,2014,,,,,,,
Emanuel Insúa,ARG,DF,22,9.7,1,,4,,,0.44,,0.25,,0,0,2014,,,,,,,
Lisandro Magallán,ARG,DF,20,9.4,1,,2,,,0.28,,0.5,,0,0,2014,,,,,,,
Juan Forlín,ARG,"DF,MF",26,9.3,0,,0,,,0.0,,,,0,0,2014,,,,,,,
Juan Manuel Martínez,ARG,"FW,MF",28,7.8,3,,4,,,0.73,,0.75,,0,0,2014,,,,,,,
Andrés Cubas,PAR,MF,17,7.5,0,,1,,,0.16,,0.0,,0,0,2014,,,,,,,
Claudio Pérez,ARG,DF,28,7.3,0,,1,,,0.25,,0.0,,0,0,2014,,,,,,,
Unknown,nan,Unknown,,,,,,,,,,,,,,2014,,,,,,,
Hernán Grana,ARG,DF,28,5.0,0,,1,,,0.2,,0.0,,0,0,2014,,,,,,,
Luciano Acosta,ARG,"FW,MF",19,5.0,0,,2,,,0.6,,0.0,,0,0,2014,,,,,,,
Federico Bravo,ARG,"DF,MF",20,4.6,0,,2,,,0.43,,0.0,,0,0,2014,,,,,,,
Nahuel Zárate,ARG,DF,21,4.0,0,,0,,,0.0,,,,0,0,2014,,,,,,,
Franco Cristaldo,ARG,"FW,MF",17,1.6,0,,0,,,0.0,,,,0,0,2014,,,,,,,
Pablo Ledesma,ARG,MF,29,1.2,0,,1,,,0.86,,0.0,,0,0,2014,,,,,,,
Juan Cruz Komar,ARG,DF,17,1.0,0,,0,,,0.0,,,,0,0,2014,,,,,,,
Emanuel Trípodi,ARG,GK,33,1.0,0,,0,,,0.0,,,,0,0,2014,,,,,,,
Leonardo Suárez,ARG,"FW,MF",17,0.6,0,,0,,,0.0,,,,0,0,2014,,,,,,,
Guillermo Burdisso,ARG,DF,25,0.5,0,,0,,,0.0,,,,0,0,2014,,,,,,,
Joel Acosta,ARG,"FW,MF",23,0.3,0,,1,,,3.91,,0.0,,0,0,2014,,,,,,,
Cata Díaz,ARG,DF,35,29.7,2,,,,,,,,,0,0,2015,,,,,,,
Agustín Orión,ARG,GK,33,26.6,0,,,,,,,,,0,0,2015,,,,,,,
Jonathan Calleri,ARG,FW,21,23.6,14,,,,,,,,,0,0,2015,,,,,,,
Nicolás Colazo,ARG,"DF,MF",24,23.2,2,,,,,,,,,0,0,2015,,,,,,,
Marcelo Meli,ARG,MF,22,22.1,4,,,,,,,,,0,0,2015,,,,,,,
Gino Peruzzi,ARG,DF,22,21.4,1,,,,,,,,,0,0,2015,,,,,,,
Nicolás Lodeiro,URU,"FW,MF",25,21.3,4,,,,,,,,,1,1,2015,,,,,,,
Cristian Erbes,ARG,MF,25,20.4,1,,,,,,,,,0,0,2015,,,,,,,
Fabián Monzón,ARG,DF,27,18.8,2,,,,,,,,,0,0,2015,,,,,,,
Fernando Gago,ARG,MF,28,16.8,2,,,,,,,,,1,1,2015,,,,,,,
Pablo Pérez,ARG,MF,29,16.0,2,,,,,,,,,0,0,2015,,,,,,,
Marco Torsiglieri,ARG,"DF,MF",27,15.1,0,,,,,,,,,0,0,2015,,,,,,,
Sebastián Palacios,ARG,"FW,MF",23,13.0,5,,,,,,,,,0,0,2015,,,,,,,
Carlos Tevez,ARG,"FW,MF",30,11.9,5,,,,,,,,,1,2,2015,,,,,,,
Federico Carrizo,ARG,"FW,MF",23,11.7,3,,,,,,,,,0,0,2015,,,,,,,
Dani Osvaldo,ITA,FW,29,11.5,5,,,,,,,,,2,2,2015,,,,,,,
Guillermo Sara,ARG,GK,27,11.3,0,,,,,,,,,0,0,2015,,,,,,,
Andrés Chávez,ARG,"FW,MF",23,10.9,5,,,,,,,,,1,1,2015,,,,,,,
Rodrigo Bentancur,URU,MF,17,10.3,0,,,,,,,,,0,0,2015,,,,,,,
Fernando Tobio,ARG,DF,25,9.9,0,,,,,,,,,0,0,2015,,,,,,,
Unknown,nan,Unknown,,,,,,,,,,,,,,2015,,,,,,,
Leandro Marín,ARG,DF,23,9.6,2,,,,,,,,,0,0,2015,,,,,,,
Andrés Cubas,PAR,MF,18,9.5,0,,,,,,,,,0,0,2015,,,,,,,
Alexis Rolín,URU,DF,25,8.7,0,,,,,,,,,0,0,2015,,,,,,,
Guillermo Burdisso,ARG,DF,26,8.4,1,,,,,,,,,0,0,2015,,,,,,,
Juan Manuel Martínez,ARG,"FW,MF",29,7.2,4,,,,,,,,,1,1,2015,,,,,,,
José Pedro Fuenzalida,CHI,"DF,FW",29,7.2,0,,,,,,,,,0,0,2015,,,,,,,
Franco Cristaldo,ARG,"FW,MF",18,5.1,1,,,,,,,,,0,0,2015,,,,,,,
Cristian Pavón,ARG,"FW,MF",19,4.4,1,,,,,,,,,0,0,2015,,,,,,,
Juan Cruz Komar,ARG,DF,18,3.8,1,,,,,,,,,0,0,2015,,,,,,,
Gonzalo Castellani,ARG,MF,27,2.0,0,,,,,,,,,0,0,2015,,,,,,,
Federico Bravo,ARG,"DF,MF",21,1.0,0,,,,,,,,,0,0,2015,,,,,,,
Lisandro Magallán,ARG,DF,21,1.0,0,,,,,,,,,0,0,2015,,,,,,,
Emmanuel Gigliotti,ARG,FW,27,0.7,0,,,,,,,,,0,0,2015,,,,,,,
Guido Vadalá,ARG,"FW,MF",17,0.3,0,,,,,,,,,0,0,2015,,,,,,,
Cristian Pavón,ARG,FW,20,28.6,9,82,22,26.8,2.87,0.77,0.11,0.41,22.8,0,0,2016,7.0,0.0,0.0,0.0,9.0,9.0,21.0
Pablo Pérez,ARG,MF,30,25.5,0,38,10,26.3,1.49,0.39,0.0,0.0,29.2,0,0,2016,3.0,0.0,0.0,0.0,0.0,0.0,21.0
Gino Peruzzi,ARG,DF,24,24.1,3,7,7,100.0,0.29,0.29,0.43,0.43,10.1,0,0,2016,0.0,0.0,0.0,0.0,3.0,3.0,21.0
Santiago Vergini,ARG,DF,27,24.7,0,4,0,0.0,0.16,0.0,0.0,,18.6,0,0,2016,0.0,0.0,0.0,0.0,0.0,0.0,21.0
Darío Benedetto,ARG,FW,26,20.5,21,80,30,37.5,3.91,1.47,0.25,0.67,17.7,1,1,2016,4.0,0.0,0.0,0.0,21.0,20.0,21.0
Rodrigo Bentancur,URU,MF,19,20.4,0,25,5,20.0,1.22,0.24,0.0,0.0,23.6,0,0,2016,0.0,0.0,0.0,0.0,0.0,0.0,21.0
Juan Manuel Insaurralde,ARG,DF,31,18.5,1,10,3,30.0,0.54,0.16,0.1,0.33,12.0,0,0,2016,0.0,0.0,0.0,0.0,1.0,1.0,21.0
Frank Fabra,COL,DF,25,17.9,1,14,4,28.6,0.78,0.22,0.07,0.25,17.5,0,0,2016,0.0,0.0,0.0,0.0,1.0,1.0,21.0
Ricardo Centurión,ARG,"FW,MF",23,15.0,8,32,14,43.8,2.13,0.93,0.25,0.57,14.6,0,0,2016,0.0,0.0,0.0,0.0,8.0,8.0,21.0
Agustín Rossi,ARG,GK,20,16.0,0,0,0,,0.0,0.0,,,,0,0,2016,0.0,0.0,0.0,,0.0,0.0,21.0
Fernando Gago,ARG,MF,30,15.9,2,13,7,53.8,0.82,0.44,0.08,0.14,33.6,1,1,2016,4.0,0.0,0.0,0.0,2.0,1.0,21.0
Fernando Tobio,ARG,DF,26,12.6,0,4,2,50.0,0.32,0.16,0.0,0.0,15.9,0,0,2016,0.0,0.0,0.0,0.0,0.0,0.0,21.0
Jonathan Silva,ARG,DF,22,12.1,1,19,6,31.6,1.57,0.49,0.05,0.17,23.7,0,0,2016,4.0,0.0,0.0,0.0,1.0,1.0,21.0
Guillermo Sara,ARG,GK,28,12.0,0,0,0,,0.0,0.0,,,,0,0,2016,0.0,0.0,0.0,,0.0,0.0,21.0
Wílmar Barrios,COL,MF,22,12.0,0,2,0,0.0,0.17,0.0,0.0,,25.9,0,0,2016,0.0,0.0,0.0,0.0,0.0,0.0,21.0
Carlos Tevez,ARG,"MF,FW",32,10.2,5,32,13,40.6,3.15,1.28,0.16,0.38,22.2,0,0,2016,5.0,0.0,0.0,0.0,5.0,5.0,21.0
Leonardo Jara,ARG,"DF,MF",25,7.4,0,5,0,0.0,0.68,0.0,0.0,,29.7,0,0,2016,0.0,0.0,0.0,0.0,0.0,0.0,21.0
Walter Bou,ARG,FW,22,9.5,6,23,12,52.2,2.43,1.27,0.26,0.5,14.1,0,0,2016,0.0,0.0,0.0,0.0,6.0,6.0,21.0
Lisandro Magallán,ARG,DF,22,4.7,0,2,1,50.0,0.42,0.21,0.0,0.0,6.2,0,0,2016,0.0,0.0,0.0,0.0,0.0,0.0,21.0
Fernando Zuqui,ARG,FW,24,4.8,0,8,2,25.0,1.66,0.41,0.0,0.0,18.7,0,0,2016,0.0,0.0,0.0,0.0,0.0,0.0,21.0
Sebastián Pérez Cardona,COL,MF,23,4.7,0,2,0,0.0,0.42,0.0,0.0,,24.7,0,0,2016,0.0,0.0,0.0,0.0,0.0,0.0,21.0
Oscar Benítez,ARG,FW,23,3.5,2,7,4,57.1,2.03,1.16,0.29,0.5,12.7,0,0,2016,0.0,0.0,0.0,0.0,2.0,2.0,21.0
Andrés Cubas,PAR,MF,20,2.3,0,0,0,,0.0,0.0,,,,0,0,2016,0.0,0.0,0.0,,0.0,0.0,21.0
Axel Werner,ARG,GK,20,2.0,0,0,0,,0.0,0.0,,,,0,0,2016,0.0,0.0,0.0,,0.0,0.0,21.0
Nazareno Solís,ARG,FW,22,1.2,0,3,0,0.0,2.48,0.0,0.0,,16.6,0,0,2016,0.0,0.0,0.0,0.0,0.0,0.0,21.0
Gonzalo Maroni,ARG,"MF,FW",17,1.0,1,2,1,50.0,2.0,1.0,0.5,1.0,25.9,0,0,2016,0.0,0.0,0.0,0.0,1.0,1.0,21.0
Federico Carrizo,ARG,"FW,MF",25,0.8,0,1,0,0.0,1.32,0.0,0.0,,22.9,0,0,2016,0.0,0.0,0.0,0.0,0.0,0.0,21.0
Gonzalo Castellani,ARG,FW,28,0.7,0,1,0,0.0,1.34,0.0,0.0,,15.1,0,0,2016,0.0,0.0,0.0,0.0,0.0,0.0,21.0
Agustín Rossi,ARG,GK,21,26.0,0,0,0,,0.0,0.0,,,,0,0,2017,0.0,0.0,0.0,,0.0,0.0,21.0
Cristian Pavón,ARG,FW,21,25.2,6,65,21,32.3,2.58,0.83,0.09,0.29,21.9,0,0,2017,4.0,5.1,5.1,0.08,0.9,0.9,21.0
Lisandro Magallán,ARG,DF,23,25.0,0,11,1,9.1,0.44,0.04,0.0,0.0,8.9,0,0,2017,0.0,2.0,2.0,0.18,-2.0,-2.0,21.0
Wílmar Barrios,COL,MF,23,22.1,1,5,2,40.0,0.23,0.09,0.2,0.5,22.7,0,0,2017,0.0,0.2,0.2,0.04,0.8,0.8,21.0
Frank Fabra,COL,DF,26,21.5,2,11,4,36.4,0.51,0.19,0.18,0.5,21.3,0,0,2017,0.0,1.3,1.3,0.11,0.7,0.7,21.0
Nahitan Nández,URU,MF,21,21.0,4,26,5,19.2,1.24,0.24,0.15,0.8,19.5,0,0,2017,0.0,2.5,2.5,0.09,1.5,1.5,21.0
Leonardo Jara,ARG,DF,26,19.1,1,8,1,12.5,0.42,0.05,0.13,1.0,23.8,0,0,2017,0.0,1.0,1.0,0.13,0.0,0.0,21.0
Paolo Goltz,ARG,DF,32,17.5,0,5,1,20.0,0.28,0.06,0.0,0.0,12.1,0,0,2017,0.0,0.3,0.3,0.06,-0.3,-0.3,21.0
Edwin Cardona,COL,"FW,MF",24,17.5,4,65,19,29.2,3.72,1.09,0.05,0.16,24.2,1,1,2017,16.0,6.2,5.4,0.08,-2.2,-2.4,21.0
Pablo Pérez,ARG,MF,31,16.1,5,26,12,46.2,1.61,0.74,0.19,0.42,23.3,0,0,2017,1.0,2.6,2.6,0.1,2.4,2.4,21.0
Carlos Tevez,ARG,"MF,FW",33,9.0,3,27,9,33.3,2.99,1.0,0.11,0.33,17.5,0,1,2017,1.0,4.6,3.8,0.14,-1.6,-0.8,21.0
Darío Benedetto,ARG,FW,27,8.3,9,25,13,52.0,3.0,1.56,0.28,0.54,19.4,2,2,2017,2.0,7.2,5.6,0.22,1.8,1.4,21.0
Emanuel Reynoso,ARG,"MF,FW",21,8.0,0,14,4,28.6,1.76,0.5,0.0,0.0,23.9,0,0,2017,1.0,0.7,0.7,0.05,-0.7,-0.7,21.0
Santiago Vergini,ARG,DF,28,7.9,0,1,0,0.0,0.13,0.0,0.0,,9.2,0,0,2017,0.0,0.3,0.3,0.31,-0.3,-0.3,21.0
Walter Bou,ARG,FW,23,6.4,3,11,6,54.5,1.72,0.94,0.27,0.5,12.2,0,0,2017,0.0,3.2,3.2,0.29,-0.2,-0.2,21.0
Fernando Gago,ARG,MF,31,5.8,0,6,0,0.0,1.04,0.0,0.0,,27.8,0,0,2017,1.0,0.2,0.2,0.04,-0.2,-0.2,21.0
Ramón Ábila,ARG,FW,27,6.0,6,15,8,53.3,2.49,1.33,0.4,0.75,10.6,0,0,2017,0.0,5.8,5.8,0.38,0.2,0.2,21.0
Emmanuel Más,ARG,DF,28,5.4,1,4,2,50.0,0.74,0.37,0.25,0.5,13.3,0,0,2017,0.0,0.8,0.8,0.2,0.2,0.2,21.0
Julio Buffarini,ARG,"DF,MF",28,5.0,0,2,1,50.0,0.4,0.2,0.0,0.0,17.1,0,0,2017,0.0,0.1,0.1,0.04,-0.1,-0.1,21.0
Gino Peruzzi,ARG,DF,25,3.5,0,0,0,,0.0,0.0,,,,0,0,2017,0.0,0.0,0.0,,0.0,0.0,21.0
Unknown,nan,Unknown,,,,,,,,,,,,,,2017,,0.0,0.0,,0.0,0.0,21.0
Cristian Espinoza,ARG,FW,22,3.1,0,6,0,0.0,1.93,0.0,0.0,,20.0,0,0,2017,1.0,0.5,0.5,0.08,-0.5,-0.5,21.0
Sebastián Pérez Cardona,COL,MF,24,2.5,0,0,0,,0.0,0.0,,,,0,0,2017,0.0,0.0,0.0,,0.0,0.0,21.0
Oscar Benítez,ARG,FW,24,3.1,1,4,1,25.0,1.3,0.33,0.25,1.0,11.7,0,0,2017,0.0,0.6,0.6,0.16,0.4,0.4,21.0
Agustín Heredia,ARG,DF,20,2.0,0,0,0,,0.0,0.0,,,,0,0,2017,0.0,0.0,0.0,,0.0,0.0,21.0
Guido Vadalá,ARG,FW,20,2.0,1,4,1,25.0,2.01,0.5,0.25,1.0,9.4,0,0,2017,0.0,1.1,1.1,0.28,-0.1,-0.1,21.0
Agustín Almendra,ARG,MF,17,1.1,0,1,0,0.0,0.91,0.0,0.0,,26.9,0,0,2017,0.0,0.0,0.0,0.04,0.0,0.0,21.0
Julián Chicco,ARG,MF,19,1.0,0,1,0,0.0,0.97,0.0,0.0,,24.6,0,0,2017,0.0,0.0,0.0,0.03,0.0,0.0,21.0
Gonzalo Goñi,ARG,DF,18,1.0,0,0,0,,0.0,0.0,,,,0,0,2017,0.0,0.0,0.0,,0.0,0.0,21.0
Guillermo Sara,ARG,GK,29,1.0,0,0,0,,0.0,0.0,,,,0,0,2017,0.0,0.0,0.0,,0.0,0.0,21.0
Gonzalo Maroni,ARG,MF,18,1.3,0,1,1,100.0,0.78,0.78,0.0,0.0,16.3,0,0,2017,0.0,0.1,0.1,0.07,-0.1,-0.1,21.0
Agustín Bouzat,ARG,FW,23,0.5,0,3,1,33.3,5.51,1.84,0.0,0.0,17.4,0,0,2017,0.0,0.2,0.2,0.05,-0.2,-0.2,21.0
Gonzalo Lamardo,ARG,MF,20,0.3,0,1,0,0.0,3.91,0.0,0.0,,27.9,0,0,2017,0.0,0.0,0.0,0.02,0.0,0.0,21.0
Fernando Evangelista,ARG,FW,25,0.0,0,0,0,,0.0,0.0,,,,0,0,2017,0.0,0.0,0.0,,0.0,0.0,21.0
Juan Manuel Insaurralde,ARG,DF,32,0.0,0,0,0,,0.0,0.0,,,,0,0,2017,0.0,0.0,0.0,,0.0,0.0,21.0
Esteban Andrada,ARG,GK,27,18.0,0,0,0,,0.0,0.0,,,,0,0,2018,0.0,0.0,0.0,,0.0,0.0,21.0
Emmanuel Más,ARG,DF,29,17.5,2,11,6,54.5,0.63,0.34,0.18,0.33,10.6,0,0,2018,0.0,1.4,1.4,0.13,0.6,0.6,21.0
Julio Buffarini,ARG,DF,29,17.0,1,10,3,30.0,0.59,0.18,0.1,0.33,24.0,0,0,2018,0.0,0.6,0.6,0.06,0.4,0.4,21.0
Mauro Zárate,ARG,"FW,MF",31,16.6,6,49,21,42.9,2.95,1.26,0.1,0.24,20.5,1,1,2018,8.0,4.9,4.1,0.08,1.1,0.9,21.0
Carlos Izquierdoz,ARG,DF,29,16.0,1,11,2,18.2,0.69,0.13,0.09,0.5,11.7,0,0,2018,0.0,1.1,1.1,0.1,-0.1,-0.1,21.0
Cristian Pavón,ARG,"FW,MF",22,12.8,4,37,14,37.8,2.9,1.1,0.11,0.29,19.3,0,0,2018,2.0,4.3,4.3,0.12,-0.3,-0.3,21.0
Carlos Tevez,ARG,"MF,FW",34,12.3,5,44,14,31.8,3.56,1.13,0.11,0.36,18.1,0,1,2018,4.0,6.5,5.7,0.13,-1.5,-0.7,21.0
Agustín Almendra,ARG,MF,18,11.9,1,17,2,11.8,1.43,0.17,0.06,0.5,25.7,0,0,2018,0.0,1.0,1.0,0.06,0.0,0.0,21.0
Iván Marcone,ARG,MF,28,11.0,0,0,0,,0.0,0.0,,,,0,0,2018,0.0,0.0,0.0,,0.0,0.0,21.0
Nahitan Nández,URU,MF,22,10.1,2,9,4,44.4,0.89,0.4,0.22,0.5,15.0,0,0,2018,0.0,1.5,1.5,0.16,0.5,0.5,21.0
Sebastián Villa,COL,"FW,MF",22,9.9,3,13,8,61.5,1.31,0.81,0.23,0.38,19.6,0,0,2018,0.0,1.7,1.7,0.13,1.3,1.3,21.0
Darío Benedetto,ARG,FW,28,9.6,2,28,12,42.9,2.9,1.24,0.04,0.08,23.6,1,1,2018,0.0,3.1,2.3,0.08,-1.1,-1.3,21.0
Paolo Goltz,ARG,DF,33,9.9,0,1,1,100.0,0.1,0.1,0.0,0.0,9.7,0,0,2018,0.0,0.1,0.1,0.06,-0.1,-0.1,21.0
Ramón Ábila,ARG,FW,28,8.9,6,19,8,42.1,2.13,0.9,0.32,0.75,11.7,0,0,2018,0.0,6.5,6.5,0.34,-0.5,-0.5,21.0
Fernando Gago,ARG,MF,32,8.0,0,5,3,60.0,0.62,0.37,0.0,0.0,19.3,0,0,2018,0.0,0.2,0.2,0.04,-0.2,-0.2,21.0
Lisandro López,ARG,DF,28,8.0,2,4,4,100.0,0.5,0.5,0.5,0.5,10.8,0,0,2018,0.0,0.4,0.4,0.11,1.6,1.6,21.0
Jorman Campuzano,COL,MF,22,7.9,0,1,0,0.0,0.13,0.0,0.0,,26.4,0,0,2018,0.0,0.0,0.0,0.03,0.0,0.0,21.0
Edwin Cardona,COL,"FW,MF",25,7.5,3,19,6,31.6,2.53,0.8,0.11,0.33,28.2,1,1,2018,8.0,1.6,0.8,0.04,1.4,1.2,21.0
Lisandro Magallán,ARG,DF,24,7.1,1,5,1,20.0,0.71,0.14,0.2,1.0,9.3,0,0,2018,0.0,0.9,0.9,0.19,0.1,0.1,21.0
Emanuel Reynoso,ARG,"MF,FW",22,7.0,1,8,3,37.5,1.14,0.43,0.13,0.33,25.7,0,0,2018,1.0,0.3,0.3,0.04,0.7,0.7,21.0
Unknown,nan,Unknown,,,,,,,,,,,,,,2018,,0.0,0.0,,0.0,0.0,21.0
Júnior Alonso,PAR,DF,25,7.0,0,2,0,0.0,0.29,0.0,0.0,,7.9,0,0,2018,0.0,0.1,0.1,0.07,-0.1,-0.1,21.0
Agustín Rossi,ARG,GK,22,6.0,0,0,0,,0.0,0.0,,,,0,0,2018,0.0,0.0,0.0,,0.0,0.0,21.0
Wílmar Barrios,COL,MF,24,5.7,0,1,0,0.0,0.18,0.0,0.0,,24.2,0,0,2018,0.0,0.0,0.0,0.03,0.0,0.0,21.0
Leonardo Balerdi,ARG,DF,19,5.0,0,2,0,0.0,0.4,0.0,0.0,,11.4,0,0,2018,0.0,0.1,0.1,0.06,-0.1,-0.1,21.0
Lucas Olaza,URU,DF,24,3.5,0,0,0,,0.0,0.0,,,,0,0,2018,0.0,0.0,0.0,,0.0,0.0,21.0
Leonardo Jara,ARG,DF,27,3.4,0,4,0,0.0,1.16,0.0,0.0,,20.8,0,0,2018,0.0,0.1,0.1,0.03,-0.1,-0.1,21.0
Pablo Pérez,ARG,MF,32,3.7,0,6,1,16.7,1.63,0.27,0.0,0.0,25.7,0,0,2018,0.0,0.7,0.7,0.12,-0.7,-0.7,21.0
Cristian Espinoza,ARG,FW,23,3.3,2,9,3,33.3,2.72,0.91,0.22,0.67,17.5,0,0,2018,0.0,1.1,1.1,0.12,0.9,0.9,21.0
Gino Peruzzi,ARG,DF,26,3.0,0,0,0,,0.0,0.0,,,,0,0,2018,0.0,0.0,0.0,,0.0,0.0,21.0
Julián Chicco,ARG,MF,20,2.5,0,1,0,0.0,0.4,0.0,0.0,,36.9,0,0,2018,0.0,0.0,0.0,0.02,0.0,0.0,21.0
Kevin Mac Allister,ARG,DF,20,1.2,0,0,0,,0.0,0.0,,,,0,0,2018,0.0,0.0,0.0,,0.0,0.0,21.0
Marcos Guillermo Díaz,ARG,GK,32,1.0,0,0,0,,0.0,0.0,,,,0,0,2018,0.0,0.0,0.0,,0.0,0.0,21.0
Frank Fabra,COL,DF,27,1.0,0,0,0,,0.0,0.0,,,,0,0,2018,0.0,0.0,0.0,,0.0,0.0,21.0
Agustín Obando,ARG,MF,18,0.8,0,1,1,100.0,1.2,1.2,0.0,0.0,17.3,0,0,2018,0.0,0.1,0.1,0.05,-0.1,-0.1,21.0
Nicolás Capaldo,ARG,MF,20,0.1,0,0,0,,0.0,0.0,,,,0,0,2018,0.0,0.0,0.0,,0.0,0.0,21.0
Brandon Cortés,CHI,MF,17,0.1,0,0,0,,0.0,0.0,,,,0,0,2018,0.0,0.0,0.0,,0.0,0.0,21.0
Mateo Retegui,ITA,FW,19,0.1,0,0,0,,0.0,0.0,,,,0,0,2018,0.0,0.0,0.0,,0.0,0.0,21.0
Esteban Andrada,ARG,GK,28,20.0,0,0,0,,0.0,0.0,,,,0,0,2019,0.0,0.0,0.0,,0.0,0.0,21.0
Julio Buffarini,ARG,DF,30,19.7,0,5,1,20.0,0.25,0.05,0.0,0.0,21.1,0,0,2019,0.0,0.2,0.2,0.04,-0.2,-0.2,21.0
Frank Fabra,COL,DF,28,17.6,2,3,2,66.7,0.17,0.11,0.67,1.0,12.9,0,0,2019,0.0,0.9,0.9,0.3,1.1,1.1,21.0
Carlos Izquierdoz,ARG,DF,30,16.1,1,10,4,40.0,0.62,0.25,0.1,0.25,12.2,0,0,2019,0.0,0.7,0.7,0.07,0.3,0.3,21.0
Sebastián Villa,COL,"MF,FW",23,12.8,2,27,7,25.9,2.11,0.55,0.07,0.29,20.4,0,0,2019,2.0,3.0,3.0,0.11,-1.0,-1.0,21.0
Lisandro López,ARG,DF,29,12.3,1,9,4,44.4,0.73,0.32,0.11,0.25,12.7,0,0,2019,0.0,0.9,0.9,0.1,0.1,0.1,21.0
Iván Marcone,ARG,MF,29,12.5,0,0,0,,0.0,0.0,,,,0,0,2019,0.0,0.0,0.0,,0.0,0.0,21.0
Eduardo Salvio,ARG,"MF,FW",29,12.4,6,39,20,51.3,3.16,1.62,0.15,0.3,16.9,0,0,2019,0.0,4.3,4.2,0.11,1.7,1.8,21.0
Franco Soldano,ARG,FW,24,11.3,2,16,7,43.8,1.42,0.62,0.13,0.29,14.3,0,1,2019,0.0,2.8,2.0,0.13,-0.8,0.0,21.0
Júnior Alonso,PAR,DF,26,12.8,0,4,0,0.0,0.31,0.0,0.0,,13.2,0,0,2019,0.0,0.3,0.3,0.07,-0.3,-0.3,21.0
Carlos Tevez,ARG,"FW,MF",35,11.7,9,33,19,57.6,2.82,1.62,0.27,0.47,17.5,0,1,2019,5.0,5.7,4.9,0.15,3.3,4.1,21.0
Jorman Campuzano,COL,MF,23,10.5,0,3,0,0.0,0.29,0.0,0.0,,25.3,0,0,2019,0.0,0.1,0.1,0.04,-0.1,-0.1,21.0
Emanuel Reynoso,ARG,"MF,FW",23,10.0,1,13,6,46.2,1.3,0.6,0.08,0.17,23.5,0,0,2019,3.0,1.7,1.7,0.13,-0.7,-0.7,21.0
Nicolás Capaldo,ARG,MF,21,9.7,0,6,2,33.3,0.62,0.21,0.0,0.0,14.9,0,0,2019,0.0,1.1,1.1,0.18,-1.1,-1.1,21.0
Alexis Mac Allister,ARG,MF,20,7.9,1,24,12,50.0,3.05,1.53,0.04,0.08,23.3,0,0,2019,5.0,2.2,2.2,0.09,-1.2,-1.2,21.0
Guillermo Matías Fernández,ARG,MF,27,6.5,1,4,1,25.0,0.61,0.15,0.25,1.0,22.7,0,0,2019,1.0,0.2,0.2,0.05,0.8,0.8,21.0
Agustín Obando,ARG,"MF,FW",19,5.9,0,6,2,33.3,1.02,0.34,0.0,0.0,13.3,0,0,2019,0.0,0.9,0.9,0.15,-0.9,-0.9,21.0
Jan Carlos Hurtado,VEN,FW,19,7.1,1,16,5,31.3,2.25,0.7,0.06,0.2,13.8,0,0,2019,0.0,2.8,2.8,0.17,-1.8,-1.8,21.0
Agustín Almendra,ARG,MF,19,4.8,1,8,2,25.0,1.66,0.41,0.13,0.5,26.1,0,0,2019,0.0,1.1,1.1,0.14,-0.1,-0.1,21.0
Mauro Zárate,ARG,"FW,MF",32,5.4,2,27,13,48.1,5.01,2.41,0.07,0.15,21.2,0,0,2019,9.0,2.6,2.6,0.1,-0.6,-0.6,21.0
Ramón Ábila,ARG,FW,29,5.2,5,11,6,54.5,2.12,1.16,0.36,0.67,10.3,1,1,2019,0.0,4.6,3.8,0.35,0.4,0.2,21.0
Emmanuel Más,ARG,DF,30,4.9,0,8,1,12.5,1.63,0.2,0.0,0.0,14.2,0,0,2019,0.0,0.4,0.4,0.05,-0.4,-0.4,21.0
Paolo Goltz,ARG,DF,34,4.0,0,5,0,0.0,1.25,0.0,0.0,,12.5,0,0,2019,1.0,0.3,0.3,0.07,-0.3,-0.3,21.0
Daniele De Rossi,ITA,MF,36,3.8,0,0,0,,0.0,0.0,,,,0,0,2019,0.0,0.0,0.0,,0.0,0.0,21.0
Marcos Guillermo Díaz,ARG,GK,33,3.0,0,0,0,,0.0,0.0,,,,0,0,2019,0.0,0.0,0.0,,0.0,0.0,21.0
Marcelo Weigandt,ARG,DF,19,3.0,0,5,1,20.0,1.67,0.33,0.0,0.0,18.1,0,0,2019,0.0,0.2,0.2,0.04,-0.2,-0.2,21.0
Carlos Zambrano,PER,DF,30,0.7,0,1,1,100.0,1.34,1.34,0.0,0.0,15.6,0,0,2019,0.0,0.0,0.0,0.03,0.0,0.0,21.0
Gastón Ávila,ARG,DF,17,0.1,0,0,0,,0.0,0.0,,,,0,0,2019,0.0,0.0,0.0,,0.0,0.0,21.0
Carlos Izquierdoz,ARG,DF,31,19.7,0,17,5,29.4,0.86,0.25,0.0,0.0,11.7,0,0,2020,0.0,0.6,0.6,0.05,-0.6,-0.6,
Esteban Andrada,ARG,GK,29,18.7,0,0,0,,0.0,0.0,,,,0,0,2020,0.0,0.0,0.0,,0.0,0.0,
Nicolás Capaldo,ARG,MF,22,17.3,0,18,7,38.9,1.04,0.4,0.0,0.0,19.8,0,0,2020,0.0,0.8,0.8,0.09,-0.8,-0.8,
Sebastián Villa,COL,"MF,FW",23,15.1,2,38,14,36.8,2.51,0.93,0.03,0.07,21.3,1,1,2020,1.0,2.4,1.6,0.09,-1.4,-1.6,
Jorman Campuzano,COL,MF,23,14.8,0,1,0,0.0,0.07,0.0,0.0,,,0,0,2020,0.0,0.0,0.0,,0.0,0.0,
Julio Buffarini,ARG,DF,31,14.4,0,4,2,50.0,0.28,0.14,0.0,0.0,17.5,0,0,2020,0.0,0.2,0.2,0.04,-0.2,-0.2,
Carlos Tevez,ARG,FW,35,14.3,5,50,19,38.0,3.5,1.33,0.1,0.26,20.1,0,0,2020,3.0,3.9,3.9,0.1,-0.9,-0.9,
Leonardo Jara,ARG,DF,28,14.1,0,7,2,28.6,0.5,0.14,0.0,0.0,22.8,0,0,2020,0.0,0.2,0.2,0.04,-0.2,-0.2,
Eduardo Salvio,ARG,MF,29,13.7,6,37,14,37.8,2.69,1.02,0.16,0.43,14.3,0,0,2020,0.0,3.5,3.5,0.13,2.5,2.5,
Carlos Zambrano,PER,DF,30,13.1,0,4,0,0.0,0.31,0.0,0.0,,9.6,0,0,2020,0.0,0.4,0.4,0.19,-0.4,-0.4,
Frank Fabra,COL,DF,28,12.7,0,6,4,66.7,0.47,0.31,0.0,0.0,18.1,0,0,2020,0.0,0.2,0.2,0.06,-0.2,-0.2,
Edwin Cardona,COL,"MF,FW",27,12.6,4,26,12,46.2,2.07,0.96,0.15,0.33,23.1,0,0,2020,0.0,0.5,0.5,0.06,-0.5,-0.5,
Emmanuel Más,ARG,"DF,MF",31,11.6,0,5,1,20.0,0.43,0.09,0.0,0.0,,0,0,2020,0.0,0.0,0.0,,0.0,0.0,
Lisandro López,ARG,DF,30,11.3,2,12,4,33.3,1.06,0.35,0.17,0.5,13.6,0,0,2020,0.0,0.3,0.3,0.05,0.7,0.7,
Franco Soldano,ARG,FW,25,10.1,1,21,8,38.1,2.07,0.79,0.05,0.13,14.0,0,0,2020,0.0,2.1,2.1,0.16,-2.1,-2.1,
Ramón Ábila,ARG,FW,30,9.2,7,25,9,36.0,2.72,0.98,0.28,0.78,11.4,0,2,2020,0.0,0.7,0.7,0.11,0.3,0.3,
Mauro Zárate,ARG,"FW,MF",32,7.8,1,23,11,47.8,2.94,1.41,0.04,0.09,20.5,0,0,2020,0.0,0.1,0.1,0.05,-0.1,-0.1,
Agustín Rossi,ARG,GK,24,6.0,0,0,0,,0.0,0.0,,,,0,0,2020,,0.0,0.0,,0.0,0.0,
Guillermo Matías Fernández,ARG,MF,28,5.4,0,6,2,33.3,1.11,0.37,0.0,0.0,22.2,0,0,2020,0.0,0.3,0.3,0.04,-0.3,-0.3,
Agustín Obando,ARG,"MF,FW",19,5.2,1,8,2,25.0,1.54,0.38,0.13,0.5,15.9,0,0,2020,0.0,0.1,0.1,0.05,-0.1,-0.1,
Unknown,nan,Unknown,,,,,,,,,,,,,,2020,,0.0,0.0,,0.0,0.0,
Diego González,ARG,MF,31,4.7,1,4,1,25.0,0.85,0.21,0.25,1.0,,0,0,2020,0.0,0.0,0.0,,0.0,0.0,
Gastón Ávila,ARG,DF,18,4.0,0,0,0,,0.0,0.0,,,,0,0,2020,,0.0,0.0,,0.0,0.0,
Gonzalo Maroni,ARG,"MF,FW",20,3.5,0,5,2,40.0,1.43,0.57,0.0,0.0,13.1,0,0,2020,0.0,0.6,0.6,0.31,-0.6,-0.6,
Alan Varela,ARG,MF,18,3.2,0,4,1,25.0,1.24,0.31,0.0,0.0,,0,0,2020,,0.0,0.0,,0.0,0.0,
Exequiel Zeballos,ARG,"FW,MF",17,2.7,0,4,2,50.0,1.46,0.73,0.0,0.0,,0,0,2020,,0.0,0.0,,0.0,0.0,
Júnior Alonso,PAR,DF,26,1.3,0,1,0,0.0,0.78,0.0,0.0,,36.0,0,0,2020,0.0,0.0,0.0,0.02,0.0,0.0,
Emanuel Reynoso,ARG,"MF,FW",24,1.2,1,2,1,50.0,1.61,0.8,0.5,1.0,31.5,0,0,2020,1.0,0.1,0.1,0.04,0.9,0.9,
Iván Marcone,ARG,MF,29,1.1,0,0,0,,0.0,0.0,,,,0,0,2020,0.0,0.0,0.0,,0.0,0.0,
Walter Bou,ARG,FW,26,1.0,0,1,0,0.0,0.98,0.0,0.0,,14.2,0,0,2020,0.0,0.1,0.1,0.08,-0.1,-0.1,
Luis Vázquez,ARG,FW,19,0.0,0,0,0,,0.0,0.0,,,,0,0,2020,,0.0,0.0,,0.0,0.0,
Carlos Izquierdoz,ARG,DF,32,40.3,3,34,8,23.5,0.84,0.2,0.09,0.38,11.2,0,0,2021,0.0,3.1,3.1,0.09,-0.1,-0.1,
Agustín Rossi,ARG,GK,25,33.0,0,0,0,,0.0,0.0,,,,0,0,2021,0.0,0.0,0.0,,0.0,0.0,
Frank Fabra,COL,DF,29,32.4,2,11,4,36.4,0.34,0.12,0.18,0.5,17.6,0,0,2021,0.0,0.7,0.7,0.06,1.3,1.3,
Sebastián Villa,COL,"FW,MF",24,24.9,9,64,34,53.1,2.57,1.37,0.13,0.24,18.8,1,2,2021,4.0,9.8,8.2,0.13,-0.8,-0.2,
Jorman Campuzano,COL,MF,24,23.4,1,2,2,100.0,0.09,0.09,0.5,0.5,23.5,0,0,2021,0.0,0.1,0.1,0.05,0.9,0.9,
Cristian Medina,ARG,MF,18,23.0,1,17,6,35.3,0.74,0.26,0.06,0.17,20.1,0,0,2021,0.0,2.0,2.0,0.12,-1.0,-1.0,
Cristian Pavón,ARG,"FW,MF",25,22.2,4,57,16,28.1,2.57,0.72,0.05,0.19,20.4,1,1,2021,4.0,5.6,4.8,0.09,-1.6,-1.8,
Lisandro López,ARG,DF,31,22.2,2,19,7,36.8,0.86,0.32,0.11,0.29,14.6,0,0,2021,0.0,1.8,1.8,0.09,0.2,0.2,
Marcos Rojo,ARG,DF,30,21.9,1,11,1,9.1,0.5,0.05,0.0,0.0,25.7,1,1,2021,1.0,1.4,0.6,0.06,-0.4,-0.6,
Agustín Almendra,ARG,MF,20,19.5,4,45,11,24.4,2.31,0.56,0.09,0.36,29.0,0,0,2021,2.0,2.1,2.1,0.05,1.9,1.9,
Alan Varela,ARG,MF,19,16.2,0,8,3,37.5,0.5,0.19,0.0,0.0,28.3,0,0,2021,0.0,0.4,0.4,0.05,-0.4,-0.4,
Luis Vázquez,ARG,FW,20,16.0,7,45,17,37.8,2.8,1.06,0.16,0.41,12.1,0,0,2021,0.0,7.7,7.7,0.17,-0.7,-0.7,
Carlos Tevez,ARG,FW,36,15.4,4,46,18,39.1,2.99,1.17,0.09,0.22,18.8,0,0,2021,8.0,6.2,6.2,0.13,-2.2,-2.2,
Carlos Zambrano,PER,DF,31,14.8,2,7,2,28.6,0.47,0.14,0.29,1.0,17.3,0,0,2021,0.0,0.7,0.6,0.09,1.3,1.4,
Nicolás Capaldo,ARG,"DF,MF",23,14.6,0,8,4,50.0,0.55,0.27,0.0,0.0,17.5,0,0,2021,0.0,1.2,1.2,0.15,-1.2,-1.2,
Edwin Cardona,COL,MF,28,14.0,3,35,6,17.1,2.5,0.43,0.09,0.5,26.6,0,0,2021,10.0,1.8,1.8,0.05,1.2,1.2,
Juan Ramírez,ARG,MF,27,12.5,1,15,4,26.7,1.2,0.32,0.07,0.25,21.2,0,0,2021,0.0,1.1,1.1,0.08,-0.1,-0.1,
Luis Advíncula,PER,DF,30,11.6,0,3,1,33.3,0.26,0.09,0.0,0.0,27.0,0,0,2021,0.0,0.1,0.1,0.05,-0.1,-0.1,
Norberto Briasco,ARM,FW,24,11.0,1,13,2,15.4,1.18,0.18,0.08,0.5,13.1,0,0,2021,0.0,1.3,1.3,0.1,-0.3,-0.3,
Esteban Andrada,ARG,GK,30,11.0,0,0,0,,0.0,0.0,,,,0,0,2021,0.0,0.0,0.0,,0.0,0.0,
Aaron Nicolás Molinas,ARG,FW,20,10.6,0,20,6,30.0,1.88,0.56,0.0,0.0,21.7,0,0,2021,2.0,1.7,1.7,0.08,-1.7,-1.7,
Agustín Sández,PAR,DF,20,10.4,0,6,1,16.7,0.58,0.1,0.0,0.0,20.6,0,0,2021,0.0,0.4,0.4,0.07,-0.4,-0.4,
Marcelo Weigandt,ARG,DF,21,10.4,1,11,2,18.2,1.06,0.19,0.09,0.5,17.2,0,0,2021,0.0,0.9,0.9,0.08,0.1,0.1,
Esteban Rolón,ARG,MF,25,10.0,0,4,0,0.0,0.4,0.0,0.0,,25.4,0,0,2021,0.0,0.2,0.2,0.04,-0.2,-0.2,
Rodrigo Montes,ARG,"MF,FW",21,8.6,1,13,4,30.8,1.51,0.46,0.08,0.25,22.7,0,0,2021,0.0,1.0,1.0,0.08,0.0,0.0,
Unknown,nan,Unknown,,,,,,,,,,,,,,2021,,0.0,0.0,,0.0,0.0,
Julio Buffarini,ARG,DF,32,8.6,0,4,0,0.0,0.46,0.0,0.0,,20.2,0,0,2021,0.0,0.2,0.2,0.05,-0.2,-0.2,
Diego González,ARG,MF,32,7.9,2,12,4,33.3,1.51,0.5,0.17,0.5,20.3,0,0,2021,1.0,0.7,0.7,0.06,1.3,1.3,
Franco Soldano,ARG,FW,26,6.5,2,6,3,50.0,0.93,0.46,0.33,0.67,8.9,0,0,2021,0.0,1.8,1.8,0.3,0.2,0.2,
Agustín Obando,ARG,"FW,MF",20,5.9,1,7,2,28.6,1.18,0.34,0.14,0.5,20.1,0,0,2021,0.0,0.3,0.3,0.05,0.7,0.7,
Gonzalo Maroni,ARG,"FW,MF",21,5.7,3,11,5,45.5,1.92,0.87,0.27,0.6,12.8,0,0,2021,0.0,2.8,2.8,0.25,0.2,0.2,
Eros Mancuso,ARG,DF,21,4.7,1,8,3,37.5,1.7,0.64,0.13,0.33,21.8,0,0,2021,0.0,0.5,0.5,0.06,0.5,0.5,
Nicolás Orsini,ARG,FW,26,4.5,1,10,3,30.0,2.2,0.66,0.1,0.33,11.3,0,0,2021,0.0,1.6,1.6,0.16,-0.6,-0.6,
Mauro Zárate,ARG,"FW,MF",33,4.4,1,10,4,40.0,2.25,0.9,0.1,0.25,17.0,0,0,2021,0.0,1.3,1.3,0.16,-0.3,-0.3,
Eduardo Salvio,ARG,"FW,MF",30,4.4,1,13,9,69.2,2.95,2.05,0.08,0.11,18.6,0,0,2021,0.0,0.9,0.9,0.07,0.1,0.1,
Exequiel Zeballos,ARG,MF,18,3.9,1,4,0,0.0,1.03,0.0,0.0,,32.2,1,1,2021,1.0,1.0,0.2,0.05,0.0,-0.2,
Emmanuel Más,ARG,DF,32,3.8,0,1,0,0.0,0.27,0.0,0.0,,33.2,0,0,2021,0.0,0.0,0.0,0.02,0.0,0.0,
Leonardo Jara,ARG,MF,29,3.5,0,3,1,33.3,0.86,0.29,0.0,0.0,22.9,0,0,2021,0.0,0.3,0.3,0.09,-0.3,-0.3,
Javier Hernán García,ARG,GK,34,3.0,0,0,0,,0.0,0.0,,,,0,0,2021,0.0,0.0,0.0,,0.0,0.0,
Ezequiél Fernández,ARG,MF,18,2.5,0,0,0,,0.0,0.0,,,,0,0,2021,0.0,0.0,0.0,,0.0,0.0,
Valentín Barco,ARG,DF,16,2.3,0,1,0,0.0,0.44,0.0,0.0,,21.0,0,0,2021,1.0,0.1,0.1,0.08,-0.1,-0.1,
Vicente Taborda,ARG,"MF,FW",19,2.1,0,3,0,0.0,1.44,0.0,0.0,,24.3,0,0,2021,0.0,0.2,0.2,0.06,-0.2,-0.2,
Gabriel Vega,ARG,MF,18,2.1,0,2,0,0.0,0.96,0.0,0.0,,19.0,0,0,2021,0.0,0.1,0.1,0.07,-0.1,-0.1,
Gabriel Aranda,ARG,DF,19,2.0,0,1,0,0.0,0.5,0.0,0.0,,10.1,0,0,2021,0.0,0.1,0.1,0.1,-0.1,-0.1,
Balthazar Bernardi,ARG,DF,19,2.0,0,0,0,,0.0,0.0,,,,0,0,2021,0.0,0.0,0.0,,0.0,0.0,
Agustín Lastra,ARG,GK,20,2.0,0,0,0,,0.0,0.0,,,,0,0,2021,0.0,0.0,0.0,,0.0,0.0,
Renzo Giampaoli,ARG,DF,21,2.0,0,1,0,0.0,0.5,0.0,0.0,,16.5,0,0,2021,0.0,0.0,0.0,0.05,0.0,0.0,
Israel Escalante,ARG,FW,22,1.4,0,1,0,0.0,0.72,0.0,0.0,,5.3,0,0,2021,0.0,0.1,0.1,0.14,-0.1,-0.1,
Érik Bodencer,ARG,FW,20,1.2,0,4,1,25.0,3.43,0.86,0.0,0.0,22.3,0,0,2021,0.0,0.3,0.3,0.07,-0.3,-0.3,
Ezequiel Almirón,ARG,FW,18,0.3,0,0,0,,0.0,0.0,,,,0,0,2021,0.0,0.0,0.0,,0.0,0.0,
Nicolás Valentini,ARG,DF,19,0.3,0,0,0,,0.0,0.0,,,,0,0,2021,0.0,0.0,0.0,,0.0,0.0,
Juan Cabaña,ARG,MF,19,0.2,0,1,0,0.0,4.09,0.0,0.0,,30.1,0,0,2021,0.0,0.0,0.0,0.03,0.0,0.0,
Kevin Duarte,ARG,MF,19,0.2,0,0,0,,0.0,0.0,,,,0,0,2021,0.0,0.0,0.0,,0.0,0.0,
Nahuel Génez,ARG,DF,17,0.1,0,0,0,,0.0,0.0,,,,0,0,2021,0.0,0.0,0.0,,0.0,0.0,
Iván Alvariño,ARG,FW,19,0.1,0,0,0,,0.0,0.0,,,,0,0,2021,0.0,0.0,0.0,,0.0,0.0,
Lucas Palma,ARG,FW,17,0.1,0,0,0,,0.0,0.0,,,,0,0,2021,0.0,0.0,0.0,,0.0,0.0,
Agustín Rossi,ARG,GK,26,44.2,0,0,0,,0.0,0.0,,,,0,0,2022,0.0,0.0,0.0,,0.0,0.0,
Guillermo Matías Fernández,ARG,MF,30,42.2,3,29,14,48.3,0.69,0.33,0.1,0.21,15.5,0,1,2022,1.0,3.9,3.1,0.11,-0.9,-0.1,
Frank Fabra,COL,DF,30,41.9,3,18,10,55.6,0.43,0.24,0.17,0.3,18.3,0,0,2022,0.0,1.5,1.5,0.08,1.5,1.5,
Luis Advíncula,PER,DF,31,41.1,1,18,5,27.8,0.44,0.12,0.06,0.2,21.4,0,0,2022,0.0,1.4,1.4,0.08,-0.4,-0.4,
Sebastián Villa,COL,"MF,FW",25,32.7,9,97,41,42.3,2.97,1.25,0.09,0.22,23.3,0,0,2022,12.0,6.8,6.8,0.07,2.2,2.2,
Alan Varela,ARG,MF,20,32.3,1,25,5,20.0,0.77,0.15,0.04,0.2,28.7,0,0,2022,0.0,0.6,0.6,0.02,0.4,0.4,
Óscar Romero,PAR,MF,29,31.5,2,63,25,39.7,2.0,0.79,0.03,0.08,25.6,0,0,2022,16.0,4.2,4.2,0.07,-2.2,-2.2,
Darío Benedetto,ARG,FW,31,30.0,15,73,28,38.4,2.43,0.93,0.18,0.46,16.0,2,4,2022,1.0,13.0,9.9,0.14,2.0,3.1,
Marcos Rojo,ARG,DF,31,28.4,5,23,6,26.1,0.81,0.21,0.13,0.5,17.6,2,3,2022,0.0,3.9,1.5,0.07,1.1,1.5,
Juan Ramírez,ARG,MF,28,24.8,1,36,4,11.1,1.45,0.16,0.03,0.25,19.7,0,0,2022,0.0,2.2,2.2,0.06,-1.2,-1.2,
Carlos Zambrano,PER,DF,32,24.7,0,10,2,20.0,0.4,0.08,0.0,0.0,11.6,0,0,2022,0.0,0.5,0.5,0.05,-0.5,-0.5,
Luis Vázquez,ARG,FW,21,21.5,4,48,15,31.3,2.23,0.7,0.08,0.27,14.4,0,0,2022,0.0,4.4,4.4,0.09,-0.4,-0.4,
Cristian Medina,ARG,MF,19,16.0,0,15,4,26.7,0.93,0.25,0.0,0.0,18.5,0,0,2022,0.0,1.0,1.0,0.06,-1.0,-1.0,
Carlos Izquierdoz,ARG,DF,33,15.7,1,12,4,33.3,0.76,0.25,0.08,0.25,12.3,0,0,2022,0.0,0.7,0.7,0.06,0.3,0.3,
Jorge Figal,ARG,DF,27,15.1,0,3,0,0.0,0.2,0.0,0.0,,14.7,0,0,2022,0.0,0.3,0.3,0.11,-0.3,-0.3,
Exequiel Zeballos,ARG,"MF,FW",19,14.9,3,41,12,29.3,2.75,0.8,0.07,0.25,20.9,0,0,2022,5.0,3.2,3.2,0.08,-0.2,-0.2,
Eduardo Salvio,ARG,MF,31,11.9,4,32,11,34.4,2.69,0.92,0.06,0.18,15.6,2,2,2022,0.0,4.7,3.2,0.1,-0.7,-1.2,
Agustín Sández,PAR,DF,21,11.8,1,4,1,25.0,0.34,0.08,0.25,1.0,17.3,0,0,2022,0.0,0.4,0.4,0.1,0.6,0.6,
Gabriel Aranda,ARG,DF,20,11.0,0,5,3,60.0,0.45,0.27,0.0,0.0,10.2,0,0,2022,0.0,0.5,0.5,0.09,-0.5,-0.5,
Aaron Nicolás Molinas,ARG,MF,21,11.0,0,14,8,57.1,1.27,0.73,0.0,0.0,25.3,0,0,2022,3.0,0.7,0.7,0.05,-0.7,-0.7,
Luca Langoni,ARG,"FW,MF",19,10.5,6,15,10,66.7,1.42,0.95,0.4,0.6,15.4,0,0,2022,0.0,1.9,1.9,0.13,4.1,4.1,
Jorman Campuzano,COL,MF,25,9.9,0,3,0,0.0,0.3,0.0,0.0,,18.9,0,0,2022,0.0,0.1,0.1,0.03,-0.1,-0.1,
Marcelo Weigandt,ARG,DF,22,9.0,0,9,0,0.0,1.0,0.0,0.0,,19.8,0,0,2022,0.0,0.7,0.7,0.08,-0.7,-0.7,
Facundo Roncaglia,ARG,DF,34,8.7,0,5,2,40.0,0.58,0.23,0.0,0.0,15.8,0,0,2022,0.0,0.3,0.3,0.07,-0.3,-0.3,
Javier Hernán García,ARG,GK,35,8.0,0,0,0,,0.0,0.0,,,,0,0,2022,0.0,0.0,0.0,,0.0,0.0,
Unknown,nan,Unknown,,,,,,,,,,,,,,2022,,0.0,0.0,,0.0,0.0,
Martín Payero,ARG,"MF,FW",23,7.5,1,13,2,15.4,1.73,0.27,0.08,0.5,25.8,0,0,2022,2.0,1.0,1.0,0.08,0.0,0.0,
Nicolás Orsini,ARG,FW,27,5.6,0,12,3,25.0,2.13,0.53,0.0,0.0,12.2,0,0,2022,0.0,0.8,0.8,0.07,-0.8,-0.8,
Esteban Rolón,ARG,MF,26,4.4,0,1,1,100.0,0.23,0.23,0.0,0.0,28.5,0,0,2022,0.0,0.0,0.0,0.03,0.0,0.0,
Gastón Ávila,ARG,DF,20,3.6,0,4,1,25.0,1.13,0.28,0.0,0.0,18.6,0,0,2022,0.0,0.1,0.1,0.04,-0.1,-0.1,
Diego González,ARG,MF,33,3.0,0,6,3,50.0,2.0,1.0,0.0,0.0,15.6,0,0,2022,0.0,0.4,0.4,0.07,-0.4,-0.4,
Norberto Briasco,ARM,"FW,MF",25,1.7,1,1,1,100.0,0.59,0.59,1.0,1.0,15.3,0,0,2022,0.0,0.0,0.0,0.04,1.0,1.0,
Gonzalo Morales,ARG,FW,18,1.5,1,5,3,60.0,3.28,1.97,0.2,0.33,21.6,0,0,2022,0.0,0.3,0.3,0.05,0.7,0.7,
Gabriel Vega,ARG,MF,19,1.0,0,1,0,0.0,1.02,0.0,0.0,,25.6,0,0,2022,0.0,0.0,0.0,0.02,0.0,0.0,
Maximiliano Zalazar,ARG,"FW,MF",20,0.6,0,0,0,,0.0,0.0,,,,0,0,2022,0.0,0.0,0.0,,0.0,0.0,
Leandro Brey,ARG,GK,19,0.5,0,0,0,,0.0,0.0,,,,0,0,2022,0.0,0.0,0.0,,0.0,0.0,
Brandon Cortés,CHI,"MF,FW",20,0.4,0,0,0,,0.0,0.0,,,,0,0,2022,0.0,0.0,0.0,,0.0,0.0,
Simón Rivero,ARG,"MF,FW",18,0.2,0,1,0,0.0,5.63,0.0,0.0,,12.8,0,0,2022,0.0,0.1,0.1,0.07,-0.1,-0.1,
Agustín Almendra,ARG,MF,21,0.1,0,0,0,,0.0,0.0,,,,0,0,2022,0.0,0.0,0.0,,0.0,0.0,
Vicente Taborda,ARG,MF,20,0.0,0,0,0,,0.0,0.0,,,,0,0,2022,0.0,0.0,0.0,,0.0,0.0,
Sergio Romero,ARG,GK,35,46.3,0,0,0,,0.0,0.0,,,,0,0,2023,0.0,0.0,0.0,,0.0,0.0,
Jorge Figal,ARG,DF,28,40.5,4,31,7,22.6,0.77,0.17,0.13,0.57,15.9,0,0,2023,0.0,3.0,3.0,0.1,1.0,1.0,
Guillermo Matías Fernández,ARG,MF,31,37.8,2,21,5,23.8,0.56,0.13,0.1,0.4,17.2,0,0,2023,0.0,2.7,2.7,0.13,-0.7,-0.7,
Cristian Medina,ARG,"MF,FW",20,33.3,4,40,15,37.5,1.2,0.45,0.1,0.27,18.7,0,0,2023,0.0,5.1,5.1,0.13,-1.1,-1.1,
Luis Advíncula,PER,"DF,FW",32,32.8,4,24,10,41.7,0.73,0.31,0.17,0.4,22.4,0,0,2023,0.0,0.8,0.8,0.04,3.2,3.2,
Frank Fabra,COL,DF,31,29.6,0,10,5,50.0,0.34,0.17,0.0,0.0,16.8,0,0,2023,0.0,0.8,0.8,0.08,-0.8,-0.8,
Miguel Merentiel,URU,FW,26,27.0,15,59,23,39.0,2.18,0.85,0.22,0.57,14.9,2,2,2023,4.0,13.2,11.6,0.2,1.8,1.4,
Alan Varela,ARG,MF,21,26.3,1,20,4,20.0,0.76,0.15,0.05,0.25,26.0,0,0,2023,0.0,1.0,1.0,0.05,0.0,0.0,
Nicolás Valentini,ARG,DF,21,25.7,1,13,6,46.2,0.51,0.23,0.08,0.17,12.4,0,0,2023,0.0,1.4,1.4,0.11,-0.4,-0.4,
Bruno Valdez,PAR,"DF,FW",30,25.5,0,12,2,16.7,0.47,0.08,0.0,0.0,9.2,0,0,2023,0.0,1.4,1.4,0.11,-1.4,-1.4,
Ezequiél Fernández,ARG,MF,20,25.2,0,18,4,22.2,0.71,0.16,0.0,0.0,23.2,0,0,2023,0.0,1.1,1.1,0.06,-1.1,-1.1,
Marcelo Weigandt,ARG,DF,23,24.4,2,20,8,40.0,0.82,0.33,0.1,0.25,15.7,0,0,2023,0.0,2.0,2.0,0.1,0.0,0.0,
Valentín Barco,ARG,"MF,DF",18,22.9,2,29,10,34.5,1.26,0.44,0.07,0.2,21.6,0,0,2023,0.0,2.5,2.5,0.09,-0.5,-0.5,
Darío Benedetto,ARG,FW,32,19.2,5,47,11,23.4,2.45,0.57,0.11,0.45,15.9,0,1,2023,0.0,6.9,6.1,0.13,-1.9,-1.1,
Sebastián Villa,COL,"FW,MF",26,18.9,1,46,15,32.6,2.43,0.79,0.02,0.07,24.1,0,0,2023,10.0,3.1,3.1,0.07,-2.1,-2.1,
Facundo Roncaglia,ARG,DF,35,15.7,0,4,1,25.0,0.25,0.06,0.0,0.0,9.3,0,0,2023,0.0,0.3,0.3,0.09,-0.3,-0.3,
Óscar Romero,PAR,"FW,MF",30,13.6,2,43,13,30.2,3.15,0.95,0.05,0.15,26.5,0,0,2023,12.0,2.5,2.5,0.06,-0.5,-0.5,
Edinson Cavani,URU,FW,35,12.6,2,19,8,42.1,1.5,0.63,0.11,0.25,12.7,0,0,2023,2.0,3.1,3.1,0.17,-1.1,-1.1,
Marcelo Saracchi,URU,DF,24,11.6,0,8,1,12.5,0.69,0.09,0.0,0.0,19.1,0,0,2023,0.0,0.3,0.3,0.04,-0.3,-0.3,
Luca Langoni,ARG,"FW,MF",20,10.3,3,22,5,22.7,2.14,0.49,0.14,0.6,15.3,0,0,2023,0.0,2.7,2.7,0.12,0.3,0.3,
Lucas Janson,ARG,"FW,MF",28,9.5,2,16,4,25.0,1.69,0.42,0.13,0.5,21.3,0,0,2023,0.0,0.8,0.8,0.05,1.2,1.2,
Marcos Rojo,ARG,DF,32,9.0,1,3,2,66.7,0.33,0.22,0.33,0.5,24.2,0,0,2023,0.0,0.8,0.8,0.26,0.2,0.2,
Javier Hernán García,ARG,GK,36,9.0,0,0,0,,0.0,0.0,,,,0,0,2023,0.0,0.0,0.0,,0.0,0.0,
Juan Ramírez,ARG,"MF,FW",29,8.9,0,5,1,20.0,0.56,0.11,0.0,0.0,23.8,0,0,2023,0.0,0.2,0.2,0.04,-0.2,-0.2,
Jorman Campuzano,COL,MF,26,8.3,0,0,0,,0.0,0.0,,,,0,0,2023,0.0,0.0,0.0,,0.0,0.0,
Unknown,nan,Unknown,,,,,,,,,,,,,,2023,,0.0,0.0,,0.0,0.0,
Exequiel Zeballos,ARG,"FW,DF",20,8.0,2,24,8,33.3,3.01,1.0,0.08,0.25,24.1,0,0,2023,6.0,1.8,1.8,0.07,0.2,0.2,
Martín Payero,ARG,MF,24,7.6,4,20,6,30.0,2.62,0.78,0.2,0.67,20.7,0,0,2023,4.0,1.4,1.4,0.07,2.6,2.6,
Norberto Briasco,ARM,FW,26,7.1,1,14,6,42.9,1.96,0.84,0.07,0.17,18.8,0,0,2023,0.0,0.8,0.8,0.06,0.2,0.2,
Lucas Blondel,SUI,DF,26,6.6,1,11,2,18.2,1.66,0.3,0.09,0.5,30.4,0,0,2023,0.0,0.5,0.5,0.04,0.5,0.5,
Luis Vázquez,ARG,FW,22,6.3,3,17,12,70.6,2.69,1.9,0.18,0.25,14.3,0,0,2023,0.0,3.7,3.7,0.22,-0.7,-0.7,
Agustín Sández,PAR,DF,22,5.4,0,4,2,50.0,0.74,0.37,0.0,0.0,18.3,0,0,2023,0.0,0.3,0.3,0.07,-0.3,-0.3,
Ezequiel Bullaude,ARG,"FW,MF",22,4.3,0,4,0,0.0,0.93,0.0,0.0,,15.8,0,0,2023,0.0,0.2,0.2,0.06,-0.2,-0.2,
Aaron Anselmino,ARG,DF,17,3.3,0,0,0,,0.0,0.0,,,,0,0,2023,0.0,0.0,0.0,,0.0,0.0,
Vicente Taborda,ARG,MF,21,2.4,0,7,2,28.6,2.97,0.85,0.0,0.0,27.7,0,0,2023,3.0,0.3,0.3,0.05,-0.3,-0.3,
Jabes Saralegui,ARG,MF,20,2.3,0,4,2,50.0,1.74,0.87,0.0,0.0,19.6,0,0,2023,0.0,0.3,0.3,0.06,-0.3,-0.3,
Esteban Rolón,ARG,FW,27,2.3,0,2,1,50.0,0.87,0.43,0.0,0.0,20.7,0,0,2023,0.0,0.2,0.2,0.11,-0.2,-0.2,
Nicolás Orsini,ARG,FW,28,2.3,0,7,1,14.3,3.09,0.44,0.0,0.0,12.0,0,0,2023,0.0,0.7,0.7,0.1,-0.7,-0.7,
Diego González,ARG,MF,34,1.2,0,1,0,0.0,0.83,0.0,0.0,,31.4,0,0,2023,0.0,0.0,0.0,0.02,0.0,0.0,
Nahuel Génez,ARG,DF,19,1.0,0,0,0,,0.0,0.0,,,,0,0,2023,0.0,0.0,0.0,,0.0,0.0,
Brandon Cortés,CHI,MF,21,0.2,0,0,0,,0.0,0.0,,,,0,0,2023,0.0,0.0,0.0,,0.0,0.0,
Gonzalo Morales,ARG,FW,19,0.1,0,1,0,0.0,10.0,0.0,0.0,,24.8,0,0,2023,0.0,0.0,0.0,0.04,0.0,0.0,
Miguel Merentiel,URU,FW,27,38.3,12,86,29,33.7,2.25,0.76,0.13,0.38,15.9,1,1,2024,2.0,13.5,12.8,0.18,-2.5,-2.8,
Sergio Romero,ARG,GK,36,36.0,0,0,0,,0.0,0.0,,,,0,0,2024,0.0,0.0,0.0,,0.0,0.0,
Lautaro Blanco,ARG,DF,24,35.0,0,6,2,33.3,0.17,0.06,0.0,0.0,19.4,0,0,2024,0.0,0.1,0.1,0.02,-0.1,-0.1,
Kevin Zenon,ARG,"MF,FW",22,33.9,6,75,31,41.3,2.21,0.91,0.08,0.19,23.9,0,0,2024,9.0,4.8,4.8,0.08,-0.8,-0.8,
Luis Advíncula,PER,DF,33,33.7,0,32,6,18.8,0.95,0.18,0.0,0.0,23.3,0,0,2024,0.0,1.5,1.5,0.05,-1.5,-1.5,
Guillermo Matías Fernández,ARG,MF,32,32.0,0,5,0,0.0,0.16,0.0,0.0,,25.0,0,0,2024,0.0,0.1,0.1,0.03,-0.1,-0.1,
Cristian Lema,ARG,DF,33,29.2,1,28,7,25.0,0.96,0.24,0.04,0.14,16.9,0,0,2024,1.0,0.9,0.9,0.05,0.1,0.1,
Edinson Cavani,URU,FW,36,27.0,15,57,31,54.4,2.11,1.15,0.25,0.45,12.7,1,1,2024,1.0,10.5,9.7,0.23,-0.5,-0.7,
Jorge Figal,ARG,DF,29,25.3,1,13,3,23.1,0.51,0.12,0.08,0.33,17.1,0,0,2024,0.0,0.6,0.6,0.05,-0.6,-0.6,
Cristian Medina,ARG,MF,21,24.6,3,24,12,50.0,0.98,0.49,0.13,0.25,27.8,0,0,2024,0.0,2.3,2.3,0.14,0.7,0.7,
Marcos Rojo,ARG,DF,33,18.1,1,8,2,25.0,0.44,0.11,0.13,0.5,12.8,0,0,2024,0.0,1.0,1.0,0.16,-1.0,-1.0,
Marcelo Saracchi,URU,"DF,MF",25,15.3,2,12,3,25.0,0.79,0.2,0.17,0.67,23.9,0,0,2024,0.0,1.1,1.1,0.12,-0.1,-0.1,
Leandro Brey,ARG,GK,21,14.6,0,0,0,,0.0,0.0,,,,0,0,2024,0.0,0.0,0.0,,0.0,0.0,
Jabes Saralegui,ARG,"MF,DF",21,14.4,1,22,7,31.8,1.53,0.49,0.05,0.14,23.0,0,0,2024,0.0,1.3,1.3,0.09,-0.3,-0.3,
Tomás Belmonte,ARG,MF,25,14.1,0,9,2,22.2,0.64,0.14,0.0,0.0,11.4,0,0,2024,0.0,1.0,1.0,0.12,-1.0,-1.0,
Lautaro Di Lollo,ARG,DF,19,14.0,0,3,0,0.0,0.21,0.0,0.0,,30.0,0,0,2024,0.0,0.0,0.0,0.01,0.0,0.0,
Ezequiél Fernández,ARG,MF,21,13.9,2,16,5,31.3,1.15,0.36,0.13,0.4,21.9,0,0,2024,0.0,1.0,1.0,0.09,1.0,1.0,
Milton Giménez,ARG,FW,27,12.1,7,33,9,27.3,2.72,0.74,0.21,0.78,14.0,0,0,2024,0.0,4.1,4.1,0.14,1.9,1.9,
Aaron Anselmino,ARG,DF,18,12.0,1,2,1,50.0,0.17,0.08,0.5,1.0,,0,0,2024,0.0,0.0,0.0,,0.0,0.0,
Exequiel Zeballos,ARG,"MF,FW",21,11.9,1,28,11,39.3,2.36,0.93,0.04,0.09,18.0,0,0,2024,3.0,3.3,3.3,0.12,-2.3,-2.3,
Brian Aguirre,ARG,"FW,MF",20,9.9,2,16,7,43.8,1.62,0.71,0.13,0.29,18.5,0,0,2024,1.0,1.7,1.7,0.11,0.3,0.3,
Luca Langoni,ARG,FW,21,9.6,1,12,7,58.3,1.25,0.73,0.08,0.14,15.4,0,0,2024,0.0,1.0,1.0,0.08,0.0,0.0,
Ignacio Miramon,ARG,MF,20,8.8,0,3,0,0.0,0.34,0.0,0.0,,25.0,0,0,2024,0.0,0.1,0.1,0.04,-0.1,-0.1,
Gary Medel,CHI,"DF,MF",36,7.8,0,1,0,0.0,0.13,0.0,0.0,,24.7,0,0,2024,0.0,0.0,0.0,0.02,0.0,0.0,
Lucas Janson,ARG,"FW,MF",29,7.7,0,23,12,52.2,2.99,1.56,0.0,0.0,13.8,0,0,2024,0.0,1.7,1.7,0.13,-1.7,-1.7,
Unknown,nan,Unknown,,,,,,,,,,,,,,2024,,0.0,0.0,,0.0,0.0,
Frank Fabra,COL,"DF,MF",32,6.2,0,1,0,0.0,0.16,0.0,0.0,,,0,0,2024,0.0,0.0,0.0,,0.0,0.0,
Milton Delgado,ARG,MF,18,6.0,0,2,0,0.0,0.34,0.0,0.0,,35.0,0,0,2024,0.0,0.0,0.0,0.02,0.0,0.0,
Mauricio Benítez,ARG,MF,19,5.9,0,6,0,0.0,1.02,0.0,0.0,,21.7,0,0,2024,0.0,0.1,0.1,0.1,-0.1,-0.1,
Nicolás Valentini,ARG,DF,22,5.8,1,6,2,33.3,1.03,0.34,0.17,0.5,7.9,0,0,2024,0.0,0.1,0.1,0.06,0.9,0.9,
Jorman Campuzano,COL,DF,27,5.8,0,0,0,,0.0,0.0,,,,0,0,2024,0.0,0.0,0.0,,0.0,0.0,
Juan Barinaga,ARG,DF,23,5.3,0,3,1,33.3,0.56,0.19,0.0,0.0,27.8,0,0,2024,0.0,0.1,0.1,0.02,-0.1,-0.1,
Lucas Blondel,SUI,"DF,MF",27,4.7,2,9,2,22.2,1.91,0.43,0.22,1.0,31.4,0,0,2024,0.0,1.1,1.1,0.12,0.9,0.9,
Agustín Martegani,ARG,MF,23,4.3,0,2,1,50.0,0.46,0.23,0.0,0.0,24.9,0,0,2024,0.0,0.0,0.0,0.02,0.0,0.0,
Darío Benedetto,ARG,FW,33,3.7,1,11,3,27.3,2.98,0.81,0.09,0.33,13.6,0,1,2024,0.0,1.0,1.0,0.15,0.0,0.0,
Ezequiel Bullaude,ARG,"FW,MF",23,2.7,0,2,2,100.0,0.73,0.73,0.0,0.0,8.9,0,0,2024,0.0,0.5,0.5,0.23,-0.5,-0.5,
Mateo Mendía,ARG,DF,19,2.3,0,1,1,100.0,0.43,0.43,0.0,0.0,15.0,0,0,2024,0.0,0.0,0.0,0.02,0.0,0.0,
Julián Ceballos,ARG,MF,19,2.0,0,3,2,66.7,1.5,1.0,0.0,0.0,,0,0,2024,0.0,0.0,0.0,,0.0,0.0,
Norberto Briasco,ARM,"MF,FW",27,1.9,0,4,0,0.0,2.11,0.0,0.0,,,0,0,2024,0.0,0.0,0.0,,0.0,0.0,
Juan Ramírez,ARG,MF,30,1.7,0,2,0,0.0,1.19,0.0,0.0,,,0,0,2024,0.0,0.0,0.0,,0.0,0.0,
Vicente Taborda,ARG,MF,22,1.6,0,1,0,0.0,0.62,0.0,0.0,,32.2,0,0,2024,0.0,0.0,0.0,0.02,0.0,0.0,
Javier Hernán García,ARG,GK,37,0.8,0,0,0,,0.0,0.0,,,,0,0,2024,0.0,0.0,0.0,,0.0,0.0,
Iker Zufiaurre,ARG,MF,18,0.7,0,1,0,0.0,1.34,0.0,0.0,,,0,0,2024,0.0,0.0,0.0,,0.0,0.0,
Dylan Gorosito,ARG,DF,17,0.5,0,0,0,,0.0,0.0,,,,0,0,2024,0.0,0.0,0.0,,0.0,0.0,
Joaquín Ruíz,ARG,FW,17,0.2,0,0,0,,0.0,0.0,,,,0,0,2024,0.0,0.0,0.0,,0.0,0.0,
Walter Molas,ARG,DF,19,0.1,0,0,0,,0.0,0.0,,,,0,0,2024,0.0,0.0,0.0,,0.0,0.0,
Santiago Dalmasso,ARG,MF,19,0.1,0,0,0,,0.0,0.0,,,,0,0,2024,0.0,0.0,0.0,,0.0,0.0,
Agustín Marchesín,ARG,GK,,32.0,0,0,0,,0.0,0.0,,,,0,0,2025,0.0,0.0,0.0,,0.0,0.0,
Lautaro Blanco,ARG,DF,,29.8,1,7,3,42.9,0.24,0.1,0.14,0.33,17.7,0,0,2025,0.0,0.5,0.5,0.07,0.5,0.5,
Rodrigo Battaglia,ARG,"DF,MF",,24.9,5,27,9,33.3,1.09,0.36,0.19,0.56,11.8,0,0,2025,0.0,2.8,2.6,0.12,1.2,1.4,
Miguel Merentiel,URU,FW,,24.1,13,51,25,49.0,2.12,1.04,0.24,0.48,15.7,1,1,2025,0.0,9.4,8.6,0.2,1.6,1.4,
Carlos Palacios,CHI,MF,,23.1,3,28,7,25.0,1.21,0.3,0.11,0.43,20.5,0,0,2025,0.0,1.6,1.6,0.08,1.4,1.4,
Lautaro Di Lollo,ARG,DF,,22.2,3,15,4,26.7,0.68,0.18,0.2,0.75,12.7,0,0,2025,0.0,0.7,0.7,0.06,2.3,2.3,
Ayrton Costa,ARG,DF,,19.1,2,13,4,30.8,0.68,0.21,0.15,0.5,10.1,0,0,2025,0.0,1.7,1.7,0.14,0.3,0.3,
Milton Giménez,ARG,FW,,17.3,9,50,19,38.0,2.89,1.1,0.18,0.47,13.9,0,0,2025,0.0,7.8,7.8,0.17,1.2,1.2,
Edinson Cavani,URU,FW,,15.5,4,22,9,40.9,1.42,0.58,0.14,0.33,14.2,1,3,2025,1.0,6.1,3.7,0.21,-2.1,-0.7,
Juan Barinaga,ARG,DF,,14.8,0,6,2,33.3,0.41,0.14,0.0,0.0,18.7,0,0,2025,0.0,0.2,0.2,0.04,-0.2,-0.2,
Luis Advíncula,PER,DF,,14.7,1,13,4,30.8,0.88,0.27,0.08,0.25,20.9,0,0,2025,0.0,0.7,0.7,0.11,0.3,0.3,
Milton Delgado,ARG,MF,,14.6,0,1,0,0.0,0.07,0.0,0.0,,13.8,0,0,2025,0.0,0.1,0.1,0.15,-0.1,-0.1,
Alan Velasco,ARG,"MF,FW",,13.8,1,30,7,23.3,2.17,0.51,0.03,0.14,21.3,0,0,2025,2.0,1.6,1.6,0.06,-0.6,-0.6,
Tomás Belmonte,ARG,MF,,13.5,0,11,0,0.0,0.82,0.0,0.0,,20.2,0,0,2025,0.0,0.8,0.8,0.08,-0.8,-0.8,
Leandro Paredes,ARG,MF,,13.2,1,24,6,25.0,1.82,0.45,0.0,0.0,28.9,1,1,2025,7.0,1.6,0.8,0.03,-0.6,-0.8,
Kevin Zenon,ARG,"MF,FW",,12.7,2,26,16,61.5,2.05,1.26,0.08,0.13,19.8,0,0,2025,0.0,1.6,1.6,0.1,0.4,0.4,
Exequiel Zeballos,ARG,"MF,FW",,12.0,5,36,13,36.1,3.0,1.08,0.14,0.38,20.9,0,1,2025,4.0,4.7,3.9,0.11,0.3,1.1,
Marcos Rojo,ARG,DF,,9.5,1,7,1,14.3,0.73,0.1,0.14,1.0,13.3,0,0,2025,0.0,0.6,0.6,0.08,0.4,0.4,
William Alarcón,CHI,MF,,9.3,0,13,2,15.4,1.4,0.22,0.0,0.0,27.3,0,0,2025,3.0,0.5,0.5,0.04,-0.5,-0.5,
Brian Aguirre,ARG,"MF,FW",,8.1,1,13,5,38.5,1.6,0.61,0.08,0.2,19.6,0,0,2025,0.0,1.2,1.2,0.09,-0.2,-0.2,
Unknown,nan,Unknown,,,,,,,,,,,,,,2025,,0.0,0.0,,0.0,0.0,
Marco Pellegrino,ARG,DF,,7.0,0,4,1,25.0,0.57,0.14,0.0,0.0,10.4,0,0,2025,0.0,0.3,0.3,0.09,-0.3,-0.3,
Lucas Blondel,SUI,"DF,MF",,6.1,0,9,0,0.0,1.49,0.0,0.0,,20.8,0,0,2025,0.0,0.5,0.5,0.06,-0.5,-0.5,
Ander Herrera,ESP,MF,,5.1,0,7,1,14.3,1.37,0.2,0.0,0.0,22.8,0,0,2025,0.0,0.3,0.3,0.04,-0.3,-0.3,
Marcelo Saracchi,URU,"DF,MF",,4.1,1,2,1,50.0,0.49,0.24,0.5,1.0,21.4,0,0,2025,0.0,0.1,0.1,0.03,0.9,0.9,
Malcom Braida,ARG,"FW,MF",,3.6,0,1,1,100.0,0.28,0.28,0.0,0.0,,0,0,2025,0.0,0.0,0.0,,0.0,0.0,
Camilo Rey,ARG,MF,,3.4,0,0,0,,0.0,0.0,,,,0,0,2025,0.0,0.0,0.0,,0.0,0.0,
Leandro Brey,ARG,GK,,3.0,0,0,0,,0.0,0.0,,,,0,0,2025,0.0,0.0,0.0,,0.0,0.0,
Jorge Figal,ARG,DF,,2.8,0,0,0,,0.0,0.0,,,,0,0,2025,0.0,0.0,0.0,,0.0,0.0,
Lucas Janson,ARG,"FW,MF",,1.3,0,2,0,0.0,1.53,0.0,0.0,,16.0,0,0,2025,0.0,0.1,0.1,0.07,-0.1,-0.1,
Frank Fabra,COL,DF,,1.2,0,2,1,50.0,1.62,0.81,0.0,0.0,10.7,0,0,2025,0.0,0.3,0.3,0.16,-0.3,-0.3,
Ignacio Miramon,ARG,"MF,FW",,1.1,0,3,0,0.0,2.65,0.0,0.0,,22.2,0,0,2025,0.0,0.2,0.2,0.06,-0.2,-0.2,
Mateo Mendía,ARG,DF,,1.0,0,0,0,,0.0,0.0,,,,0,0,2025,0.0,0.0,0.0,,0.0,0.0,
Agustín Martegani,ARG,MF,,0.6,0,1,1,100.0,1.58,1.58,0.0,0.0,22.2,0,0,2025,0.0,0.1,0.1,0.07,-0.1,-0.1,
Joaquín Ruíz,ARG,"MF,FW",,0.3,0,1,1,100.0,3.46,3.46,0.0,0.0,15.6,0,0,2025,0.0,0.1,0.1,0.13,-0.1,-0.1,
Santiago Dalmasso,ARG,MF,,0.1,0,1,1,100.0,7.5,7.5,0.0,0.0,26.0,0,0,2025,0.0,0.0,0.0,0.02,0.0,0.0,
