player,nation,position,age,nineties,tackles,tackles_won,tackles_def_3rd,tackles_mid_3rd,tackles_att_3rd,dribble_tackles,dribble_challenges,dribble_tackle_pct,dribbled_past,blocks,shots_blocked,passes_blocked,interceptions,tackles_plus_interceptions,clearances,errors,fbref_comp_id,season
Cristian Pavón,ARG,,20.0,28.6,41.0,30.0,9.0,21.0,11.0,13.0,41.0,31.7,28.0,32.0,0.0,32.0,25.0,66.0,6.0,0.0,21.0,2016
Pablo Pérez,ARG,,30.0,25.5,69.0,55.0,27.0,35.0,7.0,19.0,45.0,42.2,26.0,34.0,5.0,29.0,36.0,105.0,19.0,2.0,21.0,2016
Gino Peruzzi,ARG,,24.0,24.1,49.0,40.0,28.0,18.0,3.0,21.0,35.0,60.0,14.0,33.0,6.0,27.0,52.0,101.0,67.0,2.0,21.0,2016
Santiago Vergini,ARG,,27.0,24.7,37.0,28.0,28.0,9.0,0.0,13.0,19.0,68.4,6.0,23.0,12.0,11.0,55.0,92.0,102.0,2.0,21.0,2016
Darío Benedetto,ARG,,26.0,20.5,6.0,3.0,0.0,4.0,2.0,1.0,8.0,12.5,7.0,22.0,2.0,20.0,2.0,8.0,14.0,0.0,21.0,2016
Rodrigo Bentancur,URU,,19.0,20.4,56.0,44.0,19.0,33.0,4.0,20.0,42.0,47.6,22.0,46.0,3.0,43.0,46.0,102.0,28.0,1.0,21.0,2016
Juan Manuel Insaurralde,ARG,,31.0,18.5,22.0,17.0,17.0,5.0,0.0,12.0,20.0,60.0,8.0,17.0,9.0,8.0,21.0,43.0,82.0,0.0,21.0,2016
Frank Fabra,COL,,25.0,17.9,29.0,24.0,16.0,10.0,3.0,17.0,25.0,68.0,8.0,18.0,2.0,16.0,47.0,76.0,36.0,0.0,21.0,2016
Ricardo Centurión,ARG,,23.0,15.0,17.0,12.0,7.0,6.0,4.0,8.0,18.0,44.4,10.0,15.0,0.0,15.0,9.0,26.0,2.0,0.0,21.0,2016
Agustín Rossi,ARG,,20.0,16.0,0.0,0.0,0.0,0.0,0.0,0.0,0.0,,0.0,0.0,0.0,0.0,0.0,0.0,6.0,1.0,21.0,2016
Fernando Gago,ARG,,30.0,15.9,46.0,35.0,16.0,28.0,2.0,20.0,36.0,55.6,16.0,35.0,3.0,32.0,22.0,68.0,12.0,1.0,21.0,2016
Fernando Tobio,ARG,,26.0,12.6,11.0,11.0,8.0,3.0,0.0,5.0,9.0,55.6,4.0,9.0,7.0,2.0,26.0,37.0,56.0,0.0,21.0,2016
Jonathan Silva,ARG,,22.0,12.1,32.0,23.0,18.0,13.0,1.0,17.0,23.0,73.9,6.0,9.0,1.0,8.0,21.0,53.0,32.0,1.0,21.0,2016
Guillermo Sara,ARG,,28.0,12.0,0.0,0.0,0.0,0.0,0.0,0.0,0.0,,0.0,0.0,0.0,0.0,0.0,0.0,1.0,0.0,21.0,2016
Wílmar Barrios,COL,,22.0,12.0,50.0,32.0,27.0,22.0,1.0,14.0,24.0,58.3,10.0,25.0,6.0,19.0,32.0,82.0,29.0,0.0,21.0,2016
Carlos Tevez,ARG,,32.0,10.2,8.0,4.0,0.0,4.0,4.0,3.0,8.0,37.5,5.0,9.0,1.0,8.0,2.0,10.0,1.0,0.0,21.0,2016
Leonardo Jara,ARG,,25.0,7.4,19.0,16.0,11.0,7.0,1.0,7.0,13.0,53.8,6.0,5.0,1.0,4.0,3.0,22.0,25.0,0.0,21.0,2016
Walter Bou,ARG,,22.0,9.5,8.0,6.0,0.0,7.0,1.0,1.0,4.0,25.0,3.0,14.0,4.0,10.0,5.0,13.0,1.0,0.0,21.0,2016
Lisandro Magallán,ARG,,22.0,4.7,9.0,7.0,7.0,1.0,1.0,2.0,2.0,100.0,0.0,3.0,3.0,0.0,7.0,16.0,31.0,0.0,21.0,2016
Fernando Zuqui,ARG,,24.0,4.8,3.0,2.0,2.0,1.0,0.0,2.0,6.0,33.3,4.0,21.0,4.0,17.0,3.0,6.0,4.0,0.0,21.0,2016
Sebastián Pérez Cardona,COL,,23.0,4.7,23.0,14.0,7.0,15.0,1.0,11.0,25.0,44.0,14.0,3.0,1.0,2.0,14.0,37.0,6.0,0.0,21.0,2016
Oscar Benítez,ARG,,23.0,3.5,7.0,5.0,6.0,1.0,0.0,3.0,8.0,37.5,5.0,5.0,0.0,5.0,5.0,12.0,2.0,0.0,21.0,2016
Andrés Cubas,PAR,,20.0,2.3,15.0,12.0,5.0,10.0,0.0,5.0,7.0,71.4,2.0,5.0,0.0,5.0,1.0,16.0,4.0,0.0,21.0,2016
Axel Werner,ARG,,20.0,2.0,0.0,0.0,0.0,0.0,0.0,0.0,0.0,,0.0,0.0,0.0,0.0,0.0,0.0,7.0,1.0,21.0,2016
Nazareno Solís,ARG,,22.0,1.2,0.0,0.0,0.0,0.0,0.0,0.0,1.0,0.0,1.0,3.0,0.0,3.0,2.0,2.0,0.0,0.0,21.0,2016
Gonzalo Maroni,ARG,,17.0,1.0,0.0,0.0,0.0,0.0,0.0,0.0,0.0,,0.0,2.0,0.0,2.0,0.0,0.0,0.0,0.0,21.0,2016
Federico Carrizo,ARG,,25.0,0.8,1.0,1.0,1.0,0.0,0.0,1.0,2.0,50.0,1.0,1.0,0.0,1.0,2.0,3.0,0.0,0.0,21.0,2016
Gonzalo Castellani,ARG,,28.0,0.7,2.0,1.0,1.0,1.0,0.0,1.0,2.0,50.0,1.0,3.0,0.0,3.0,0.0,2.0,0.0,0.0,21.0,2016
Agustín Rossi,ARG,,21.0,26.0,0.0,0.0,0.0,0.0,0.0,0.0,1.0,0.0,1.0,0.0,0.0,0.0,2.0,2.0,9.0,2.0,21.0,2017
Cristian Pavón,ARG,,21.0,25.2,36.0,28.0,9.0,18.0,9.0,11.0,43.0,25.6,32.0,16.0,0.0,16.0,21.0,57.0,7.0,0.0,21.0,2017
Lisandro Magallán,ARG,,23.0,25.0,39.0,27.0,27.0,11.0,1.0,17.0,24.0,70.8,7.0,16.0,11.0,5.0,51.0,90.0,157.0,1.0,21.0,2017
Wílmar Barrios,COL,,23.0,22.1,70.0,55.0,41.0,27.0,2.0,27.0,53.0,50.9,26.0,38.0,12.0,26.0,63.0,133.0,54.0,0.0,21.0,2017
Frank Fabra,COL,,26.0,21.5,58.0,42.0,42.0,13.0,3.0,29.0,54.0,53.7,25.0,21.0,6.0,15.0,36.0,94.0,71.0,1.0,21.0,2017
Nahitan Nández,URU,,21.0,21.0,64.0,38.0,19.0,39.0,6.0,22.0,47.0,46.8,25.0,16.0,2.0,14.0,18.0,82.0,21.0,0.0,21.0,2017
Leonardo Jara,ARG,,26.0,19.1,53.0,40.0,20.0,29.0,4.0,18.0,35.0,51.4,17.0,22.0,4.0,18.0,31.0,84.0,72.0,0.0,21.0,2017
Paolo Goltz,ARG,,32.0,17.5,24.0,15.0,16.0,8.0,0.0,10.0,21.0,47.6,11.0,15.0,12.0,3.0,36.0,60.0,95.0,0.0,21.0,2017
Edwin Cardona,COL,,24.0,17.5,32.0,26.0,9.0,16.0,7.0,8.0,21.0,38.1,13.0,13.0,0.0,13.0,15.0,47.0,7.0,0.0,21.0,2017
Pablo Pérez,ARG,,31.0,16.1,50.0,41.0,14.0,31.0,5.0,14.0,35.0,40.0,21.0,14.0,2.0,12.0,16.0,66.0,23.0,0.0,21.0,2017
Carlos Tevez,ARG,,33.0,9.0,9.0,6.0,1.0,8.0,0.0,1.0,9.0,11.1,8.0,5.0,0.0,5.0,2.0,11.0,1.0,0.0,21.0,2017
Darío Benedetto,ARG,,27.0,8.3,1.0,1.0,0.0,1.0,0.0,0.0,3.0,0.0,3.0,7.0,3.0,4.0,0.0,1.0,6.0,0.0,21.0,2017
Emanuel Reynoso,ARG,,21.0,8.0,26.0,17.0,5.0,19.0,2.0,9.0,28.0,32.1,19.0,13.0,0.0,13.0,9.0,35.0,0.0,0.0,21.0,2017
Santiago Vergini,ARG,,28.0,7.9,12.0,8.0,10.0,2.0,0.0,4.0,6.0,66.7,2.0,6.0,5.0,1.0,15.0,27.0,48.0,1.0,21.0,2017
Walter Bou,ARG,,23.0,6.4,9.0,8.0,0.0,9.0,0.0,0.0,1.0,0.0,1.0,3.0,1.0,2.0,1.0,10.0,7.0,0.0,21.0,2017
Fernando Gago,ARG,,31.0,5.8,10.0,6.0,5.0,4.0,1.0,3.0,10.0,30.0,7.0,7.0,1.0,6.0,12.0,22.0,4.0,0.0,21.0,2017
Ramón Ábila,ARG,,27.0,6.0,1.0,1.0,0.0,1.0,0.0,0.0,3.0,0.0,3.0,1.0,0.0,1.0,1.0,2.0,1.0,0.0,21.0,2017
Emmanuel Más,ARG,,28.0,5.4,13.0,11.0,10.0,3.0,0.0,8.0,18.0,44.4,10.0,4.0,0.0,4.0,16.0,29.0,13.0,0.0,21.0,2017
Julio Buffarini,ARG,,28.0,5.0,19.0,14.0,10.0,8.0,1.0,10.0,25.0,40.0,15.0,4.0,3.0,1.0,10.0,29.0,19.0,0.0,21.0,2017
Gino Peruzzi,ARG,,25.0,3.5,8.0,5.0,4.0,2.0,2.0,5.0,8.0,62.5,3.0,6.0,3.0,3.0,5.0,13.0,10.0,0.0,21.0,2017
,nan,,,,,,,,,,,,,,,,,,,,21.0,2017
Cristian Espinoza,ARG,,22.0,3.1,3.0,3.0,1.0,2.0,0.0,0.0,3.0,0.0,3.0,3.0,0.0,3.0,0.0,3.0,0.0,0.0,21.0,2017
Sebastián Pérez Cardona,COL,,24.0,2.5,10.0,4.0,8.0,2.0,0.0,3.0,7.0,42.9,4.0,2.0,1.0,1.0,7.0,17.0,6.0,0.0,21.0,2017
Oscar Benítez,ARG,,24.0,3.1,8.0,4.0,2.0,3.0,3.0,3.0,5.0,60.0,2.0,6.0,0.0,6.0,1.0,9.0,4.0,0.0,21.0,2017
Agustín Heredia,ARG,,20.0,2.0,3.0,2.0,2.0,1.0,0.0,1.0,2.0,50.0,1.0,1.0,1.0,0.0,6.0,9.0,24.0,0.0,21.0,2017
Guido Vadalá,ARG,,20.0,2.0,2.0,1.0,0.0,0.0,2.0,0.0,1.0,0.0,1.0,0.0,0.0,0.0,0.0,2.0,1.0,0.0,21.0,2017
Agustín Almendra,ARG,,17.0,1.1,2.0,1.0,1.0,0.0,1.0,2.0,4.0,50.0,2.0,4.0,0.0,4.0,1.0,3.0,2.0,0.0,21.0,2017
Julián Chicco,ARG,,19.0,1.0,1.0,0.0,1.0,0.0,0.0,0.0,3.0,0.0,3.0,1.0,1.0,0.0,8.0,9.0,3.0,0.0,21.0,2017
Gonzalo Goñi,ARG,,18.0,1.0,1.0,1.0,1.0,0.0,0.0,1.0,1.0,100.0,0.0,2.0,1.0,1.0,1.0,2.0,9.0,0.0,21.0,2017
Guillermo Sara,ARG,,29.0,1.0,0.0,0.0,0.0,0.0,0.0,0.0,0.0,,0.0,0.0,0.0,0.0,0.0,0.0,1.0,0.0,21.0,2017
Gonzalo Maroni,ARG,,18.0,1.3,1.0,0.0,0.0,1.0,0.0,1.0,1.0,100.0,0.0,0.0,0.0,0.0,1.0,2.0,1.0,0.0,21.0,2017
Agustín Bouzat,ARG,,23.0,0.5,3.0,1.0,1.0,2.0,0.0,0.0,2.0,0.0,2.0,2.0,0.0,2.0,0.0,3.0,0.0,0.0,21.0,2017
Gonzalo Lamardo,ARG,,20.0,0.3,2.0,0.0,0.0,2.0,0.0,0.0,0.0,,0.0,0.0,0.0,0.0,0.0,2.0,0.0,0.0,21.0,2017
Fernando Evangelista,ARG,,25.0,0.0,0.0,0.0,0.0,0.0,0.0,0.0,0.0,,0.0,0.0,0.0,0.0,0.0,0.0,0.0,0.0,21.0,2017
Juan Manuel Insaurralde,ARG,,32.0,0.0,0.0,0.0,0.0,0.0,0.0,0.0,0.0,,0.0,0.0,0.0,0.0,0.0,0.0,0.0,0.0,21.0,2017
Esteban Andrada,ARG,,27.0,18.0,1.0,1.0,1.0,0.0,0.0,1.0,1.0,100.0,0.0,0.0,0.0,0.0,1.0,2.0,15.0,0.0,21.0,2018
Emmanuel Más,ARG,,29.0,17.5,41.0,25.0,22.0,14.0,5.0,17.0,29.0,58.6,12.0,15.0,3.0,12.0,26.0,67.0,51.0,0.0,21.0,2018
Julio Buffarini,ARG,,29.0,17.0,52.0,36.0,32.0,17.0,3.0,32.0,60.0,53.3,28.0,26.0,6.0,20.0,23.0,75.0,53.0,1.0,21.0,2018
Mauro Zárate,ARG,,31.0,16.6,16.0,10.0,5.0,9.0,2.0,1.0,25.0,4.0,24.0,10.0,2.0,8.0,7.0,23.0,1.0,2.0,21.0,2018
Carlos Izquierdoz,ARG,,29.0,16.0,23.0,15.0,19.0,4.0,0.0,12.0,21.0,57.1,9.0,14.0,11.0,3.0,40.0,63.0,100.0,0.0,21.0,2018
Cristian Pavón,ARG,,22.0,12.8,19.0,14.0,7.0,7.0,5.0,7.0,24.0,29.2,17.0,7.0,0.0,7.0,12.0,31.0,5.0,0.0,21.0,2018
Carlos Tevez,ARG,,34.0,12.3,13.0,6.0,3.0,5.0,5.0,3.0,17.0,17.6,14.0,5.0,0.0,5.0,1.0,14.0,1.0,1.0,21.0,2018
Agustín Almendra,ARG,,18.0,11.9,55.0,35.0,29.0,20.0,6.0,23.0,43.0,53.5,20.0,36.0,1.0,35.0,22.0,77.0,18.0,0.0,21.0,2018
Iván Marcone,ARG,,28.0,11.0,42.0,34.0,18.0,23.0,1.0,22.0,44.0,50.0,22.0,11.0,3.0,8.0,22.0,64.0,22.0,0.0,21.0,2018
Nahitan Nández,URU,,22.0,10.1,40.0,25.0,20.0,17.0,3.0,11.0,23.0,47.8,12.0,11.0,1.0,10.0,9.0,49.0,11.0,0.0,21.0,2018
Sebastián Villa,COL,,22.0,9.9,21.0,16.0,4.0,16.0,1.0,5.0,19.0,26.3,14.0,13.0,0.0,13.0,7.0,28.0,5.0,0.0,21.0,2018
Darío Benedetto,ARG,,28.0,9.6,5.0,2.0,0.0,3.0,2.0,1.0,6.0,16.7,5.0,3.0,1.0,2.0,2.0,7.0,7.0,0.0,21.0,2018
Paolo Goltz,ARG,,33.0,9.9,15.0,9.0,9.0,6.0,0.0,4.0,7.0,57.1,3.0,18.0,12.0,6.0,14.0,29.0,70.0,0.0,21.0,2018
Ramón Ábila,ARG,,28.0,8.9,3.0,1.0,1.0,0.0,2.0,2.0,3.0,66.7,1.0,0.0,0.0,0.0,0.0,3.0,8.0,0.0,21.0,2018
Fernando Gago,ARG,,32.0,8.0,18.0,15.0,9.0,8.0,1.0,8.0,14.0,57.1,6.0,7.0,0.0,7.0,5.0,23.0,7.0,0.0,21.0,2018
Lisandro López,ARG,,28.0,8.0,12.0,6.0,7.0,5.0,0.0,4.0,9.0,44.4,5.0,12.0,8.0,4.0,3.0,15.0,53.0,0.0,21.0,2018
Jorman Campuzano,COL,,22.0,7.9,29.0,20.0,12.0,16.0,1.0,12.0,26.0,46.2,14.0,11.0,3.0,8.0,16.0,45.0,19.0,3.0,21.0,2018
Edwin Cardona,COL,,25.0,7.5,4.0,4.0,1.0,2.0,1.0,1.0,4.0,25.0,3.0,1.0,0.0,1.0,9.0,13.0,8.0,0.0,21.0,2018
Lisandro Magallán,ARG,,24.0,7.1,9.0,7.0,3.0,6.0,0.0,2.0,2.0,100.0,0.0,6.0,3.0,3.0,8.0,17.0,41.0,0.0,21.0,2018
Emanuel Reynoso,ARG,,22.0,7.0,28.0,19.0,8.0,16.0,4.0,11.0,23.0,47.8,12.0,21.0,1.0,20.0,4.0,32.0,7.0,0.0,21.0,2018
,nan,,,,,,,,,,,,,,,,,,,,21.0,2018
Júnior Alonso,PAR,,25.0,7.0,12.0,11.0,7.0,5.0,0.0,6.0,12.0,50.0,6.0,5.0,0.0,5.0,3.0,15.0,25.0,0.0,21.0,2018
Agustín Rossi,ARG,,22.0,6.0,1.0,0.0,1.0,0.0,0.0,1.0,1.0,100.0,0.0,0.0,0.0,0.0,0.0,1.0,5.0,0.0,21.0,2018
Wílmar Barrios,COL,,24.0,5.7,24.0,17.0,18.0,6.0,0.0,12.0,24.0,50.0,12.0,6.0,3.0,3.0,10.0,34.0,17.0,0.0,21.0,2018
Leonardo Balerdi,ARG,,19.0,5.0,7.0,7.0,4.0,3.0,0.0,3.0,4.0,75.0,1.0,6.0,4.0,2.0,7.0,14.0,34.0,0.0,21.0,2018
Lucas Olaza,URU,,24.0,3.5,10.0,8.0,6.0,3.0,1.0,6.0,10.0,60.0,4.0,7.0,2.0,5.0,5.0,15.0,11.0,0.0,21.0,2018
Leonardo Jara,ARG,,27.0,3.4,11.0,6.0,6.0,3.0,2.0,4.0,5.0,80.0,1.0,3.0,0.0,3.0,9.0,20.0,12.0,0.0,21.0,2018
Pablo Pérez,ARG,,32.0,3.7,14.0,10.0,4.0,9.0,1.0,1.0,9.0,11.1,8.0,3.0,0.0,3.0,8.0,22.0,1.0,0.0,21.0,2018
Cristian Espinoza,ARG,,23.0,3.3,2.0,2.0,0.0,2.0,0.0,0.0,2.0,0.0,2.0,2.0,0.0,2.0,2.0,4.0,2.0,0.0,21.0,2018
Gino Peruzzi,ARG,,26.0,3.0,6.0,4.0,2.0,4.0,0.0,2.0,6.0,33.3,4.0,4.0,1.0,3.0,5.0,11.0,7.0,0.0,21.0,2018
Julián Chicco,ARG,,20.0,2.5,3.0,3.0,2.0,1.0,0.0,2.0,10.0,20.0,8.0,1.0,0.0,1.0,9.0,12.0,6.0,0.0,21.0,2018
Kevin Mac Allister,ARG,,20.0,1.2,10.0,8.0,6.0,4.0,0.0,5.0,8.0,62.5,3.0,0.0,0.0,0.0,2.0,12.0,2.0,0.0,21.0,2018
Marcos Guillermo Díaz,ARG,,32.0,1.0,0.0,0.0,0.0,0.0,0.0,0.0,0.0,,0.0,0.0,0.0,0.0,0.0,0.0,0.0,0.0,21.0,2018
Frank Fabra,COL,,27.0,1.0,1.0,1.0,1.0,0.0,0.0,1.0,1.0,100.0,0.0,0.0,0.0,0.0,1.0,2.0,3.0,0.0,21.0,2018
Agustín Obando,ARG,,18.0,0.8,4.0,4.0,2.0,2.0,0.0,0.0,0.0,,0.0,1.0,0.0,1.0,0.0,4.0,0.0,0.0,21.0,2018
Nicolás Capaldo,ARG,,20.0,0.1,1.0,1.0,1.0,0.0,0.0,1.0,2.0,50.0,1.0,0.0,0.0,0.0,0.0,1.0,0.0,0.0,21.0,2018
Brandon Cortés,CHI,,17.0,0.1,0.0,0.0,0.0,0.0,0.0,0.0,0.0,,0.0,0.0,0.0,0.0,0.0,0.0,1.0,0.0,21.0,2018
Mateo Retegui,ITA,,19.0,0.1,0.0,0.0,0.0,0.0,0.0,0.0,0.0,,0.0,0.0,0.0,0.0,0.0,0.0,1.0,0.0,21.0,2018
Esteban Andrada,ARG,,28.0,20.0,0.0,0.0,0.0,0.0,0.0,0.0,0.0,,0.0,0.0,0.0,0.0,1.0,1.0,7.0,0.0,21.0,2019
Julio Buffarini,ARG,,30.0,19.7,42.0,25.0,23.0,12.0,7.0,27.0,57.0,47.4,30.0,23.0,7.0,16.0,20.0,62.0,34.0,0.0,21.0,2019
Frank Fabra,COL,,28.0,17.6,29.0,16.0,21.0,8.0,0.0,18.0,25.0,72.0,7.0,11.0,5.0,6.0,22.0,51.0,29.0,0.0,21.0,2019
Carlos Izquierdoz,ARG,,30.0,16.1,17.0,9.0,16.0,1.0,0.0,8.0,21.0,38.1,13.0,15.0,9.0,6.0,37.0,54.0,91.0,0.0,21.0,2019
Sebastián Villa,COL,,23.0,12.8,16.0,11.0,6.0,8.0,2.0,6.0,13.0,46.2,7.0,11.0,0.0,11.0,11.0,27.0,2.0,0.0,21.0,2019
Lisandro López,ARG,,29.0,12.3,19.0,13.0,11.0,8.0,0.0,10.0,13.0,76.9,3.0,12.0,9.0,3.0,15.0,34.0,60.0,1.0,21.0,2019
Iván Marcone,ARG,,29.0,12.5,43.0,29.0,20.0,22.0,1.0,24.0,45.0,53.3,21.0,19.0,6.0,13.0,19.0,62.0,15.0,0.0,21.0,2019
Eduardo Salvio,ARG,,29.0,12.4,11.0,7.0,2.0,6.0,3.0,3.0,22.0,13.6,19.0,7.0,0.0,7.0,5.0,16.0,5.0,0.0,21.0,2019
Franco Soldano,ARG,,24.0,11.3,7.0,5.0,1.0,4.0,2.0,3.0,13.0,23.1,10.0,13.0,4.0,9.0,2.0,9.0,16.0,0.0,21.0,2019
Júnior Alonso,PAR,,26.0,12.8,21.0,14.0,12.0,9.0,0.0,16.0,18.0,88.9,2.0,18.0,12.0,6.0,23.0,44.0,59.0,0.0,21.0,2019
Carlos Tevez,ARG,,35.0,11.7,9.0,9.0,2.0,3.0,4.0,3.0,13.0,23.1,10.0,8.0,0.0,8.0,2.0,11.0,2.0,0.0,21.0,2019
Jorman Campuzano,COL,,23.0,10.5,36.0,23.0,18.0,18.0,0.0,13.0,27.0,48.1,14.0,14.0,2.0,12.0,25.0,61.0,15.0,0.0,21.0,2019
Emanuel Reynoso,ARG,,23.0,10.0,38.0,25.0,20.0,13.0,5.0,12.0,43.0,27.9,31.0,18.0,0.0,18.0,8.0,46.0,6.0,0.0,21.0,2019
Nicolás Capaldo,ARG,,21.0,9.7,33.0,22.0,7.0,21.0,5.0,14.0,29.0,48.3,15.0,12.0,1.0,11.0,20.0,53.0,9.0,0.0,21.0,2019
Alexis Mac Allister,ARG,,20.0,7.9,10.0,4.0,4.0,3.0,3.0,5.0,16.0,31.3,11.0,12.0,1.0,11.0,1.0,11.0,3.0,0.0,21.0,2019
Guillermo Matías Fernández,ARG,,27.0,6.5,20.0,14.0,9.0,10.0,1.0,6.0,19.0,31.6,13.0,6.0,1.0,5.0,13.0,33.0,4.0,0.0,21.0,2019
Agustín Obando,ARG,,19.0,5.9,7.0,6.0,2.0,3.0,2.0,2.0,8.0,25.0,6.0,7.0,1.0,6.0,4.0,11.0,11.0,0.0,21.0,2019
Jan Carlos Hurtado,VEN,,19.0,7.1,4.0,3.0,0.0,3.0,1.0,0.0,6.0,0.0,6.0,6.0,0.0,6.0,3.0,7.0,13.0,0.0,21.0,2019
Agustín Almendra,ARG,,19.0,4.8,11.0,5.0,3.0,8.0,0.0,6.0,18.0,33.3,12.0,8.0,1.0,7.0,9.0,20.0,5.0,0.0,21.0,2019
Mauro Zárate,ARG,,32.0,5.4,6.0,4.0,1.0,4.0,1.0,2.0,3.0,66.7,1.0,3.0,0.0,3.0,2.0,8.0,1.0,0.0,21.0,2019
Ramón Ábila,ARG,,29.0,5.2,3.0,2.0,0.0,2.0,1.0,0.0,1.0,0.0,1.0,0.0,0.0,0.0,2.0,5.0,0.0,0.0,21.0,2019
Emmanuel Más,ARG,,30.0,4.9,10.0,4.0,5.0,5.0,0.0,5.0,9.0,55.6,4.0,6.0,2.0,4.0,7.0,17.0,9.0,0.0,21.0,2019
Paolo Goltz,ARG,,34.0,4.0,6.0,3.0,5.0,1.0,0.0,3.0,5.0,60.0,2.0,3.0,3.0,0.0,8.0,14.0,30.0,0.0,21.0,2019
Daniele De Rossi,ITA,,36.0,3.8,3.0,3.0,1.0,2.0,0.0,1.0,4.0,25.0,3.0,5.0,3.0,2.0,10.0,13.0,9.0,0.0,21.0,2019
Marcos Guillermo Díaz,ARG,,33.0,3.0,0.0,0.0,0.0,0.0,0.0,0.0,0.0,,0.0,0.0,0.0,0.0,0.0,0.0,0.0,0.0,21.0,2019
Marcelo Weigandt,ARG,,19.0,3.0,7.0,6.0,1.0,5.0,1.0,2.0,4.0,50.0,2.0,5.0,3.0,2.0,2.0,9.0,3.0,0.0,21.0,2019
Carlos Zambrano,PER,,30.0,0.7,0.0,0.0,0.0,0.0,0.0,0.0,0.0,,0.0,0.0,0.0,0.0,0.0,0.0,6.0,0.0,21.0,2019
Gastón Ávila,ARG,,17.0,0.1,2.0,1.0,2.0,0.0,0.0,2.0,3.0,66.7,1.0,1.0,0.0,1.0,1.0,3.0,0.0,0.0,21.0,2019
Carlos Izquierdoz,ARG,,31.0,19.7,24.0,20.0,22.0,2.0,0.0,11.0,17.0,64.7,6.0,14.0,11.0,3.0,44.0,52.0,40.0,0.0,,2020
Esteban Andrada,ARG,,29.0,18.7,0.0,0.0,0.0,0.0,0.0,0.0,0.0,,0.0,0.0,0.0,0.0,1.0,0.0,4.0,1.0,,2020
Nicolás Capaldo,ARG,,22.0,17.3,20.0,29.0,6.0,14.0,0.0,7.0,20.0,35.0,13.0,9.0,1.0,8.0,24.0,26.0,9.0,0.0,,2020
Sebastián Villa,COL,,23.0,15.1,6.0,12.0,2.0,3.0,1.0,4.0,13.0,30.8,9.0,8.0,0.0,8.0,10.0,11.0,1.0,0.0,,2020
Jorman Campuzano,COL,,23.0,14.8,29.0,29.0,11.0,18.0,0.0,13.0,23.0,56.5,10.0,14.0,6.0,8.0,20.0,40.0,14.0,0.0,,2020
Julio Buffarini,ARG,,31.0,14.4,10.0,22.0,5.0,5.0,0.0,3.0,8.0,37.5,5.0,2.0,0.0,2.0,26.0,20.0,8.0,0.0,,2020
Carlos Tevez,ARG,,35.0,14.3,8.0,7.0,2.0,6.0,0.0,6.0,10.0,60.0,4.0,5.0,0.0,5.0,5.0,12.0,0.0,0.0,,2020
Leonardo Jara,ARG,,28.0,14.1,25.0,28.0,10.0,12.0,3.0,13.0,22.0,59.1,9.0,14.0,1.0,13.0,18.0,38.0,13.0,0.0,,2020
Eduardo Salvio,ARG,,29.0,13.7,10.0,12.0,2.0,6.0,2.0,6.0,11.0,54.5,5.0,10.0,0.0,10.0,15.0,21.0,2.0,0.0,,2020
Carlos Zambrano,PER,,30.0,13.1,5.0,13.0,4.0,1.0,0.0,0.0,0.0,,0.0,1.0,1.0,0.0,26.0,11.0,18.0,0.0,,2020
Frank Fabra,COL,,28.0,12.7,11.0,13.0,7.0,4.0,0.0,5.0,15.0,33.3,10.0,4.0,2.0,2.0,30.0,30.0,12.0,0.0,,2020
Edwin Cardona,COL,,27.0,12.6,4.0,10.0,1.0,3.0,0.0,1.0,2.0,50.0,1.0,4.0,2.0,2.0,17.0,10.0,2.0,0.0,,2020
Emmanuel Más,ARG,,31.0,11.6,6.0,12.0,5.0,1.0,0.0,3.0,4.0,75.0,1.0,1.0,0.0,1.0,23.0,13.0,9.0,0.0,,2020
Lisandro López,ARG,,30.0,11.3,14.0,15.0,9.0,5.0,0.0,7.0,10.0,70.0,3.0,6.0,3.0,3.0,11.0,19.0,28.0,0.0,,2020
Franco Soldano,ARG,,25.0,10.1,5.0,5.0,0.0,5.0,0.0,1.0,10.0,10.0,9.0,7.0,0.0,7.0,4.0,8.0,3.0,0.0,,2020
Ramón Ábila,ARG,,30.0,9.2,1.0,4.0,0.0,0.0,1.0,1.0,3.0,33.3,2.0,1.0,0.0,1.0,0.0,1.0,0.0,0.0,,2020
Mauro Zárate,ARG,,32.0,7.8,0.0,5.0,0.0,0.0,0.0,0.0,1.0,0.0,1.0,0.0,0.0,0.0,0.0,0.0,0.0,0.0,,2020
Agustín Rossi,ARG,,24.0,6.0,,0.0,,,,,,,,,,,0.0,0.0,,,,2020
Guillermo Matías Fernández,ARG,,28.0,5.4,11.0,6.0,4.0,6.0,1.0,0.0,10.0,0.0,10.0,5.0,1.0,4.0,9.0,19.0,5.0,0.0,,2020
Agustín Obando,ARG,,19.0,5.2,2.0,1.0,0.0,2.0,0.0,0.0,1.0,0.0,1.0,5.0,2.0,3.0,3.0,3.0,3.0,0.0,,2020
,nan,,,,,,,,,,,,,,,,,,,,,2020
Diego González,ARG,,31.0,4.7,4.0,4.0,2.0,1.0,1.0,4.0,5.0,80.0,1.0,6.0,0.0,6.0,2.0,5.0,0.0,0.0,,2020
Gastón Ávila,ARG,,18.0,4.0,,3.0,,,,,,,,,,,1.0,0.0,,,,2020
Gonzalo Maroni,ARG,,20.0,3.5,1.0,1.0,0.0,1.0,0.0,0.0,2.0,0.0,2.0,1.0,0.0,1.0,3.0,2.0,0.0,0.0,,2020
Alan Varela,ARG,,18.0,3.2,,6.0,,,,,,,,,,,6.0,0.0,,,,2020
Exequiel Zeballos,ARG,,17.0,2.7,,2.0,,,,,,,,,,,1.0,0.0,,,,2020
Júnior Alonso,PAR,,26.0,1.3,2.0,2.0,2.0,0.0,0.0,2.0,2.0,100.0,0.0,1.0,0.0,1.0,3.0,5.0,3.0,0.0,,2020
Emanuel Reynoso,ARG,,24.0,1.2,1.0,1.0,0.0,1.0,0.0,0.0,1.0,0.0,1.0,4.0,0.0,4.0,0.0,1.0,0.0,0.0,,2020
Iván Marcone,ARG,,29.0,1.1,7.0,2.0,3.0,3.0,1.0,4.0,4.0,100.0,0.0,0.0,0.0,0.0,3.0,10.0,1.0,0.0,,2020
Walter Bou,ARG,,26.0,1.0,1.0,0.0,0.0,1.0,0.0,0.0,0.0,,0.0,3.0,0.0,3.0,2.0,3.0,1.0,0.0,,2020
Luis Vázquez,ARG,,19.0,0.0,,0.0,,,,,,,,,,,0.0,0.0,,,,2020
Carlos Izquierdoz,ARG,,32.0,40.3,65.0,42.0,46.0,19.0,0.0,27.0,49.0,55.1,22.0,34.0,17.0,17.0,90.0,155.0,127.0,1.0,,2021
Agustín Rossi,ARG,,25.0,33.0,0.0,0.0,0.0,0.0,0.0,0.0,0.0,,0.0,0.0,0.0,0.0,1.0,1.0,9.0,1.0,,2021
Frank Fabra,COL,,29.0,32.4,63.0,40.0,39.0,17.0,7.0,29.0,53.0,54.7,24.0,25.0,7.0,18.0,46.0,109.0,31.0,0.0,,2021
Sebastián Villa,COL,,24.0,24.9,16.0,9.0,4.0,7.0,5.0,7.0,21.0,33.3,14.0,13.0,0.0,13.0,13.0,29.0,4.0,0.0,,2021
Jorman Campuzano,COL,,24.0,23.4,68.0,41.0,22.0,41.0,5.0,23.0,61.0,37.7,38.0,33.0,4.0,29.0,55.0,123.0,25.0,1.0,,2021
Cristian Medina,ARG,,18.0,23.0,55.0,30.0,13.0,35.0,7.0,17.0,45.0,37.8,28.0,28.0,4.0,24.0,18.0,73.0,10.0,0.0,,2021
Cristian Pavón,ARG,,25.0,22.2,27.0,16.0,8.0,10.0,9.0,12.0,30.0,40.0,18.0,22.0,0.0,22.0,11.0,38.0,3.0,0.0,,2021
Lisandro López,ARG,,31.0,22.2,43.0,34.0,34.0,9.0,0.0,23.0,32.0,71.9,9.0,17.0,12.0,5.0,42.0,85.0,77.0,1.0,,2021
Marcos Rojo,ARG,,30.0,21.9,27.0,15.0,22.0,5.0,0.0,11.0,16.0,68.8,5.0,19.0,9.0,10.0,41.0,68.0,71.0,1.0,,2021
Agustín Almendra,ARG,,20.0,19.5,50.0,34.0,16.0,25.0,9.0,26.0,58.0,44.8,32.0,38.0,5.0,33.0,23.0,73.0,10.0,0.0,,2021
Alan Varela,ARG,,19.0,16.2,45.0,25.0,20.0,23.0,2.0,31.0,54.0,57.4,23.0,25.0,6.0,19.0,27.0,72.0,24.0,0.0,,2021
Luis Vázquez,ARG,,20.0,16.0,10.0,10.0,0.0,5.0,5.0,2.0,13.0,15.4,11.0,4.0,0.0,4.0,2.0,12.0,8.0,0.0,,2021
Carlos Tevez,ARG,,36.0,15.4,6.0,4.0,2.0,1.0,3.0,1.0,11.0,9.1,10.0,5.0,0.0,5.0,2.0,8.0,0.0,0.0,,2021
Carlos Zambrano,PER,,31.0,14.8,17.0,7.0,10.0,7.0,0.0,6.0,10.0,60.0,4.0,10.0,5.0,5.0,20.0,37.0,37.0,0.0,,2021
Nicolás Capaldo,ARG,,23.0,14.6,26.0,15.0,14.0,10.0,2.0,13.0,27.0,48.1,14.0,12.0,3.0,9.0,18.0,44.0,16.0,0.0,,2021
Edwin Cardona,COL,,28.0,14.0,15.0,11.0,6.0,7.0,2.0,9.0,18.0,50.0,9.0,8.0,1.0,7.0,12.0,27.0,5.0,0.0,,2021
Juan Ramírez,ARG,,27.0,12.5,37.0,24.0,9.0,22.0,6.0,15.0,30.0,50.0,15.0,13.0,0.0,13.0,12.0,49.0,3.0,0.0,,2021
Luis Advíncula,PER,,30.0,11.6,18.0,14.0,11.0,6.0,1.0,9.0,14.0,64.3,5.0,8.0,0.0,8.0,9.0,27.0,18.0,0.0,,2021
Norberto Briasco,ARM,,24.0,11.0,14.0,9.0,3.0,5.0,6.0,3.0,16.0,18.8,13.0,9.0,2.0,7.0,5.0,19.0,4.0,0.0,,2021
Esteban Andrada,ARG,,30.0,11.0,0.0,0.0,0.0,0.0,0.0,0.0,0.0,,0.0,0.0,0.0,0.0,1.0,1.0,3.0,1.0,,2021
Aaron Nicolás Molinas,ARG,,20.0,10.6,13.0,7.0,5.0,8.0,0.0,7.0,17.0,41.2,10.0,7.0,0.0,7.0,8.0,21.0,2.0,0.0,,2021
Agustín Sández,PAR,,20.0,10.4,32.0,18.0,15.0,12.0,5.0,18.0,27.0,66.7,9.0,12.0,3.0,9.0,11.0,43.0,24.0,0.0,,2021
Marcelo Weigandt,ARG,,21.0,10.4,27.0,19.0,12.0,12.0,3.0,16.0,36.0,44.4,20.0,8.0,2.0,6.0,11.0,38.0,16.0,0.0,,2021
Esteban Rolón,ARG,,25.0,10.0,16.0,10.0,5.0,11.0,0.0,8.0,28.0,28.6,20.0,22.0,8.0,14.0,17.0,33.0,5.0,0.0,,2021
Rodrigo Montes,ARG,,21.0,8.6,19.0,13.0,7.0,9.0,3.0,10.0,25.0,40.0,15.0,10.0,0.0,10.0,13.0,32.0,7.0,0.0,,2021
,nan,,,,,,,,,,,,,,,,,,,,,2021
Julio Buffarini,ARG,,32.0,8.6,22.0,12.0,13.0,8.0,1.0,15.0,28.0,53.6,13.0,7.0,3.0,4.0,13.0,35.0,9.0,0.0,,2021
Diego González,ARG,,32.0,7.9,11.0,6.0,4.0,6.0,1.0,6.0,21.0,28.6,15.0,13.0,0.0,13.0,13.0,24.0,7.0,0.0,,2021
Franco Soldano,ARG,,26.0,6.5,15.0,10.0,3.0,12.0,0.0,5.0,16.0,31.3,11.0,5.0,1.0,4.0,1.0,16.0,12.0,0.0,,2021
Agustín Obando,ARG,,20.0,5.9,5.0,4.0,4.0,1.0,0.0,4.0,10.0,40.0,6.0,6.0,1.0,5.0,2.0,7.0,1.0,0.0,,2021
Gonzalo Maroni,ARG,,21.0,5.7,8.0,3.0,3.0,2.0,3.0,7.0,15.0,46.7,8.0,4.0,0.0,4.0,2.0,10.0,0.0,0.0,,2021
Eros Mancuso,ARG,,21.0,4.7,7.0,4.0,3.0,4.0,0.0,4.0,7.0,57.1,3.0,2.0,0.0,2.0,5.0,12.0,7.0,0.0,,2021
Nicolás Orsini,ARG,,26.0,4.5,2.0,0.0,0.0,1.0,1.0,1.0,2.0,50.0,1.0,1.0,0.0,1.0,0.0,2.0,2.0,0.0,,2021
Mauro Zárate,ARG,,33.0,4.4,1.0,1.0,0.0,0.0,1.0,0.0,1.0,0.0,1.0,3.0,0.0,3.0,2.0,3.0,0.0,0.0,,2021
Eduardo Salvio,ARG,,30.0,4.4,1.0,1.0,0.0,1.0,0.0,1.0,2.0,50.0,1.0,6.0,0.0,6.0,1.0,2.0,0.0,0.0,,2021
Exequiel Zeballos,ARG,,18.0,3.9,3.0,2.0,0.0,3.0,0.0,1.0,1.0,100.0,0.0,2.0,0.0,2.0,1.0,4.0,0.0,0.0,,2021
Emmanuel Más,ARG,,32.0,3.8,3.0,3.0,1.0,2.0,0.0,1.0,2.0,50.0,1.0,3.0,1.0,2.0,5.0,8.0,4.0,0.0,,2021
Leonardo Jara,ARG,,29.0,3.5,5.0,4.0,1.0,4.0,0.0,3.0,10.0,30.0,7.0,4.0,1.0,3.0,2.0,7.0,4.0,0.0,,2021
Javier Hernán García,ARG,,34.0,3.0,0.0,0.0,0.0,0.0,0.0,0.0,0.0,,0.0,0.0,0.0,0.0,0.0,0.0,1.0,0.0,,2021
Ezequiél Fernández,ARG,,18.0,2.5,7.0,5.0,3.0,2.0,2.0,3.0,7.0,42.9,4.0,9.0,1.0,8.0,2.0,9.0,2.0,0.0,,2021
Valentín Barco,ARG,,16.0,2.3,5.0,3.0,3.0,1.0,1.0,1.0,2.0,50.0,1.0,4.0,0.0,4.0,6.0,11.0,3.0,0.0,,2021
Vicente Taborda,ARG,,19.0,2.1,3.0,2.0,1.0,2.0,0.0,0.0,2.0,0.0,2.0,2.0,0.0,2.0,1.0,4.0,1.0,0.0,,2021
Gabriel Vega,ARG,,18.0,2.1,4.0,4.0,1.0,2.0,1.0,1.0,2.0,50.0,1.0,4.0,0.0,4.0,3.0,7.0,1.0,0.0,,2021
Gabriel Aranda,ARG,,19.0,2.0,2.0,1.0,1.0,1.0,0.0,2.0,2.0,100.0,0.0,5.0,1.0,4.0,3.0,5.0,4.0,0.0,,2021
Balthazar Bernardi,ARG,,19.0,2.0,0.0,0.0,0.0,0.0,0.0,0.0,2.0,0.0,2.0,0.0,0.0,0.0,0.0,0.0,6.0,1.0,,2021
Agustín Lastra,ARG,,20.0,2.0,0.0,0.0,0.0,0.0,0.0,0.0,0.0,,0.0,0.0,0.0,0.0,0.0,0.0,0.0,0.0,,2021
Renzo Giampaoli,ARG,,21.0,2.0,1.0,0.0,0.0,1.0,0.0,0.0,0.0,,0.0,0.0,0.0,0.0,5.0,6.0,13.0,0.0,,2021
Israel Escalante,ARG,,22.0,1.4,1.0,1.0,0.0,0.0,1.0,0.0,0.0,,0.0,1.0,0.0,1.0,1.0,2.0,1.0,0.0,,2021
Érik Bodencer,ARG,,20.0,1.2,0.0,0.0,0.0,0.0,0.0,0.0,0.0,,0.0,1.0,0.0,1.0,0.0,0.0,1.0,0.0,,2021
Ezequiel Almirón,ARG,,18.0,0.3,0.0,0.0,0.0,0.0,0.0,0.0,0.0,,0.0,0.0,0.0,0.0,0.0,0.0,0.0,0.0,,2021
Nicolás Valentini,ARG,,19.0,0.3,0.0,0.0,0.0,0.0,0.0,0.0,1.0,0.0,1.0,1.0,1.0,0.0,1.0,1.0,4.0,0.0,,2021
Juan Cabaña,ARG,,19.0,0.2,0.0,0.0,0.0,0.0,0.0,0.0,0.0,,0.0,0.0,0.0,0.0,0.0,0.0,0.0,0.0,,2021
Kevin Duarte,ARG,,19.0,0.2,0.0,0.0,0.0,0.0,0.0,0.0,0.0,,0.0,0.0,0.0,0.0,0.0,0.0,0.0,0.0,,2021
Nahuel Génez,ARG,,17.0,0.1,0.0,0.0,0.0,0.0,0.0,0.0,0.0,,0.0,0.0,0.0,0.0,0.0,0.0,0.0,0.0,,2021
Iván Alvariño,ARG,,19.0,0.1,1.0,0.0,1.0,0.0,0.0,0.0,0.0,,0.0,0.0,0.0,0.0,0.0,1.0,1.0,0.0,,2021
Lucas Palma,ARG,,17.0,0.1,0.0,0.0,0.0,0.0,0.0,0.0,0.0,,0.0,0.0,0.0,0.0,0.0,0.0,0.0,0.0,,2021
Agustín Rossi,ARG,,26.0,44.2,2.0,0.0,2.0,0.0,0.0,1.0,1.0,100.0,0.0,1.0,0.0,1.0,1.0,3.0,9.0,2.0,,2022
Guillermo Matías Fernández,ARG,,30.0,42.2,96.0,57.0,37.0,53.0,6.0,33.0,58.0,56.9,25.0,37.0,4.0,33.0,57.0,153.0,22.0,1.0,,2022
Frank Fabra,COL,,30.0,41.9,72.0,54.0,40.0,22.0,10.0,38.0,63.0,60.3,25.0,34.0,8.0,26.0,69.0,141.0,71.0,1.0,,2022
Luis Advíncula,PER,,31.0,41.1,70.0,46.0,36.0,28.0,6.0,37.0,55.0,67.3,18.0,29.0,8.0,21.0,30.0,100.0,64.0,0.0,,2022
Sebastián Villa,COL,,25.0,32.7,29.0,21.0,10.0,11.0,8.0,13.0,34.0,38.2,21.0,19.0,0.0,19.0,14.0,43.0,7.0,0.0,,2022
Alan Varela,ARG,,20.0,32.3,68.0,40.0,19.0,48.0,1.0,35.0,71.0,49.3,36.0,34.0,16.0,18.0,57.0,125.0,44.0,0.0,,2022
Óscar Romero,PAR,,29.0,31.5,83.0,52.0,33.0,40.0,10.0,37.0,82.0,45.1,45.0,40.0,4.0,36.0,21.0,104.0,11.0,0.0,,2022
Darío Benedetto,ARG,,31.0,30.0,17.0,9.0,2.0,9.0,6.0,4.0,21.0,19.0,17.0,16.0,2.0,14.0,5.0,22.0,18.0,0.0,,2022
Marcos Rojo,ARG,,31.0,28.4,47.0,28.0,34.0,13.0,0.0,23.0,35.0,65.7,12.0,29.0,15.0,14.0,51.0,98.0,94.0,0.0,,2022
Juan Ramírez,ARG,,28.0,24.8,64.0,41.0,18.0,33.0,13.0,33.0,59.0,55.9,26.0,22.0,1.0,21.0,22.0,86.0,7.0,0.0,,2022
Carlos Zambrano,PER,,32.0,24.7,36.0,25.0,27.0,8.0,1.0,13.0,21.0,61.9,8.0,35.0,18.0,17.0,30.0,66.0,88.0,0.0,,2022
Luis Vázquez,ARG,,21.0,21.5,15.0,7.0,0.0,8.0,7.0,4.0,12.0,33.3,8.0,9.0,0.0,9.0,1.0,16.0,15.0,0.0,,2022
Cristian Medina,ARG,,19.0,16.0,59.0,39.0,12.0,34.0,13.0,21.0,38.0,55.3,17.0,25.0,7.0,18.0,8.0,67.0,19.0,0.0,,2022
Carlos Izquierdoz,ARG,,33.0,15.7,28.0,16.0,17.0,10.0,1.0,17.0,23.0,73.9,6.0,10.0,6.0,4.0,33.0,61.0,45.0,0.0,,2022
Jorge Figal,ARG,,27.0,15.1,35.0,21.0,23.0,10.0,2.0,19.0,24.0,79.2,5.0,18.0,13.0,5.0,14.0,49.0,35.0,0.0,,2022
Exequiel Zeballos,ARG,,19.0,14.9,6.0,3.0,0.0,3.0,3.0,2.0,13.0,15.4,11.0,15.0,1.0,14.0,6.0,12.0,1.0,0.0,,2022
Eduardo Salvio,ARG,,31.0,11.9,10.0,9.0,1.0,5.0,4.0,5.0,13.0,38.5,8.0,9.0,0.0,9.0,4.0,14.0,2.0,0.0,,2022
Agustín Sández,PAR,,21.0,11.8,25.0,19.0,13.0,8.0,4.0,17.0,23.0,73.9,6.0,15.0,3.0,12.0,14.0,39.0,30.0,1.0,,2022
Gabriel Aranda,ARG,,20.0,11.0,20.0,11.0,15.0,5.0,0.0,13.0,19.0,68.4,6.0,10.0,7.0,3.0,11.0,31.0,36.0,0.0,,2022
Aaron Nicolás Molinas,ARG,,21.0,11.0,20.0,14.0,5.0,10.0,5.0,8.0,16.0,50.0,8.0,13.0,1.0,12.0,10.0,30.0,4.0,0.0,,2022
Luca Langoni,ARG,,19.0,10.5,6.0,3.0,1.0,4.0,1.0,2.0,9.0,22.2,7.0,6.0,0.0,6.0,0.0,6.0,0.0,0.0,,2022
Jorman Campuzano,COL,,25.0,9.9,35.0,22.0,16.0,19.0,0.0,14.0,26.0,53.8,12.0,7.0,3.0,4.0,17.0,52.0,18.0,0.0,,2022
Marcelo Weigandt,ARG,,22.0,9.0,26.0,14.0,11.0,13.0,2.0,18.0,22.0,81.8,4.0,13.0,4.0,9.0,8.0,34.0,9.0,0.0,,2022
Facundo Roncaglia,ARG,,34.0,8.7,20.0,10.0,17.0,3.0,0.0,9.0,15.0,60.0,6.0,3.0,2.0,1.0,6.0,26.0,30.0,1.0,,2022
Javier Hernán García,ARG,,35.0,8.0,2.0,2.0,2.0,0.0,0.0,1.0,1.0,100.0,0.0,0.0,0.0,0.0,0.0,2.0,2.0,0.0,,2022
,nan,,,,,,,,,,,,,,,,,,,,,2022
Martín Payero,ARG,,23.0,7.5,16.0,8.0,5.0,8.0,3.0,6.0,10.0,60.0,4.0,15.0,0.0,15.0,3.0,19.0,2.0,0.0,,2022
Nicolás Orsini,ARG,,27.0,5.6,2.0,2.0,0.0,0.0,2.0,0.0,2.0,0.0,2.0,5.0,0.0,5.0,0.0,2.0,5.0,0.0,,2022
Esteban Rolón,ARG,,26.0,4.4,12.0,6.0,3.0,9.0,0.0,6.0,9.0,66.7,3.0,11.0,5.0,6.0,6.0,18.0,5.0,0.0,,2022
Gastón Ávila,ARG,,20.0,3.6,5.0,2.0,4.0,1.0,0.0,2.0,8.0,25.0,6.0,6.0,3.0,3.0,1.0,6.0,7.0,0.0,,2022
Diego González,ARG,,33.0,3.0,6.0,1.0,1.0,3.0,2.0,1.0,7.0,14.3,6.0,2.0,1.0,1.0,3.0,9.0,4.0,0.0,,2022
Norberto Briasco,ARM,,25.0,1.7,6.0,1.0,1.0,3.0,2.0,3.0,4.0,75.0,1.0,0.0,0.0,0.0,0.0,6.0,0.0,0.0,,2022
Gonzalo Morales,ARG,,18.0,1.5,2.0,1.0,0.0,2.0,0.0,0.0,0.0,,0.0,0.0,0.0,0.0,1.0,3.0,0.0,0.0,,2022
Gabriel Vega,ARG,,19.0,1.0,0.0,0.0,0.0,0.0,0.0,0.0,0.0,,0.0,1.0,0.0,1.0,0.0,0.0,1.0,0.0,,2022
Maximiliano Zalazar,ARG,,20.0,0.6,1.0,1.0,0.0,1.0,0.0,0.0,1.0,0.0,1.0,0.0,0.0,0.0,0.0,1.0,0.0,0.0,,2022
Leandro Brey,ARG,,19.0,0.5,0.0,0.0,0.0,0.0,0.0,0.0,0.0,,0.0,0.0,0.0,0.0,0.0,0.0,0.0,0.0,,2022
Brandon Cortés,CHI,,20.0,0.4,0.0,0.0,0.0,0.0,0.0,0.0,1.0,0.0,1.0,0.0,0.0,0.0,0.0,0.0,0.0,0.0,,2022
Simón Rivero,ARG,,18.0,0.2,3.0,2.0,2.0,1.0,0.0,0.0,1.0,0.0,1.0,0.0,0.0,0.0,1.0,4.0,0.0,0.0,,2022
Agustín Almendra,ARG,,21.0,0.1,0.0,0.0,0.0,0.0,0.0,0.0,0.0,,0.0,0.0,0.0,0.0,0.0,0.0,0.0,0.0,,2022
Vicente Taborda,ARG,,20.0,0.0,0.0,0.0,0.0,0.0,0.0,0.0,0.0,,0.0,0.0,0.0,0.0,1.0,1.0,0.0,0.0,,2022
Sergio Romero,ARG,,35.0,46.3,1.0,1.0,1.0,0.0,0.0,1.0,2.0,50.0,1.0,1.0,0.0,1.0,2.0,3.0,13.0,1.0,,2023
Jorge Figal,ARG,,28.0,40.5,68.0,48.0,43.0,23.0,2.0,37.0,56.0,66.1,19.0,51.0,29.0,22.0,30.0,98.0,124.0,4.0,,2023
Guillermo Matías Fernández,ARG,,31.0,37.8,81.0,45.0,32.0,46.0,3.0,39.0,87.0,44.8,48.0,50.0,15.0,35.0,36.0,117.0,39.0,1.0,,2023
Cristian Medina,ARG,,20.0,33.3,64.0,38.0,22.0,33.0,9.0,31.0,68.0,45.6,37.0,32.0,4.0,28.0,13.0,77.0,17.0,0.0,,2023
Luis Advíncula,PER,,32.0,32.8,63.0,40.0,35.0,25.0,3.0,33.0,46.0,71.7,13.0,30.0,5.0,25.0,14.0,77.0,33.0,0.0,,2023
Frank Fabra,COL,,31.0,29.6,54.0,35.0,27.0,20.0,7.0,32.0,61.0,52.5,29.0,28.0,7.0,21.0,49.0,103.0,48.0,0.0,,2023
Miguel Merentiel,URU,,26.0,27.0,12.0,9.0,1.0,6.0,5.0,3.0,17.0,17.6,14.0,11.0,0.0,11.0,6.0,18.0,10.0,1.0,,2023
Alan Varela,ARG,,21.0,26.3,68.0,34.0,31.0,35.0,2.0,33.0,63.0,52.4,30.0,44.0,18.0,26.0,39.0,107.0,35.0,0.0,,2023
Nicolás Valentini,ARG,,21.0,25.7,37.0,22.0,27.0,10.0,0.0,26.0,37.0,70.3,11.0,23.0,10.0,13.0,21.0,58.0,135.0,1.0,,2023
Bruno Valdez,PAR,,30.0,25.5,38.0,24.0,24.0,13.0,1.0,19.0,29.0,65.5,10.0,35.0,21.0,14.0,41.0,79.0,82.0,2.0,,2023
Ezequiél Fernández,ARG,,20.0,25.2,74.0,44.0,23.0,46.0,5.0,32.0,61.0,52.5,29.0,39.0,3.0,36.0,26.0,100.0,16.0,2.0,,2023
Marcelo Weigandt,ARG,,23.0,24.4,48.0,33.0,34.0,12.0,2.0,32.0,54.0,59.3,22.0,38.0,9.0,29.0,23.0,71.0,55.0,1.0,,2023
Valentín Barco,ARG,,18.0,22.9,45.0,25.0,19.0,19.0,7.0,20.0,40.0,50.0,20.0,22.0,2.0,20.0,18.0,63.0,18.0,1.0,,2023
Darío Benedetto,ARG,,32.0,19.2,9.0,5.0,1.0,6.0,2.0,5.0,13.0,38.5,8.0,17.0,3.0,14.0,3.0,12.0,10.0,0.0,,2023
Sebastián Villa,COL,,26.0,18.9,20.0,15.0,4.0,12.0,4.0,8.0,23.0,34.8,15.0,19.0,2.0,17.0,10.0,30.0,4.0,0.0,,2023
Facundo Roncaglia,ARG,,35.0,15.7,30.0,18.0,20.0,10.0,0.0,18.0,29.0,62.1,11.0,23.0,15.0,8.0,26.0,56.0,54.0,1.0,,2023
Óscar Romero,PAR,,30.0,13.6,19.0,13.0,3.0,12.0,4.0,11.0,31.0,35.5,20.0,10.0,0.0,10.0,7.0,26.0,5.0,0.0,,2023
Edinson Cavani,URU,,35.0,12.6,10.0,9.0,4.0,5.0,1.0,3.0,7.0,42.9,4.0,13.0,5.0,8.0,3.0,13.0,11.0,0.0,,2023
Marcelo Saracchi,URU,,24.0,11.6,24.0,17.0,11.0,12.0,1.0,11.0,22.0,50.0,11.0,17.0,2.0,15.0,7.0,31.0,17.0,0.0,,2023
Luca Langoni,ARG,,20.0,10.3,11.0,5.0,4.0,6.0,1.0,6.0,15.0,40.0,9.0,7.0,1.0,6.0,2.0,13.0,2.0,0.0,,2023
Lucas Janson,ARG,,28.0,9.5,8.0,4.0,3.0,3.0,2.0,7.0,12.0,58.3,5.0,3.0,0.0,3.0,8.0,16.0,6.0,0.0,,2023
Marcos Rojo,ARG,,32.0,9.0,7.0,6.0,5.0,1.0,1.0,5.0,12.0,41.7,7.0,9.0,6.0,3.0,7.0,14.0,27.0,0.0,,2023
Javier Hernán García,ARG,,36.0,9.0,0.0,0.0,0.0,0.0,0.0,0.0,0.0,,0.0,0.0,0.0,0.0,0.0,0.0,1.0,0.0,,2023
Juan Ramírez,ARG,,29.0,8.9,20.0,12.0,7.0,9.0,4.0,8.0,21.0,38.1,13.0,13.0,0.0,13.0,5.0,25.0,1.0,0.0,,2023
Jorman Campuzano,COL,,26.0,8.3,24.0,14.0,14.0,10.0,0.0,12.0,25.0,48.0,13.0,10.0,4.0,6.0,3.0,27.0,5.0,0.0,,2023
,nan,,,,,,,,,,,,,,,,,,,,,2023
Exequiel Zeballos,ARG,,20.0,8.0,5.0,3.0,0.0,4.0,1.0,2.0,7.0,28.6,5.0,10.0,0.0,10.0,2.0,7.0,3.0,0.0,,2023
Martín Payero,ARG,,24.0,7.6,17.0,13.0,3.0,13.0,1.0,7.0,13.0,53.8,6.0,9.0,0.0,9.0,1.0,18.0,5.0,0.0,,2023
Norberto Briasco,ARM,,26.0,7.1,14.0,9.0,2.0,9.0,3.0,1.0,9.0,11.1,8.0,8.0,0.0,8.0,0.0,14.0,3.0,0.0,,2023
Lucas Blondel,SUI,,26.0,6.6,17.0,11.0,9.0,8.0,0.0,12.0,21.0,57.1,9.0,5.0,1.0,4.0,9.0,26.0,16.0,0.0,,2023
Luis Vázquez,ARG,,22.0,6.3,6.0,5.0,1.0,4.0,1.0,1.0,6.0,16.7,5.0,2.0,1.0,1.0,0.0,6.0,6.0,0.0,,2023
Agustín Sández,PAR,,22.0,5.4,8.0,8.0,5.0,3.0,0.0,5.0,11.0,45.5,6.0,5.0,0.0,5.0,4.0,12.0,11.0,2.0,,2023
Ezequiel Bullaude,ARG,,22.0,4.3,4.0,2.0,0.0,2.0,2.0,1.0,8.0,12.5,7.0,2.0,1.0,1.0,3.0,7.0,3.0,0.0,,2023
Aaron Anselmino,ARG,,17.0,3.3,10.0,5.0,7.0,3.0,0.0,4.0,5.0,80.0,1.0,2.0,1.0,1.0,4.0,14.0,9.0,0.0,,2023
Vicente Taborda,ARG,,21.0,2.4,9.0,8.0,1.0,8.0,0.0,3.0,9.0,33.3,6.0,2.0,0.0,2.0,1.0,10.0,0.0,0.0,,2023
Jabes Saralegui,ARG,,20.0,2.3,3.0,2.0,0.0,3.0,0.0,1.0,5.0,20.0,4.0,1.0,0.0,1.0,1.0,4.0,1.0,0.0,,2023
Esteban Rolón,ARG,,27.0,2.3,14.0,3.0,5.0,6.0,3.0,11.0,13.0,84.6,2.0,4.0,0.0,4.0,2.0,16.0,2.0,0.0,,2023
Nicolás Orsini,ARG,,28.0,2.3,1.0,1.0,0.0,0.0,1.0,0.0,0.0,,0.0,4.0,1.0,3.0,1.0,2.0,1.0,0.0,,2023
Diego González,ARG,,34.0,1.2,1.0,1.0,0.0,1.0,0.0,0.0,3.0,0.0,3.0,4.0,2.0,2.0,2.0,3.0,1.0,0.0,,2023
Nahuel Génez,ARG,,19.0,1.0,1.0,1.0,1.0,0.0,0.0,1.0,2.0,50.0,1.0,1.0,0.0,1.0,0.0,1.0,1.0,0.0,,2023
Brandon Cortés,CHI,,21.0,0.2,0.0,0.0,0.0,0.0,0.0,0.0,1.0,0.0,1.0,2.0,0.0,2.0,1.0,1.0,0.0,0.0,,2023
Gonzalo Morales,ARG,,19.0,0.1,0.0,0.0,0.0,0.0,0.0,0.0,0.0,,0.0,0.0,0.0,0.0,0.0,0.0,0.0,0.0,,2023
Miguel Merentiel,URU,,27.0,38.3,10.0,9.0,0.0,7.0,3.0,4.0,21.0,19.0,17.0,15.0,1.0,14.0,8.0,17.0,10.0,0.0,,2024
Sergio Romero,ARG,,36.0,36.0,1.0,1.0,1.0,0.0,0.0,1.0,1.0,100.0,0.0,0.0,0.0,0.0,0.0,1.0,9.0,4.0,,2024
Lautaro Blanco,ARG,,24.0,35.0,80.0,67.0,35.0,34.0,11.0,46.0,77.0,59.7,31.0,25.0,5.0,20.0,27.0,104.0,45.0,0.0,,2024
Kevin Zenon,ARG,,22.0,33.9,23.0,15.0,12.0,8.0,3.0,11.0,31.0,35.5,20.0,27.0,1.0,26.0,11.0,32.0,7.0,0.0,,2024
Luis Advíncula,PER,,33.0,33.7,41.0,39.0,20.0,19.0,2.0,24.0,33.0,72.7,9.0,15.0,3.0,12.0,29.0,66.0,37.0,0.0,,2024
Guillermo Matías Fernández,ARG,,32.0,32.0,73.0,55.0,34.0,35.0,4.0,38.0,62.0,61.3,24.0,20.0,6.0,14.0,58.0,115.0,42.0,0.0,,2024
Cristian Lema,ARG,,33.0,29.2,47.0,37.0,29.0,15.0,3.0,26.0,40.0,65.0,14.0,22.0,8.0,14.0,51.0,86.0,102.0,0.0,,2024
Edinson Cavani,URU,,36.0,27.0,13.0,5.0,3.0,7.0,3.0,4.0,11.0,36.4,7.0,13.0,4.0,9.0,2.0,14.0,23.0,0.0,,2024
Jorge Figal,ARG,,29.0,25.3,35.0,25.0,25.0,10.0,0.0,20.0,32.0,62.5,12.0,25.0,12.0,13.0,21.0,52.0,70.0,0.0,,2024
Cristian Medina,ARG,,21.0,24.6,38.0,27.0,11.0,23.0,4.0,18.0,35.0,51.4,17.0,25.0,5.0,20.0,27.0,55.0,21.0,0.0,,2024
Marcos Rojo,ARG,,33.0,18.1,18.0,12.0,10.0,6.0,2.0,11.0,19.0,57.9,8.0,18.0,11.0,7.0,12.0,27.0,62.0,1.0,,2024
Marcelo Saracchi,URU,,25.0,15.3,19.0,19.0,11.0,6.0,2.0,6.0,18.0,33.3,12.0,16.0,4.0,12.0,35.0,42.0,33.0,0.0,,2024
Leandro Brey,ARG,,21.0,14.6,0.0,0.0,0.0,0.0,0.0,0.0,0.0,,0.0,0.0,0.0,0.0,0.0,0.0,5.0,2.0,,2024
Jabes Saralegui,ARG,,21.0,14.4,13.0,9.0,6.0,5.0,2.0,4.0,15.0,26.7,11.0,11.0,1.0,10.0,8.0,17.0,15.0,0.0,,2024
Tomás Belmonte,ARG,,25.0,14.1,38.0,23.0,14.0,20.0,4.0,17.0,36.0,47.2,19.0,15.0,6.0,9.0,16.0,53.0,24.0,0.0,,2024
Lautaro Di Lollo,ARG,,19.0,14.0,32.0,27.0,21.0,11.0,0.0,16.0,20.0,80.0,4.0,17.0,11.0,6.0,10.0,39.0,57.0,0.0,,2024
Ezequiél Fernández,ARG,,21.0,13.9,32.0,25.0,10.0,19.0,3.0,18.0,39.0,46.2,21.0,20.0,5.0,15.0,13.0,41.0,6.0,0.0,,2024
Milton Giménez,ARG,,27.0,12.1,16.0,11.0,3.0,7.0,6.0,5.0,14.0,35.7,9.0,9.0,1.0,8.0,3.0,19.0,14.0,0.0,,2024
Aaron Anselmino,ARG,,18.0,12.0,26.0,18.0,18.0,6.0,2.0,17.0,24.0,70.8,7.0,19.0,9.0,10.0,21.0,46.0,40.0,0.0,,2024
Exequiel Zeballos,ARG,,21.0,11.9,8.0,6.0,1.0,6.0,1.0,4.0,12.0,33.3,8.0,7.0,1.0,6.0,3.0,11.0,2.0,0.0,,2024
Brian Aguirre,ARG,,20.0,9.9,15.0,8.0,2.0,9.0,4.0,8.0,16.0,50.0,8.0,4.0,0.0,4.0,2.0,17.0,2.0,0.0,,2024
Luca Langoni,ARG,,21.0,9.6,4.0,3.0,2.0,0.0,2.0,1.0,6.0,16.7,5.0,3.0,0.0,3.0,4.0,8.0,0.0,0.0,,2024
Ignacio Miramon,ARG,,20.0,8.8,26.0,16.0,8.0,15.0,3.0,16.0,29.0,55.2,13.0,13.0,2.0,11.0,13.0,39.0,5.0,0.0,,2024
Gary Medel,CHI,,36.0,7.8,8.0,6.0,6.0,2.0,0.0,4.0,10.0,40.0,6.0,6.0,6.0,0.0,9.0,16.0,27.0,1.0,,2024
Lucas Janson,ARG,,29.0,7.7,12.0,11.0,4.0,5.0,3.0,6.0,14.0,42.9,8.0,8.0,1.0,7.0,1.0,12.0,8.0,0.0,,2024
,nan,,,,,,,,,,,,,,,,,,,,,2024
Frank Fabra,COL,,32.0,6.2,9.0,5.0,3.0,3.0,3.0,4.0,9.0,44.4,5.0,5.0,1.0,4.0,5.0,13.0,16.0,0.0,,2024
Milton Delgado,ARG,,18.0,6.0,20.0,16.0,11.0,7.0,2.0,12.0,16.0,75.0,4.0,5.0,1.0,4.0,7.0,24.0,2.0,0.0,,2024
Mauricio Benítez,ARG,,19.0,5.9,8.0,10.0,4.0,2.0,2.0,5.0,7.0,71.4,2.0,4.0,0.0,4.0,15.0,15.0,6.0,0.0,,2024
Nicolás Valentini,ARG,,22.0,5.8,3.0,2.0,1.0,2.0,0.0,3.0,4.0,75.0,1.0,3.0,2.0,1.0,3.0,4.0,18.0,0.0,,2024
Jorman Campuzano,COL,,27.0,5.8,19.0,10.0,7.0,11.0,1.0,9.0,13.0,69.2,4.0,9.0,1.0,8.0,8.0,27.0,10.0,0.0,,2024
Juan Barinaga,ARG,,23.0,5.3,8.0,4.0,5.0,3.0,0.0,3.0,7.0,42.9,4.0,6.0,2.0,4.0,8.0,16.0,14.0,0.0,,2024
Lucas Blondel,SUI,,27.0,4.7,14.0,10.0,7.0,6.0,1.0,9.0,16.0,56.3,7.0,10.0,2.0,8.0,5.0,19.0,14.0,1.0,,2024
Agustín Martegani,ARG,,23.0,4.3,10.0,8.0,4.0,6.0,0.0,5.0,11.0,45.5,6.0,3.0,0.0,3.0,5.0,15.0,2.0,0.0,,2024
Darío Benedetto,ARG,,33.0,3.7,2.0,0.0,0.0,2.0,0.0,2.0,4.0,50.0,2.0,1.0,0.0,1.0,0.0,2.0,1.0,0.0,,2024
Ezequiel Bullaude,ARG,,23.0,2.7,4.0,3.0,0.0,3.0,1.0,2.0,3.0,66.7,1.0,4.0,0.0,4.0,1.0,5.0,1.0,0.0,,2024
Mateo Mendía,ARG,,19.0,2.3,2.0,2.0,2.0,0.0,0.0,2.0,4.0,50.0,2.0,4.0,3.0,1.0,7.0,9.0,5.0,0.0,,2024
Julián Ceballos,ARG,,19.0,2.0,1.0,2.0,0.0,0.0,1.0,0.0,5.0,0.0,5.0,1.0,0.0,1.0,2.0,2.0,1.0,0.0,,2024
Norberto Briasco,ARM,,27.0,1.9,3.0,2.0,1.0,1.0,1.0,0.0,2.0,0.0,2.0,1.0,0.0,1.0,0.0,3.0,0.0,0.0,,2024
Juan Ramírez,ARG,,30.0,1.7,3.0,5.0,2.0,0.0,1.0,1.0,2.0,50.0,1.0,0.0,0.0,0.0,3.0,4.0,0.0,0.0,,2024
Vicente Taborda,ARG,,22.0,1.6,0.0,0.0,0.0,0.0,0.0,0.0,1.0,0.0,1.0,1.0,1.0,0.0,5.0,5.0,1.0,0.0,,2024
Javier Hernán García,ARG,,37.0,0.8,0.0,0.0,0.0,0.0,0.0,0.0,0.0,,0.0,0.0,0.0,0.0,0.0,0.0,0.0,0.0,,2024
Iker Zufiaurre,ARG,,18.0,0.7,0.0,5.0,0.0,0.0,0.0,0.0,0.0,,0.0,0.0,0.0,0.0,0.0,0.0,0.0,0.0,,2024
Dylan Gorosito,ARG,,17.0,0.5,1.0,1.0,1.0,0.0,0.0,1.0,2.0,50.0,1.0,1.0,0.0,1.0,0.0,1.0,3.0,0.0,,2024
Joaquín Ruíz,ARG,,17.0,0.2,0.0,0.0,0.0,0.0,0.0,0.0,0.0,,0.0,1.0,0.0,1.0,0.0,0.0,0.0,0.0,,2024
Walter Molas,ARG,,19.0,0.1,0.0,0.0,0.0,0.0,0.0,0.0,0.0,,0.0,0.0,0.0,0.0,0.0,0.0,0.0,0.0,,2024
Santiago Dalmasso,ARG,,19.0,0.1,0.0,0.0,0.0,0.0,0.0,0.0,0.0,,0.0,0.0,0.0,0.0,0.0,0.0,0.0,0.0,,2024
Agustín Marchesín,ARG,,,32.0,0.0,1.0,0.0,0.0,0.0,0.0,0.0,,0.0,0.0,0.0,0.0,0.0,0.0,9.0,2.0,,2025
Lautaro Blanco,ARG,,,29.8,57.0,48.0,37.0,14.0,6.0,25.0,41.0,61.0,16.0,28.0,5.0,23.0,22.0,78.0,68.0,0.0,,2025
Rodrigo Battaglia,ARG,,,24.9,39.0,25.0,19.0,19.0,1.0,19.0,31.0,61.3,12.0,16.0,8.0,8.0,15.0,54.0,102.0,0.0,,2025
Miguel Merentiel,URU,,,24.1,8.0,6.0,2.0,5.0,1.0,3.0,10.0,30.0,7.0,8.0,0.0,8.0,2.0,10.0,9.0,1.0,,2025
Carlos Palacios,CHI,,,23.1,15.0,11.0,7.0,4.0,4.0,8.0,28.0,28.6,20.0,15.0,4.0,11.0,4.0,19.0,20.0,1.0,,2025
Lautaro Di Lollo,ARG,,,22.2,42.0,31.0,30.0,10.0,2.0,22.0,28.0,78.6,6.0,28.0,12.0,16.0,22.0,63.0,117.0,0.0,,2025
Ayrton Costa,ARG,,,19.1,40.0,30.0,29.0,9.0,2.0,22.0,27.0,81.5,5.0,20.0,8.0,12.0,43.0,80.0,92.0,0.0,,2025
Milton Giménez,ARG,,,17.3,16.0,12.0,2.0,8.0,6.0,4.0,13.0,30.8,9.0,17.0,0.0,17.0,5.0,21.0,20.0,0.0,,2025
Edinson Cavani,URU,,,15.5,11.0,7.0,5.0,2.0,4.0,5.0,10.0,50.0,5.0,9.0,3.0,6.0,2.0,13.0,14.0,0.0,,2025
Juan Barinaga,ARG,,,14.8,27.0,21.0,14.0,7.0,6.0,15.0,18.0,83.3,3.0,13.0,2.0,11.0,17.0,44.0,40.0,0.0,,2025
Luis Advíncula,PER,,,14.7,20.0,17.0,15.0,3.0,2.0,16.0,22.0,72.7,6.0,12.0,5.0,7.0,8.0,27.0,26.0,1.0,,2025
Milton Delgado,ARG,,,14.6,37.0,25.0,12.0,23.0,2.0,14.0,28.0,50.0,14.0,13.0,1.0,12.0,21.0,58.0,16.0,2.0,,2025
Alan Velasco,ARG,,,13.8,26.0,15.0,10.0,14.0,2.0,13.0,27.0,48.1,14.0,17.0,0.0,17.0,11.0,33.0,10.0,0.0,,2025
Tomás Belmonte,ARG,,,13.5,49.0,40.0,25.0,17.0,7.0,21.0,36.0,58.3,15.0,16.0,5.0,11.0,14.0,62.0,29.0,1.0,,2025
Leandro Paredes,ARG,,,13.2,28.0,19.0,11.0,15.0,2.0,15.0,24.0,62.5,9.0,13.0,3.0,10.0,14.0,42.0,28.0,0.0,,2025
Kevin Zenon,ARG,,,12.7,18.0,15.0,6.0,9.0,3.0,6.0,9.0,66.7,3.0,8.0,2.0,6.0,5.0,22.0,9.0,0.0,,2025
Exequiel Zeballos,ARG,,,12.0,10.0,6.0,5.0,2.0,3.0,5.0,11.0,45.5,6.0,10.0,0.0,10.0,3.0,12.0,1.0,0.0,,2025
Marcos Rojo,ARG,,,9.5,14.0,9.0,7.0,7.0,0.0,4.0,5.0,80.0,1.0,7.0,4.0,3.0,12.0,26.0,61.0,0.0,,2025
William Alarcón,CHI,,,9.3,8.0,7.0,5.0,3.0,0.0,4.0,7.0,57.1,3.0,12.0,3.0,9.0,8.0,15.0,9.0,0.0,,2025
Brian Aguirre,ARG,,,8.1,7.0,4.0,3.0,3.0,1.0,4.0,11.0,36.4,7.0,12.0,0.0,12.0,6.0,13.0,6.0,0.0,,2025
,nan,,,,,,,,,,,,,,,,,,,,,2025
Marco Pellegrino,ARG,,,7.0,6.0,4.0,6.0,0.0,0.0,2.0,4.0,50.0,2.0,3.0,3.0,0.0,12.0,16.0,47.0,0.0,,2025
Lucas Blondel,SUI,,,6.1,11.0,6.0,6.0,5.0,0.0,8.0,10.0,80.0,2.0,5.0,0.0,5.0,5.0,16.0,18.0,0.0,,2025
Ander Herrera,ESP,,,5.1,15.0,8.0,6.0,6.0,3.0,10.0,15.0,66.7,5.0,7.0,2.0,5.0,8.0,23.0,10.0,0.0,,2025
Marcelo Saracchi,URU,,,4.1,6.0,6.0,2.0,3.0,1.0,4.0,4.0,100.0,0.0,3.0,1.0,2.0,8.0,14.0,21.0,0.0,,2025
Malcom Braida,ARG,,,3.6,6.0,3.0,1.0,5.0,0.0,2.0,3.0,66.7,1.0,6.0,1.0,5.0,1.0,7.0,6.0,0.0,,2025
Camilo Rey,ARG,,,3.4,9.0,4.0,4.0,4.0,1.0,6.0,9.0,66.7,3.0,3.0,1.0,2.0,7.0,16.0,5.0,0.0,,2025
Leandro Brey,ARG,,,3.0,0.0,0.0,0.0,0.0,0.0,0.0,0.0,,0.0,0.0,0.0,0.0,0.0,0.0,1.0,1.0,,2025
Jorge Figal,ARG,,,2.8,3.0,5.0,3.0,0.0,0.0,1.0,1.0,100.0,0.0,0.0,0.0,0.0,0.0,3.0,6.0,0.0,,2025
Lucas Janson,ARG,,,1.3,3.0,2.0,1.0,0.0,2.0,3.0,4.0,75.0,1.0,0.0,0.0,0.0,0.0,3.0,0.0,0.0,,2025
Frank Fabra,COL,,,1.2,2.0,2.0,1.0,0.0,1.0,1.0,2.0,50.0,1.0,0.0,0.0,0.0,7.0,9.0,2.0,0.0,,2025
Ignacio Miramon,ARG,,,1.1,7.0,5.0,2.0,5.0,0.0,4.0,6.0,66.7,2.0,2.0,0.0,2.0,1.0,8.0,3.0,0.0,,2025
Mateo Mendía,ARG,,,1.0,2.0,2.0,0.0,2.0,0.0,1.0,1.0,100.0,0.0,1.0,1.0,0.0,1.0,3.0,4.0,0.0,,2025
Agustín Martegani,ARG,,,0.6,1.0,0.0,0.0,1.0,0.0,1.0,1.0,100.0,0.0,0.0,0.0,0.0,0.0,1.0,0.0,0.0,,2025
Joaquín Ruíz,ARG,,,0.3,1.0,1.0,1.0,0.0,0.0,1.0,1.0,100.0,0.0,1.0,0.0,1.0,1.0,2.0,1.0,0.0,,2025
Santiago Dalmasso,ARG,,,0.1,1.0,1.0,0.0,1.0,0.0,0.0,0.0,,0.0,0.0,0.0,0.0,0.0,1.0,0.0,0.0,,2025
