player,nation,position,age,nineties,shot_creating_actions,shot_creating_actions_per90,sca_pass_live,sca_pass_dead,sca_take_ons,sca_shots,sca_fouls_drawn,sca_def_actions,goal_creating_actions,goal_creating_actions_per90,gca_pass_live,gca_pass_dead,gca_take_ons,gca_shots,gca_fouls_drawn,gca_def_actions,season
Carlos Izquierdoz,ARG,DF,31.0,19.7,5.0,0.42,4.0,1.0,0.0,0.0,0.0,0.0,1.0,0.08,1.0,0.0,0.0,0.0,0.0,0.0,2020
Esteban Andrada,ARG,GK,29.0,18.7,2.0,0.17,1.0,1.0,0.0,0.0,0.0,0.0,0.0,0.0,0.0,0.0,0.0,0.0,0.0,0.0,2020
Nicolás Capaldo,ARG,MF,22.0,17.3,10.0,1.29,8.0,0.0,0.0,2.0,0.0,0.0,2.0,0.26,1.0,0.0,0.0,1.0,0.0,0.0,2020
Sebastián Villa,COL,"MF,FW",23.0,15.1,22.0,2.98,19.0,1.0,0.0,1.0,1.0,0.0,2.0,0.27,2.0,0.0,0.0,0.0,0.0,0.0,2020
Jorman Campuzano,COL,MF,23.0,14.8,8.0,0.92,6.0,0.0,0.0,0.0,0.0,2.0,0.0,0.0,0.0,0.0,0.0,0.0,0.0,0.0,2020
Julio Buffarini,ARG,DF,31.0,14.4,8.0,1.83,5.0,0.0,1.0,0.0,2.0,0.0,3.0,0.69,0.0,0.0,1.0,0.0,2.0,0.0,2020
Carlos Tevez,ARG,FW,35.0,14.3,57.0,5.66,37.0,7.0,5.0,5.0,2.0,1.0,1.0,0.1,1.0,0.0,0.0,0.0,0.0,0.0,2020
Leonardo Jara,ARG,DF,28.0,14.1,14.0,1.8,9.0,1.0,1.0,2.0,0.0,1.0,0.0,0.0,0.0,0.0,0.0,0.0,0.0,0.0,2020
Eduardo Salvio,ARG,MF,29.0,13.7,36.0,3.67,22.0,1.0,6.0,4.0,3.0,0.0,2.0,0.2,0.0,0.0,1.0,0.0,1.0,0.0,2020
Carlos Zambrano,PER,DF,30.0,13.1,1.0,0.37,1.0,0.0,0.0,0.0,0.0,0.0,1.0,0.37,1.0,0.0,0.0,0.0,0.0,0.0,2020
Frank Fabra,COL,DF,28.0,12.7,27.0,3.14,21.0,1.0,5.0,0.0,0.0,0.0,2.0,0.23,2.0,0.0,0.0,0.0,0.0,0.0,2020
Edwin Cardona,COL,"MF,FW",27.0,12.6,33.0,7.0,21.0,8.0,4.0,0.0,0.0,0.0,4.0,0.85,3.0,1.0,0.0,0.0,0.0,0.0,2020
Emmanuel Más,ARG,"DF,MF",31.0,11.6,4.0,1.18,2.0,1.0,0.0,0.0,1.0,0.0,0.0,0.0,0.0,0.0,0.0,0.0,0.0,0.0,2020
Lisandro López,ARG,DF,30.0,11.3,10.0,1.25,9.0,0.0,0.0,1.0,0.0,0.0,0.0,0.0,0.0,0.0,0.0,0.0,0.0,0.0,2020
Franco Soldano,ARG,FW,25.0,10.1,10.0,1.61,7.0,0.0,1.0,0.0,2.0,0.0,0.0,0.0,0.0,0.0,0.0,0.0,0.0,0.0,2020
Ramón Ábila,ARG,FW,30.0,9.2,6.0,2.83,4.0,0.0,1.0,0.0,0.0,1.0,0.0,0.0,0.0,0.0,0.0,0.0,0.0,0.0,2020
Mauro Zárate,ARG,"FW,MF",32.0,7.8,2.0,6.0,1.0,1.0,0.0,0.0,0.0,0.0,0.0,0.0,0.0,0.0,0.0,0.0,0.0,0.0,2020
Agustín Rossi,ARG,GK,24.0,6.0,,,,,,,,,,,,,,,,,2020
Guillermo Matías Fernández,ARG,MF,28.0,5.4,14.0,2.68,10.0,1.0,2.0,1.0,0.0,0.0,1.0,0.19,1.0,0.0,0.0,0.0,0.0,0.0,2020
Agustín Obando,ARG,"MF,FW",19.0,5.2,6.0,2.13,6.0,0.0,0.0,0.0,0.0,0.0,0.0,0.0,0.0,0.0,0.0,0.0,0.0,0.0,2020
Diego González,ARG,MF,31.0,4.7,2.0,1.14,2.0,0.0,0.0,0.0,0.0,0.0,0.0,0.0,0.0,0.0,0.0,0.0,0.0,0.0,2020
Gastón Ávila,ARG,DF,18.0,4.0,,,,,,,,,,,,,,,,,2020
Gonzalo Maroni,ARG,"MF,FW",20.0,3.5,7.0,5.58,4.0,2.0,0.0,1.0,0.0,0.0,1.0,0.8,0.0,0.0,0.0,1.0,0.0,0.0,2020
Alan Varela,ARG,MF,18.0,3.2,,,,,,,,,,,,,,,,,2020
Exequiel Zeballos,ARG,"FW,MF",17.0,2.7,,,,,,,,,,,,,,,,,2020
Júnior Alonso,PAR,DF,26.0,1.3,2.0,1.57,2.0,0.0,0.0,0.0,0.0,0.0,0.0,0.0,0.0,0.0,0.0,0.0,0.0,0.0,2020
Emanuel Reynoso,ARG,"MF,FW",24.0,1.2,10.0,8.04,6.0,4.0,0.0,0.0,0.0,0.0,0.0,0.0,0.0,0.0,0.0,0.0,0.0,0.0,2020
Iván Marcone,ARG,MF,29.0,1.1,4.0,3.79,3.0,0.0,0.0,0.0,1.0,0.0,0.0,0.0,0.0,0.0,0.0,0.0,0.0,0.0,2020
Walter Bou,ARG,FW,26.0,1.0,4.0,3.91,3.0,0.0,1.0,0.0,0.0,0.0,0.0,0.0,0.0,0.0,0.0,0.0,0.0,0.0,2020
Luis Vázquez,ARG,FW,19.0,0.0,,,,,,,,,,,,,,,,,2020
Carlos Izquierdoz,ARG,DF,32.0,40.3,21.0,0.53,16.0,0.0,0.0,2.0,1.0,2.0,4.0,0.1,1.0,0.0,0.0,2.0,0.0,1.0,2021
Agustín Rossi,ARG,GK,25.0,33.0,5.0,0.16,5.0,0.0,0.0,0.0,0.0,0.0,0.0,0.0,0.0,0.0,0.0,0.0,0.0,0.0,2021
Frank Fabra,COL,DF,29.0,32.4,68.0,2.12,56.0,6.0,2.0,0.0,2.0,2.0,7.0,0.22,5.0,1.0,1.0,0.0,0.0,0.0,2021
Sebastián Villa,COL,"FW,MF",24.0,24.9,82.0,3.44,52.0,2.0,12.0,10.0,6.0,0.0,11.0,0.46,5.0,0.0,3.0,3.0,0.0,0.0,2021
Jorman Campuzano,COL,MF,24.0,23.4,22.0,0.97,17.0,0.0,1.0,0.0,2.0,2.0,2.0,0.09,2.0,0.0,0.0,0.0,0.0,0.0,2021
Cristian Medina,ARG,MF,18.0,23.0,46.0,2.03,40.0,1.0,1.0,1.0,3.0,0.0,2.0,0.09,2.0,0.0,0.0,0.0,0.0,0.0,2021
Cristian Pavón,ARG,"FW,MF",25.0,22.2,96.0,4.52,48.0,20.0,13.0,8.0,6.0,1.0,10.0,0.47,7.0,1.0,1.0,0.0,1.0,0.0,2021
Lisandro López,ARG,DF,31.0,22.2,24.0,1.1,20.0,0.0,1.0,1.0,0.0,2.0,1.0,0.05,0.0,0.0,0.0,1.0,0.0,0.0,2021
Marcos Rojo,ARG,DF,30.0,21.9,21.0,0.99,16.0,2.0,0.0,2.0,0.0,1.0,1.0,0.05,1.0,0.0,0.0,0.0,0.0,0.0,2021
Agustín Almendra,ARG,MF,20.0,19.5,79.0,4.05,59.0,5.0,2.0,5.0,4.0,4.0,7.0,0.36,5.0,0.0,1.0,1.0,0.0,0.0,2021
Alan Varela,ARG,MF,19.0,16.2,21.0,1.33,19.0,0.0,0.0,2.0,0.0,0.0,1.0,0.06,1.0,0.0,0.0,0.0,0.0,0.0,2021
Luis Vázquez,ARG,FW,20.0,16.0,31.0,1.93,23.0,0.0,4.0,4.0,0.0,0.0,3.0,0.19,2.0,0.0,1.0,0.0,0.0,0.0,2021
Carlos Tevez,ARG,FW,36.0,15.4,53.0,3.6,33.0,1.0,6.0,5.0,8.0,0.0,3.0,0.2,3.0,0.0,0.0,0.0,0.0,0.0,2021
Carlos Zambrano,PER,DF,31.0,14.8,3.0,0.21,2.0,0.0,0.0,1.0,0.0,0.0,0.0,0.0,0.0,0.0,0.0,0.0,0.0,0.0,2021
Nicolás Capaldo,ARG,"DF,MF",23.0,14.6,20.0,1.37,14.0,1.0,1.0,0.0,4.0,0.0,3.0,0.21,1.0,0.0,0.0,0.0,2.0,0.0,2021
Edwin Cardona,COL,MF,28.0,14.0,80.0,5.86,55.0,19.0,4.0,0.0,1.0,1.0,12.0,0.88,9.0,2.0,0.0,0.0,1.0,0.0,2021
Juan Ramírez,ARG,MF,27.0,12.5,48.0,3.85,34.0,1.0,9.0,0.0,4.0,0.0,4.0,0.32,4.0,0.0,0.0,0.0,0.0,0.0,2021
Luis Advíncula,PER,DF,30.0,11.6,17.0,1.47,11.0,0.0,4.0,0.0,1.0,1.0,1.0,0.09,1.0,0.0,0.0,0.0,0.0,0.0,2021
Norberto Briasco,ARM,FW,24.0,11.0,25.0,2.27,14.0,1.0,4.0,1.0,4.0,1.0,0.0,0.0,0.0,0.0,0.0,0.0,0.0,0.0,2021
Esteban Andrada,ARG,GK,30.0,11.0,1.0,0.09,1.0,0.0,0.0,0.0,0.0,0.0,0.0,0.0,0.0,0.0,0.0,0.0,0.0,0.0,2021
Aaron Nicolás Molinas,ARG,FW,20.0,10.6,51.0,4.94,36.0,8.0,2.0,2.0,2.0,1.0,7.0,0.68,5.0,2.0,0.0,0.0,0.0,0.0,2021
Agustín Sández,PAR,DF,20.0,10.4,27.0,2.69,22.0,1.0,2.0,1.0,0.0,1.0,2.0,0.2,2.0,0.0,0.0,0.0,0.0,0.0,2021
Marcelo Weigandt,ARG,DF,21.0,10.4,15.0,1.5,12.0,0.0,1.0,0.0,2.0,0.0,4.0,0.4,1.0,0.0,1.0,0.0,2.0,0.0,2021
Esteban Rolón,ARG,MF,25.0,10.0,6.0,0.62,6.0,0.0,0.0,0.0,0.0,0.0,0.0,0.0,0.0,0.0,0.0,0.0,0.0,0.0,2021
Rodrigo Montes,ARG,"MF,FW",21.0,8.6,23.0,2.67,20.0,0.0,0.0,2.0,1.0,0.0,1.0,0.12,1.0,0.0,0.0,0.0,0.0,0.0,2021
Julio Buffarini,ARG,DF,32.0,8.6,6.0,0.72,5.0,0.0,0.0,1.0,0.0,0.0,1.0,0.12,1.0,0.0,0.0,0.0,0.0,0.0,2021
Diego González,ARG,MF,32.0,7.9,14.0,1.84,11.0,0.0,2.0,1.0,0.0,0.0,3.0,0.39,3.0,0.0,0.0,0.0,0.0,0.0,2021
Franco Soldano,ARG,FW,26.0,6.5,2.0,0.31,2.0,0.0,0.0,0.0,0.0,0.0,0.0,0.0,0.0,0.0,0.0,0.0,0.0,0.0,2021
Agustín Obando,ARG,"FW,MF",20.0,5.9,13.0,2.21,8.0,1.0,2.0,1.0,1.0,0.0,1.0,0.17,1.0,0.0,0.0,0.0,0.0,0.0,2021
Gonzalo Maroni,ARG,"FW,MF",21.0,5.7,22.0,4.08,15.0,2.0,3.0,1.0,1.0,0.0,0.0,0.0,0.0,0.0,0.0,0.0,0.0,0.0,2021
Eros Mancuso,ARG,DF,21.0,4.7,12.0,2.55,8.0,2.0,1.0,1.0,0.0,0.0,1.0,0.21,1.0,0.0,0.0,0.0,0.0,0.0,2021
Nicolás Orsini,ARG,FW,26.0,4.5,8.0,1.9,5.0,0.0,1.0,1.0,1.0,0.0,1.0,0.24,1.0,0.0,0.0,0.0,0.0,0.0,2021
Mauro Zárate,ARG,"FW,MF",33.0,4.4,13.0,2.92,7.0,4.0,0.0,1.0,1.0,0.0,3.0,0.67,0.0,1.0,0.0,1.0,1.0,0.0,2021
Eduardo Salvio,ARG,"FW,MF",30.0,4.4,11.0,2.49,5.0,0.0,3.0,1.0,2.0,0.0,2.0,0.45,1.0,0.0,0.0,0.0,1.0,0.0,2021
Exequiel Zeballos,ARG,MF,18.0,3.9,6.0,1.53,3.0,1.0,2.0,0.0,0.0,0.0,1.0,0.25,1.0,0.0,0.0,0.0,0.0,0.0,2021
Emmanuel Más,ARG,DF,32.0,3.8,4.0,1.17,3.0,0.0,0.0,0.0,1.0,0.0,0.0,0.0,0.0,0.0,0.0,0.0,0.0,0.0,2021
Leonardo Jara,ARG,MF,29.0,3.5,6.0,1.73,5.0,0.0,0.0,1.0,0.0,0.0,2.0,0.58,1.0,0.0,0.0,1.0,0.0,0.0,2021
Javier Hernán García,ARG,GK,34.0,3.0,1.0,0.33,1.0,0.0,0.0,0.0,0.0,0.0,0.0,0.0,0.0,0.0,0.0,0.0,0.0,0.0,2021
Ezequiél Fernández,ARG,MF,18.0,2.5,1.0,0.4,0.0,0.0,0.0,0.0,1.0,0.0,0.0,0.0,0.0,0.0,0.0,0.0,0.0,0.0,2021
Valentín Barco,ARG,DF,16.0,2.3,6.0,2.63,3.0,2.0,0.0,1.0,0.0,0.0,0.0,0.0,0.0,0.0,0.0,0.0,0.0,0.0,2021
Vicente Taborda,ARG,"MF,FW",19.0,2.1,4.0,1.91,4.0,0.0,0.0,0.0,0.0,0.0,0.0,0.0,0.0,0.0,0.0,0.0,0.0,0.0,2021
Gabriel Vega,ARG,MF,18.0,2.1,10.0,4.81,6.0,1.0,0.0,1.0,2.0,0.0,0.0,0.0,0.0,0.0,0.0,0.0,0.0,0.0,2021
Gabriel Aranda,ARG,DF,19.0,2.0,3.0,1.5,2.0,0.0,1.0,0.0,0.0,0.0,0.0,0.0,0.0,0.0,0.0,0.0,0.0,0.0,2021
Balthazar Bernardi,ARG,DF,19.0,2.0,0.0,0.0,0.0,0.0,0.0,0.0,0.0,0.0,0.0,0.0,0.0,0.0,0.0,0.0,0.0,0.0,2021
Agustín Lastra,ARG,GK,20.0,2.0,0.0,0.0,0.0,0.0,0.0,0.0,0.0,0.0,0.0,0.0,0.0,0.0,0.0,0.0,0.0,0.0,2021
Renzo Giampaoli,ARG,DF,21.0,2.0,1.0,0.5,1.0,0.0,0.0,0.0,0.0,0.0,0.0,0.0,0.0,0.0,0.0,0.0,0.0,0.0,2021
Israel Escalante,ARG,FW,22.0,1.4,1.0,0.72,1.0,0.0,0.0,0.0,0.0,0.0,0.0,0.0,0.0,0.0,0.0,0.0,0.0,0.0,2021
Érik Bodencer,ARG,FW,20.0,1.2,2.0,1.71,0.0,0.0,2.0,0.0,0.0,0.0,0.0,0.0,0.0,0.0,0.0,0.0,0.0,0.0,2021
Ezequiel Almirón,ARG,FW,18.0,0.3,1.0,3.0,1.0,0.0,0.0,0.0,0.0,0.0,0.0,0.0,0.0,0.0,0.0,0.0,0.0,0.0,2021
Nicolás Valentini,ARG,DF,19.0,0.3,0.0,0.0,0.0,0.0,0.0,0.0,0.0,0.0,0.0,0.0,0.0,0.0,0.0,0.0,0.0,0.0,2021
Juan Cabaña,ARG,MF,19.0,0.2,0.0,0.0,0.0,0.0,0.0,0.0,0.0,0.0,0.0,0.0,0.0,0.0,0.0,0.0,0.0,0.0,2021
Kevin Duarte,ARG,MF,19.0,0.2,0.0,0.0,0.0,0.0,0.0,0.0,0.0,0.0,0.0,0.0,0.0,0.0,0.0,0.0,0.0,0.0,2021
Nahuel Génez,ARG,DF,17.0,0.1,0.0,0.0,0.0,0.0,0.0,0.0,0.0,0.0,0.0,0.0,0.0,0.0,0.0,0.0,0.0,0.0,2021
Iván Alvariño,ARG,FW,19.0,0.1,0.0,0.0,0.0,0.0,0.0,0.0,0.0,0.0,0.0,0.0,0.0,0.0,0.0,0.0,0.0,0.0,2021
Lucas Palma,ARG,FW,17.0,0.1,0.0,0.0,0.0,0.0,0.0,0.0,0.0,0.0,0.0,0.0,0.0,0.0,0.0,0.0,0.0,0.0,2021
Agustín Rossi,ARG,GK,26.0,44.2,8.0,0.18,5.0,3.0,0.0,0.0,0.0,0.0,0.0,0.0,0.0,0.0,0.0,0.0,0.0,0.0,2022
Guillermo Matías Fernández,ARG,MF,30.0,42.2,91.0,2.2,77.0,2.0,2.0,4.0,4.0,2.0,6.0,0.15,3.0,0.0,1.0,2.0,0.0,0.0,2022
Frank Fabra,COL,DF,30.0,41.9,91.0,2.21,60.0,11.0,14.0,2.0,3.0,1.0,13.0,0.32,10.0,1.0,2.0,0.0,0.0,0.0,2022
Luis Advíncula,PER,DF,31.0,41.1,63.0,1.56,47.0,10.0,1.0,2.0,2.0,1.0,3.0,0.07,3.0,0.0,0.0,0.0,0.0,0.0,2022
Sebastián Villa,COL,"MF,FW",25.0,32.7,172.0,5.37,83.0,37.0,23.0,12.0,16.0,1.0,30.0,0.94,13.0,6.0,6.0,2.0,3.0,0.0,2022
Alan Varela,ARG,MF,20.0,32.3,41.0,1.29,35.0,0.0,0.0,2.0,3.0,1.0,3.0,0.09,3.0,0.0,0.0,0.0,0.0,0.0,2022
Óscar Romero,PAR,MF,29.0,31.5,150.0,4.81,87.0,42.0,3.0,6.0,10.0,2.0,11.0,0.35,7.0,2.0,0.0,0.0,2.0,0.0,2022
Darío Benedetto,ARG,FW,31.0,30.0,63.0,2.15,43.0,0.0,3.0,6.0,10.0,1.0,4.0,0.14,3.0,0.0,0.0,0.0,1.0,0.0,2022
Marcos Rojo,ARG,DF,31.0,28.4,17.0,0.61,15.0,0.0,0.0,1.0,1.0,0.0,3.0,0.11,2.0,0.0,0.0,0.0,1.0,0.0,2022
Juan Ramírez,ARG,MF,28.0,24.8,68.0,2.79,44.0,2.0,4.0,5.0,12.0,1.0,9.0,0.37,4.0,1.0,0.0,1.0,2.0,1.0,2022
Carlos Zambrano,PER,DF,32.0,24.7,10.0,0.4,8.0,1.0,0.0,1.0,0.0,0.0,1.0,0.04,1.0,0.0,0.0,0.0,0.0,0.0,2022
Luis Vázquez,ARG,FW,21.0,21.5,37.0,1.72,28.0,0.0,5.0,2.0,2.0,0.0,4.0,0.19,3.0,0.0,0.0,0.0,1.0,0.0,2022
Cristian Medina,ARG,MF,19.0,16.0,35.0,2.23,29.0,0.0,0.0,2.0,3.0,1.0,4.0,0.25,2.0,0.0,0.0,0.0,1.0,1.0,2022
Carlos Izquierdoz,ARG,DF,33.0,15.7,6.0,0.4,4.0,1.0,0.0,0.0,1.0,0.0,0.0,0.0,0.0,0.0,0.0,0.0,0.0,0.0,2022
Jorge Figal,ARG,DF,27.0,15.1,9.0,0.56,8.0,1.0,0.0,0.0,0.0,0.0,0.0,0.0,0.0,0.0,0.0,0.0,0.0,0.0,2022
Exequiel Zeballos,ARG,"MF,FW",19.0,14.9,68.0,4.55,28.0,17.0,16.0,3.0,4.0,0.0,4.0,0.27,2.0,0.0,2.0,0.0,0.0,0.0,2022
Eduardo Salvio,ARG,MF,31.0,11.9,37.0,3.19,25.0,1.0,5.0,3.0,2.0,1.0,3.0,0.26,1.0,0.0,0.0,1.0,1.0,0.0,2022
Agustín Sández,PAR,DF,21.0,11.8,15.0,1.27,13.0,1.0,0.0,0.0,1.0,0.0,0.0,0.0,0.0,0.0,0.0,0.0,0.0,0.0,2022
Gabriel Aranda,ARG,DF,20.0,11.0,6.0,0.59,6.0,0.0,0.0,0.0,0.0,0.0,0.0,0.0,0.0,0.0,0.0,0.0,0.0,0.0,2022
Aaron Nicolás Molinas,ARG,MF,21.0,11.0,42.0,3.81,30.0,7.0,1.0,1.0,3.0,0.0,5.0,0.45,5.0,0.0,0.0,0.0,0.0,0.0,2022
Luca Langoni,ARG,"FW,MF",19.0,10.5,25.0,2.37,18.0,0.0,0.0,2.0,5.0,0.0,3.0,0.28,1.0,0.0,0.0,1.0,1.0,0.0,2022
Jorman Campuzano,COL,MF,25.0,9.9,8.0,0.81,7.0,0.0,0.0,0.0,1.0,0.0,1.0,0.1,1.0,0.0,0.0,0.0,0.0,0.0,2022
Marcelo Weigandt,ARG,DF,22.0,9.0,22.0,2.44,15.0,2.0,0.0,2.0,3.0,0.0,1.0,0.11,1.0,0.0,0.0,0.0,0.0,0.0,2022
Facundo Roncaglia,ARG,DF,34.0,8.7,3.0,0.35,2.0,0.0,0.0,1.0,0.0,0.0,0.0,0.0,0.0,0.0,0.0,0.0,0.0,0.0,2022
Javier Hernán García,ARG,GK,35.0,8.0,2.0,0.25,2.0,0.0,0.0,0.0,0.0,0.0,0.0,0.0,0.0,0.0,0.0,0.0,0.0,0.0,2022
Martín Payero,ARG,"MF,FW",23.0,7.5,14.0,1.83,10.0,0.0,0.0,2.0,2.0,0.0,3.0,0.39,2.0,0.0,0.0,1.0,0.0,0.0,2022
Nicolás Orsini,ARG,FW,27.0,5.6,7.0,1.24,5.0,0.0,0.0,0.0,1.0,1.0,0.0,0.0,0.0,0.0,0.0,0.0,0.0,0.0,2022
Esteban Rolón,ARG,MF,26.0,4.4,6.0,1.36,6.0,0.0,0.0,0.0,0.0,0.0,0.0,0.0,0.0,0.0,0.0,0.0,0.0,0.0,2022
Gastón Ávila,ARG,DF,20.0,3.6,4.0,1.13,3.0,0.0,0.0,1.0,0.0,0.0,1.0,0.28,0.0,0.0,0.0,1.0,0.0,0.0,2022
Diego González,ARG,MF,33.0,3.0,10.0,3.33,8.0,0.0,0.0,1.0,0.0,1.0,1.0,0.33,1.0,0.0,0.0,0.0,0.0,0.0,2022
Norberto Briasco,ARM,"FW,MF",25.0,1.7,3.0,1.78,2.0,0.0,0.0,0.0,1.0,0.0,0.0,0.0,0.0,0.0,0.0,0.0,0.0,0.0,2022
Gonzalo Morales,ARG,FW,18.0,1.5,3.0,1.97,1.0,0.0,0.0,0.0,2.0,0.0,0.0,0.0,0.0,0.0,0.0,0.0,0.0,0.0,2022
Gabriel Vega,ARG,MF,19.0,1.0,2.0,2.05,1.0,0.0,1.0,0.0,0.0,0.0,0.0,0.0,0.0,0.0,0.0,0.0,0.0,0.0,2022
Maximiliano Zalazar,ARG,"FW,MF",20.0,0.6,0.0,0.0,0.0,0.0,0.0,0.0,0.0,0.0,0.0,0.0,0.0,0.0,0.0,0.0,0.0,0.0,2022
Leandro Brey,ARG,GK,19.0,0.5,0.0,0.0,0.0,0.0,0.0,0.0,0.0,0.0,0.0,0.0,0.0,0.0,0.0,0.0,0.0,0.0,2022
Brandon Cortés,CHI,"MF,FW",20.0,0.4,0.0,0.0,0.0,0.0,0.0,0.0,0.0,0.0,0.0,0.0,0.0,0.0,0.0,0.0,0.0,0.0,2022
Simón Rivero,ARG,"MF,FW",18.0,0.2,0.0,0.0,0.0,0.0,0.0,0.0,0.0,0.0,0.0,0.0,0.0,0.0,0.0,0.0,0.0,0.0,2022
Agustín Almendra,ARG,MF,21.0,0.1,2.0,15.0,2.0,0.0,0.0,0.0,0.0,0.0,0.0,0.0,0.0,0.0,0.0,0.0,0.0,0.0,2022
Vicente Taborda,ARG,MF,20.0,0.0,0.0,0.0,0.0,0.0,0.0,0.0,0.0,0.0,0.0,0.0,0.0,0.0,0.0,0.0,0.0,0.0,2022
Sergio Romero,ARG,GK,35.0,46.3,2.0,0.04,2.0,0.0,0.0,0.0,0.0,0.0,0.0,0.0,0.0,0.0,0.0,0.0,0.0,0.0,2023
Jorge Figal,ARG,DF,28.0,40.5,27.0,0.68,19.0,1.0,4.0,3.0,0.0,0.0,1.0,0.03,0.0,0.0,0.0,1.0,0.0,0.0,2023
Guillermo Matías Fernández,ARG,MF,31.0,37.8,92.0,2.5,74.0,14.0,3.0,0.0,1.0,0.0,6.0,0.16,5.0,1.0,0.0,0.0,0.0,0.0,2023
Cristian Medina,ARG,"MF,FW",20.0,33.3,85.0,2.63,72.0,0.0,8.0,2.0,1.0,2.0,6.0,0.19,5.0,0.0,1.0,0.0,0.0,0.0,2023
Luis Advíncula,PER,"DF,FW",32.0,32.8,63.0,1.98,48.0,4.0,7.0,0.0,2.0,2.0,10.0,0.31,8.0,0.0,1.0,0.0,1.0,0.0,2023
Frank Fabra,COL,DF,31.0,29.6,73.0,2.49,58.0,3.0,5.0,3.0,2.0,2.0,4.0,0.14,2.0,0.0,2.0,0.0,0.0,0.0,2023
Miguel Merentiel,URU,FW,26.0,27.0,51.0,1.89,37.0,0.0,5.0,5.0,4.0,0.0,9.0,0.33,5.0,0.0,3.0,0.0,1.0,0.0,2023
Alan Varela,ARG,MF,21.0,26.3,51.0,1.94,40.0,2.0,3.0,4.0,0.0,2.0,5.0,0.19,5.0,0.0,0.0,0.0,0.0,0.0,2023
Nicolás Valentini,ARG,DF,21.0,25.7,9.0,0.36,9.0,0.0,0.0,0.0,0.0,0.0,0.0,0.0,0.0,0.0,0.0,0.0,0.0,0.0,2023
Bruno Valdez,PAR,"DF,FW",30.0,25.5,6.0,0.24,6.0,0.0,0.0,0.0,0.0,0.0,0.0,0.0,0.0,0.0,0.0,0.0,0.0,0.0,2023
Ezequiél Fernández,ARG,MF,20.0,25.2,54.0,2.2,45.0,1.0,1.0,1.0,4.0,2.0,4.0,0.16,4.0,0.0,0.0,0.0,0.0,0.0,2023
Marcelo Weigandt,ARG,DF,23.0,24.4,33.0,1.39,31.0,0.0,1.0,1.0,0.0,0.0,7.0,0.3,7.0,0.0,0.0,0.0,0.0,0.0,2023
Valentín Barco,ARG,"MF,DF",18.0,22.9,78.0,3.45,45.0,19.0,7.0,2.0,5.0,0.0,9.0,0.4,6.0,2.0,1.0,0.0,0.0,0.0,2023
Darío Benedetto,ARG,FW,32.0,19.2,33.0,1.78,28.0,0.0,2.0,0.0,2.0,1.0,3.0,0.16,3.0,0.0,0.0,0.0,0.0,0.0,2023
Sebastián Villa,COL,"FW,MF",26.0,18.9,85.0,4.5,47.0,19.0,5.0,2.0,11.0,1.0,9.0,0.48,6.0,2.0,1.0,0.0,0.0,0.0,2023
Facundo Roncaglia,ARG,DF,35.0,15.7,13.0,0.83,11.0,0.0,2.0,0.0,0.0,0.0,0.0,0.0,0.0,0.0,0.0,0.0,0.0,0.0,2023
Óscar Romero,PAR,"FW,MF",30.0,13.6,68.0,4.99,44.0,14.0,3.0,4.0,3.0,0.0,6.0,0.44,5.0,1.0,0.0,0.0,0.0,0.0,2023
Edinson Cavani,URU,FW,35.0,12.6,22.0,1.84,18.0,0.0,0.0,2.0,2.0,0.0,2.0,0.17,1.0,0.0,0.0,1.0,0.0,0.0,2023
Marcelo Saracchi,URU,DF,24.0,11.6,24.0,2.22,22.0,1.0,0.0,1.0,0.0,0.0,4.0,0.37,3.0,0.0,0.0,1.0,0.0,0.0,2023
Luca Langoni,ARG,"FW,MF",20.0,10.3,23.0,2.31,14.0,0.0,3.0,1.0,4.0,1.0,2.0,0.2,1.0,0.0,0.0,1.0,0.0,0.0,2023
Lucas Janson,ARG,"FW,MF",28.0,9.5,24.0,2.72,15.0,0.0,2.0,0.0,7.0,0.0,1.0,0.11,1.0,0.0,0.0,0.0,0.0,0.0,2023
Marcos Rojo,ARG,DF,32.0,9.0,3.0,0.34,3.0,0.0,0.0,0.0,0.0,0.0,0.0,0.0,0.0,0.0,0.0,0.0,0.0,0.0,2023
Javier Hernán García,ARG,GK,36.0,9.0,0.0,0.0,0.0,0.0,0.0,0.0,0.0,0.0,0.0,0.0,0.0,0.0,0.0,0.0,0.0,0.0,2023
Juan Ramírez,ARG,"MF,FW",29.0,8.9,27.0,3.04,19.0,3.0,1.0,0.0,4.0,0.0,3.0,0.34,3.0,0.0,0.0,0.0,0.0,0.0,2023
Jorman Campuzano,COL,MF,26.0,8.3,8.0,1.0,8.0,0.0,0.0,0.0,0.0,0.0,0.0,0.0,0.0,0.0,0.0,0.0,0.0,0.0,2023
Exequiel Zeballos,ARG,"FW,DF",20.0,8.0,32.0,4.39,12.0,7.0,4.0,3.0,6.0,0.0,4.0,0.55,3.0,1.0,0.0,0.0,0.0,0.0,2023
Martín Payero,ARG,MF,24.0,7.6,28.0,3.66,15.0,2.0,2.0,3.0,5.0,1.0,5.0,0.65,2.0,0.0,1.0,1.0,1.0,0.0,2023
Norberto Briasco,ARM,FW,26.0,7.1,25.0,3.49,18.0,1.0,3.0,0.0,2.0,1.0,5.0,0.7,4.0,0.0,1.0,0.0,0.0,0.0,2023
Lucas Blondel,SUI,DF,26.0,6.6,9.0,1.36,7.0,2.0,0.0,0.0,0.0,0.0,2.0,0.3,2.0,0.0,0.0,0.0,0.0,0.0,2023
Luis Vázquez,ARG,FW,22.0,6.3,13.0,2.05,10.0,0.0,0.0,1.0,1.0,1.0,5.0,0.79,3.0,0.0,0.0,1.0,0.0,1.0,2023
Agustín Sández,PAR,DF,22.0,5.4,5.0,0.92,3.0,0.0,0.0,1.0,1.0,0.0,0.0,0.0,0.0,0.0,0.0,0.0,0.0,0.0,2023
Ezequiel Bullaude,ARG,"FW,MF",22.0,4.3,10.0,2.31,8.0,0.0,1.0,0.0,1.0,0.0,0.0,0.0,0.0,0.0,0.0,0.0,0.0,0.0,2023
Aaron Anselmino,ARG,DF,17.0,3.3,2.0,0.61,2.0,0.0,0.0,0.0,0.0,0.0,0.0,0.0,0.0,0.0,0.0,0.0,0.0,0.0,2023
Vicente Taborda,ARG,MF,21.0,2.4,13.0,5.94,7.0,2.0,1.0,1.0,2.0,0.0,1.0,0.46,0.0,0.0,0.0,1.0,0.0,0.0,2023
Jabes Saralegui,ARG,MF,20.0,2.3,6.0,2.61,5.0,0.0,0.0,1.0,0.0,0.0,1.0,0.43,1.0,0.0,0.0,0.0,0.0,0.0,2023
Esteban Rolón,ARG,FW,27.0,2.3,7.0,3.03,6.0,0.0,1.0,0.0,0.0,0.0,1.0,0.43,1.0,0.0,0.0,0.0,0.0,0.0,2023
Nicolás Orsini,ARG,FW,28.0,2.3,5.0,2.21,2.0,0.0,0.0,1.0,1.0,1.0,1.0,0.44,1.0,0.0,0.0,0.0,0.0,0.0,2023
Diego González,ARG,MF,34.0,1.2,1.0,0.83,1.0,0.0,0.0,0.0,0.0,0.0,0.0,0.0,0.0,0.0,0.0,0.0,0.0,0.0,2023
Nahuel Génez,ARG,DF,19.0,1.0,1.0,1.0,0.0,0.0,1.0,0.0,0.0,0.0,0.0,0.0,0.0,0.0,0.0,0.0,0.0,0.0,2023
Brandon Cortés,CHI,MF,21.0,0.2,0.0,0.0,0.0,0.0,0.0,0.0,0.0,0.0,0.0,0.0,0.0,0.0,0.0,0.0,0.0,0.0,2023
Gonzalo Morales,ARG,FW,19.0,0.1,0.0,0.0,0.0,0.0,0.0,0.0,0.0,0.0,0.0,0.0,0.0,0.0,0.0,0.0,0.0,0.0,2023
Miguel Merentiel,URU,FW,27.0,38.3,75.0,2.48,57.0,1.0,7.0,7.0,2.0,1.0,11.0,0.36,6.0,0.0,4.0,1.0,0.0,0.0,2024
Sergio Romero,ARG,GK,36.0,36.0,6.0,0.23,4.0,2.0,0.0,0.0,0.0,0.0,2.0,0.08,1.0,1.0,0.0,0.0,0.0,0.0,2024
Lautaro Blanco,ARG,DF,24.0,35.0,66.0,2.4,50.0,9.0,3.0,0.0,3.0,1.0,5.0,0.18,4.0,0.0,1.0,0.0,0.0,0.0,2024
Kevin Zenon,ARG,"MF,FW",22.0,33.9,113.0,3.96,63.0,27.0,7.0,9.0,7.0,0.0,10.0,0.35,6.0,1.0,0.0,3.0,0.0,0.0,2024
Luis Advíncula,PER,DF,33.0,33.7,55.0,1.96,40.0,2.0,6.0,3.0,2.0,2.0,6.0,0.21,4.0,0.0,2.0,0.0,0.0,0.0,2024
Guillermo Matías Fernández,ARG,MF,32.0,32.0,53.0,2.05,44.0,5.0,0.0,1.0,1.0,2.0,3.0,0.12,3.0,0.0,0.0,0.0,0.0,0.0,2024
Cristian Lema,ARG,DF,33.0,29.2,13.0,0.59,11.0,0.0,0.0,2.0,0.0,0.0,0.0,0.0,0.0,0.0,0.0,0.0,0.0,0.0,2024
Edinson Cavani,URU,FW,36.0,27.0,27.0,1.25,15.0,0.0,3.0,7.0,1.0,1.0,1.0,0.05,0.0,0.0,0.0,1.0,0.0,0.0,2024
Jorge Figal,ARG,DF,29.0,25.3,11.0,0.53,10.0,0.0,0.0,1.0,0.0,0.0,0.0,0.0,0.0,0.0,0.0,0.0,0.0,0.0,2024
Cristian Medina,ARG,MF,21.0,24.6,37.0,2.02,25.0,1.0,4.0,3.0,4.0,0.0,6.0,0.33,2.0,0.0,1.0,2.0,1.0,0.0,2024
Marcos Rojo,ARG,DF,33.0,18.1,8.0,0.57,7.0,1.0,0.0,0.0,0.0,0.0,1.0,0.07,1.0,0.0,0.0,0.0,0.0,0.0,2024
Marcelo Saracchi,URU,"DF,MF",25.0,15.3,28.0,2.5,20.0,4.0,1.0,1.0,1.0,1.0,4.0,0.36,3.0,0.0,1.0,0.0,0.0,0.0,2024
Leandro Brey,ARG,GK,21.0,14.6,1.0,0.07,0.0,1.0,0.0,0.0,0.0,0.0,0.0,0.0,0.0,0.0,0.0,0.0,0.0,0.0,2024
Jabes Saralegui,ARG,"MF,DF",21.0,14.4,25.0,2.72,17.0,4.0,2.0,1.0,1.0,0.0,1.0,0.11,1.0,0.0,0.0,0.0,0.0,0.0,2024
Tomás Belmonte,ARG,MF,25.0,14.1,14.0,1.03,10.0,1.0,0.0,1.0,1.0,1.0,1.0,0.07,1.0,0.0,0.0,0.0,0.0,0.0,2024
Lautaro Di Lollo,ARG,DF,19.0,14.0,3.0,0.29,3.0,0.0,0.0,0.0,0.0,0.0,0.0,0.0,0.0,0.0,0.0,0.0,0.0,0.0,2024
Ezequiél Fernández,ARG,MF,21.0,13.9,29.0,2.87,26.0,0.0,1.0,0.0,1.0,1.0,5.0,0.5,4.0,0.0,1.0,0.0,0.0,0.0,2024
Milton Giménez,ARG,FW,27.0,12.1,14.0,1.25,10.0,0.0,2.0,1.0,1.0,0.0,2.0,0.18,1.0,0.0,1.0,0.0,0.0,0.0,2024
Aaron Anselmino,ARG,DF,18.0,12.0,7.0,0.7,7.0,0.0,0.0,0.0,0.0,0.0,3.0,0.3,3.0,0.0,0.0,0.0,0.0,0.0,2024
Exequiel Zeballos,ARG,"MF,FW",21.0,11.9,36.0,3.1,20.0,3.0,8.0,1.0,4.0,0.0,6.0,0.52,4.0,0.0,2.0,0.0,0.0,0.0,2024
Brian Aguirre,ARG,"FW,MF",20.0,9.9,33.0,3.34,23.0,4.0,4.0,1.0,1.0,0.0,1.0,0.1,0.0,0.0,0.0,0.0,1.0,0.0,2024
Luca Langoni,ARG,FW,21.0,9.6,25.0,2.96,12.0,5.0,2.0,2.0,3.0,1.0,6.0,0.71,3.0,0.0,0.0,2.0,1.0,0.0,2024
Ignacio Miramon,ARG,MF,20.0,8.8,8.0,0.91,8.0,0.0,0.0,0.0,0.0,0.0,0.0,0.0,0.0,0.0,0.0,0.0,0.0,0.0,2024
Gary Medel,CHI,"DF,MF",36.0,7.8,5.0,0.8,5.0,0.0,0.0,0.0,0.0,0.0,0.0,0.0,0.0,0.0,0.0,0.0,0.0,0.0,2024
Lucas Janson,ARG,"FW,MF",29.0,7.7,10.0,1.9,7.0,0.0,0.0,1.0,2.0,0.0,0.0,0.0,0.0,0.0,0.0,0.0,0.0,0.0,2024
Frank Fabra,COL,"DF,MF",32.0,6.2,7.0,1.42,5.0,0.0,2.0,0.0,0.0,0.0,1.0,0.2,1.0,0.0,0.0,0.0,0.0,0.0,2024
Milton Delgado,ARG,MF,18.0,6.0,2.0,0.49,2.0,0.0,0.0,0.0,0.0,0.0,0.0,0.0,0.0,0.0,0.0,0.0,0.0,0.0,2024
Mauricio Benítez,ARG,MF,19.0,5.9,4.0,1.43,3.0,0.0,0.0,0.0,0.0,1.0,0.0,0.0,0.0,0.0,0.0,0.0,0.0,0.0,2024
Nicolás Valentini,ARG,DF,22.0,5.8,1.0,0.26,1.0,0.0,0.0,0.0,0.0,0.0,0.0,0.0,0.0,0.0,0.0,0.0,0.0,0.0,2024
Jorman Campuzano,COL,DF,27.0,5.8,4.0,0.71,3.0,0.0,0.0,0.0,0.0,1.0,0.0,0.0,0.0,0.0,0.0,0.0,0.0,0.0,2024
Juan Barinaga,ARG,DF,23.0,5.3,3.0,0.56,1.0,1.0,0.0,1.0,0.0,0.0,1.0,0.19,1.0,0.0,0.0,0.0,0.0,0.0,2024
Lucas Blondel,SUI,"DF,MF",27.0,4.7,8.0,1.71,6.0,0.0,0.0,1.0,1.0,0.0,1.0,0.21,1.0,0.0,0.0,0.0,0.0,0.0,2024
Agustín Martegani,ARG,MF,23.0,4.3,9.0,2.38,7.0,2.0,0.0,0.0,0.0,0.0,0.0,0.0,0.0,0.0,0.0,0.0,0.0,0.0,2024
Darío Benedetto,ARG,FW,33.0,3.7,4.0,1.64,2.0,0.0,2.0,0.0,0.0,0.0,0.0,0.0,0.0,0.0,0.0,0.0,0.0,0.0,2024
Ezequiel Bullaude,ARG,"FW,MF",23.0,2.7,7.0,2.89,5.0,0.0,1.0,0.0,0.0,1.0,0.0,0.0,0.0,0.0,0.0,0.0,0.0,0.0,2024
Mateo Mendía,ARG,DF,19.0,2.3,1.0,0.5,1.0,0.0,0.0,0.0,0.0,0.0,0.0,0.0,0.0,0.0,0.0,0.0,0.0,0.0,2024
Julián Ceballos,ARG,MF,19.0,2.0,1.0,1.87,1.0,0.0,0.0,0.0,0.0,0.0,0.0,0.0,0.0,0.0,0.0,0.0,0.0,0.0,2024
Norberto Briasco,ARM,"MF,FW",27.0,1.9,3.0,4.09,1.0,1.0,0.0,0.0,1.0,0.0,1.0,1.36,1.0,0.0,0.0,0.0,0.0,0.0,2024
Juan Ramírez,ARG,MF,30.0,1.7,0.0,0.0,0.0,0.0,0.0,0.0,0.0,0.0,0.0,0.0,0.0,0.0,0.0,0.0,0.0,0.0,2024
Vicente Taborda,ARG,MF,22.0,1.6,2.0,2.12,2.0,0.0,0.0,0.0,0.0,0.0,0.0,0.0,0.0,0.0,0.0,0.0,0.0,0.0,2024
Javier Hernán García,ARG,GK,37.0,0.8,0.0,0.0,0.0,0.0,0.0,0.0,0.0,0.0,0.0,0.0,0.0,0.0,0.0,0.0,0.0,0.0,2024
Iker Zufiaurre,ARG,MF,18.0,0.7,0.0,0.0,0.0,0.0,0.0,0.0,0.0,0.0,0.0,0.0,0.0,0.0,0.0,0.0,0.0,0.0,2024
Dylan Gorosito,ARG,DF,17.0,0.5,1.0,2.0,1.0,0.0,0.0,0.0,0.0,0.0,0.0,0.0,0.0,0.0,0.0,0.0,0.0,0.0,2024
Joaquín Ruíz,ARG,FW,17.0,0.2,0.0,0.0,0.0,0.0,0.0,0.0,0.0,0.0,0.0,0.0,0.0,0.0,0.0,0.0,0.0,0.0,2024
Walter Molas,ARG,DF,19.0,0.1,0.0,0.0,0.0,0.0,0.0,0.0,0.0,0.0,0.0,0.0,0.0,0.0,0.0,0.0,0.0,0.0,2024
Santiago Dalmasso,ARG,MF,19.0,0.1,0.0,0.0,0.0,0.0,0.0,0.0,0.0,0.0,0.0,0.0,0.0,0.0,0.0,0.0,0.0,0.0,2024
Agustín Marchesín,ARG,GK,37-249,32.0,4.0,0.14,3.0,1.0,0.0,0.0,0.0,0.0,0.0,0.0,0.0,0.0,0.0,0.0,0.0,0.0,2025
Lautaro Blanco,ARG,DF,26-274,29.8,49.0,1.83,42.0,3.0,3.0,0.0,1.0,0.0,4.0,0.15,4.0,0.0,0.0,0.0,0.0,0.0,2025
Rodrigo Battaglia,ARG,"DF,MF",34-131,24.9,21.0,0.96,16.0,0.0,0.0,4.0,0.0,1.0,4.0,0.18,3.0,0.0,0.0,1.0,0.0,0.0,2025
Miguel Merentiel,URU,FW,29-269,24.1,62.0,2.88,47.0,0.0,8.0,6.0,1.0,0.0,9.0,0.42,5.0,0.0,2.0,2.0,0.0,0.0,2025
Carlos Palacios,CHI,MF,25-123,23.1,74.0,3.59,54.0,10.0,2.0,1.0,6.0,1.0,8.0,0.39,5.0,1.0,0.0,1.0,0.0,1.0,2025
Lautaro Di Lollo,ARG,DF,21-255,22.2,12.0,0.59,8.0,0.0,0.0,3.0,0.0,1.0,1.0,0.05,1.0,0.0,0.0,0.0,0.0,0.0,2025
Ayrton Costa,ARG,DF,26-131,19.1,12.0,0.7,8.0,1.0,1.0,1.0,0.0,1.0,3.0,0.18,1.0,1.0,0.0,0.0,0.0,1.0,2025
Milton Giménez,ARG,FW,29-100,17.3,37.0,2.27,18.0,0.0,5.0,9.0,4.0,1.0,10.0,0.61,3.0,0.0,1.0,5.0,1.0,0.0,2025
Edinson Cavani,URU,FW,38-279,15.5,25.0,1.68,16.0,0.0,1.0,4.0,3.0,1.0,3.0,0.2,1.0,0.0,0.0,1.0,0.0,1.0,2025
Juan Barinaga,ARG,DF,25-041,14.8,26.0,1.75,17.0,3.0,3.0,0.0,3.0,0.0,3.0,0.2,2.0,0.0,1.0,0.0,0.0,0.0,2025
Luis Advíncula,PER,DF,35-263,14.7,14.0,1.2,13.0,1.0,0.0,0.0,0.0,0.0,1.0,0.09,1.0,0.0,0.0,0.0,0.0,0.0,2025
Milton Delgado,ARG,MF,20-157,14.6,13.0,0.89,13.0,0.0,0.0,0.0,0.0,0.0,3.0,0.21,3.0,0.0,0.0,0.0,0.0,0.0,2025
Alan Velasco,ARG,"MF,FW",23-116,13.8,43.0,3.66,24.0,7.0,3.0,3.0,6.0,0.0,5.0,0.43,3.0,0.0,1.0,0.0,1.0,0.0,2025
Tomás Belmonte,ARG,MF,27-177,13.5,11.0,0.92,10.0,0.0,0.0,1.0,0.0,0.0,1.0,0.08,1.0,0.0,0.0,0.0,0.0,0.0,2025
Leandro Paredes,ARG,MF,31-144,13.2,78.0,5.91,42.0,30.0,2.0,3.0,1.0,0.0,6.0,0.45,1.0,5.0,0.0,0.0,0.0,0.0,2025
Kevin Zenon,ARG,"MF,FW",24-113,12.7,35.0,3.4,28.0,4.0,2.0,1.0,0.0,0.0,2.0,0.19,1.0,0.0,0.0,1.0,0.0,0.0,2025
Exequiel Zeballos,ARG,"MF,FW",23-210,12.0,50.0,4.42,32.0,1.0,10.0,4.0,3.0,0.0,6.0,0.53,3.0,0.0,2.0,1.0,0.0,0.0,2025
Marcos Rojo,ARG,DF,35-245,9.5,4.0,0.42,3.0,0.0,0.0,0.0,0.0,1.0,0.0,0.0,0.0,0.0,0.0,0.0,0.0,0.0,2025
William Alarcón,CHI,MF,25-000,9.3,25.0,2.86,17.0,6.0,0.0,1.0,1.0,0.0,1.0,0.11,1.0,0.0,0.0,0.0,0.0,0.0,2025
Brian Aguirre,ARG,"MF,FW",22-172,8.1,14.0,1.72,9.0,0.0,1.0,1.0,2.0,1.0,2.0,0.25,2.0,0.0,0.0,0.0,0.0,0.0,2025
Marco Pellegrino,ARG,DF,23-125,7.0,1.0,0.17,0.0,0.0,0.0,1.0,0.0,0.0,0.0,0.0,0.0,0.0,0.0,0.0,0.0,0.0,2025
Lucas Blondel,SUI,"DF,MF",29-067,6.1,9.0,1.49,7.0,2.0,0.0,0.0,0.0,0.0,2.0,0.33,2.0,0.0,0.0,0.0,0.0,0.0,2025
Ander Herrera,ESP,MF,36-098,5.1,16.0,3.27,12.0,0.0,0.0,2.0,2.0,0.0,4.0,0.82,1.0,0.0,0.0,1.0,2.0,0.0,2025
Marcelo Saracchi,URU,"DF,MF",27-211,4.1,13.0,3.25,13.0,0.0,0.0,0.0,0.0,0.0,2.0,0.5,2.0,0.0,0.0,0.0,0.0,0.0,2025
Malcom Braida,ARG,"FW,MF",28-187,3.6,3.0,1.05,3.0,0.0,0.0,0.0,0.0,0.0,0.0,0.0,0.0,0.0,0.0,0.0,0.0,0.0,2025
Camilo Rey,ARG,MF,19-255,3.4,1.0,0.3,1.0,0.0,0.0,0.0,0.0,0.0,0.0,0.0,0.0,0.0,0.0,0.0,0.0,0.0,2025
Leandro Brey,ARG,GK,23-060,3.0,0.0,0.0,0.0,0.0,0.0,0.0,0.0,0.0,0.0,0.0,0.0,0.0,0.0,0.0,0.0,0.0,2025
Jorge Figal,ARG,DF,31-231,2.8,0.0,0.0,0.0,0.0,0.0,0.0,0.0,0.0,0.0,0.0,0.0,0.0,0.0,0.0,0.0,0.0,2025
Lucas Janson,ARG,"FW,MF",31-096,1.3,4.0,3.05,2.0,0.0,1.0,0.0,0.0,1.0,0.0,0.0,0.0,0.0,0.0,0.0,0.0,0.0,2025
Frank Fabra,COL,DF,34-271,1.2,0.0,0.0,0.0,0.0,0.0,0.0,0.0,0.0,0.0,0.0,0.0,0.0,0.0,0.0,0.0,0.0,2025
Ignacio Miramon,ARG,"MF,FW",22-161,1.1,3.0,2.65,2.0,0.0,0.0,0.0,1.0,0.0,0.0,0.0,0.0,0.0,0.0,0.0,0.0,0.0,2025
Mateo Mendía,ARG,DF,21-290,1.0,0.0,0.0,0.0,0.0,0.0,0.0,0.0,0.0,0.0,0.0,0.0,0.0,0.0,0.0,0.0,0.0,2025
Agustín Martegani,ARG,MF,25-184,0.6,1.0,1.58,0.0,0.0,0.0,0.0,1.0,0.0,0.0,0.0,0.0,0.0,0.0,0.0,0.0,0.0,2025
Joaquín Ruíz,ARG,"MF,FW",19-122,0.3,1.0,3.46,0.0,0.0,1.0,0.0,0.0,0.0,0.0,0.0,0.0,0.0,0.0,0.0,0.0,0.0,2025
Santiago Dalmasso,ARG,MF,21-155,0.1,0.0,0.0,0.0,0.0,0.0,0.0,0.0,0.0,0.0,0.0,0.0,0.0,0.0,0.0,0.0,0.0,2025
