player,nation,position,age,matches_played,minutes,minutes_per_match,minutes_pct,nineties,starts,mn_start,compl,subs,mn_sub,unsub,ppm,ong,onga,goals_plus_minus_on_pitch,goals_plus_minus_on_pitch_per90,on_off,season,onxg,onxga,xg_,xg_90,on_off_1,fbref_comp_id
Agustín Orión,ARG,GK,32.0,26.0,2370.0,91.0,96.3,26.3,26,94.0,8.0,0,,0.0,1.75,10.0,4.0,6.0,0.72,,2014,,,,,,
Leandro Marín,ARG,DF,22.0,20.0,1782.0,89.0,72.4,19.8,20,90.0,7.0,0,,1.0,1.57,9.0,4.0,5.0,0.71,-0.04,2014,,,,,,
Federico Carrizo,ARG,"FW,MF",22.0,24.0,1644.0,69.0,66.8,18.3,22,72.0,1.0,2,14.0,3.0,2.0,1.0,2.0,-1.0,-0.37,-1.61,2014,,,,,,
Jonathan Calleri,ARG,FW,20.0,22.0,1621.0,74.0,65.9,18.0,18,85.0,4.0,4,,0.0,1.75,6.0,4.0,2.0,0.26,-4.88,2014,,,,,,
Nicolás Colazo,ARG,"DF,MF",23.0,18.0,1538.0,85.0,62.5,17.1,17,91.0,7.0,1,,0.0,1.75,10.0,4.0,6.0,0.74,0.74,2014,,,,,,
Marcelo Meli,ARG,MF,21.0,18.0,1466.0,81.0,59.6,16.3,16,87.0,6.0,2,,0.0,1.75,9.0,4.0,5.0,0.65,-1.02,2014,,,,,,
Emmanuel Gigliotti,ARG,FW,26.0,23.0,1388.0,60.0,56.4,15.4,14,96.0,1.0,9,22.0,1.0,1.86,4.0,1.0,3.0,1.17,0.65,2014,,,,,,
Mariano Echeverría,ARG,DF,32.0,16.0,1385.0,87.0,56.3,15.4,16,90.0,3.0,0,,3.0,1.33,4.0,2.0,2.0,0.67,-0.08,2014,,,,,,
Cristian Erbes,ARG,MF,24.0,16.0,1358.0,85.0,55.2,15.1,16,87.0,4.0,0,,0.0,1.33,7.0,4.0,3.0,0.52,-0.67,2014,,,,,,
Andrés Chávez,ARG,"FW,MF",22.0,19.0,1304.0,69.0,53.0,14.5,13,91.0,4.0,6,22.0,0.0,1.75,10.0,2.0,8.0,1.09,3.07,2014,,,,,,
Fernando Gago,ARG,MF,27.0,16.0,1297.0,81.0,52.7,14.4,16,87.0,5.0,0,,0.0,2.17,9.0,2.0,7.0,1.21,1.6,2014,,,,,,
Cata Díaz,ARG,DF,34.0,14.0,1053.0,75.0,42.8,11.7,14,69.0,3.0,0,,0.0,1.25,4.0,1.0,3.0,0.99,0.42,2014,,,,,,
Gonzalo Castellani,ARG,MF,26.0,17.0,940.0,55.0,38.2,10.4,10,71.0,0.0,7,4.0,3.0,0.33,1.0,1.0,0.0,0.0,-0.89,2014,,,,,,
José Pedro Fuenzalida,CHI,"DF,FW",28.0,18.0,938.0,52.0,38.1,10.4,10,89.0,2.0,8,32.0,0.0,2.17,6.0,1.0,5.0,1.24,1.01,2014,,,,,,
Emanuel Insúa,ARG,DF,22.0,15.0,870.0,58.0,35.4,9.7,9,,0.0,6,15.0,4.0,2.0,2.0,0.0,2.0,3.83,3.32,2014,,,,,,
Lisandro Magallán,ARG,DF,20.0,11.0,850.0,77.0,34.6,9.4,9,105.0,2.0,2,,1.0,1.5,1.0,1.0,0.0,0.0,-1.0,2014,,,,,,
Juan Forlín,ARG,"DF,MF",26.0,10.0,833.0,83.0,33.9,9.3,9,86.0,4.0,1,,2.0,2.0,5.0,2.0,3.0,0.63,-0.21,2014,,,,,,
Juan Manuel Martínez,ARG,"FW,MF",28.0,14.0,704.0,50.0,28.6,7.8,7,49.0,0.0,7,37.0,0.0,1.6,2.0,2.0,0.0,0.0,-1.0,2014,,,,,,
Andrés Cubas,PAR,MF,17.0,9.0,678.0,75.0,27.6,7.5,8,91.0,1.0,1,12.0,2.0,3.0,2.0,0.0,2.0,1.75,1.19,2014,,,,,,
Claudio Pérez,ARG,DF,28.0,8.0,659.0,82.0,26.8,7.3,6,100.0,3.0,2,,3.0,3.0,6.0,1.0,5.0,1.5,1.3,2014,,,,,,
Hernán Grana,ARG,DF,28.0,5.0,450.0,90.0,26.3,5.0,5,,,0,,,,,,,,,2014,,,,,,
Luciano Acosta,ARG,"FW,MF",19.0,12.0,448.0,37.0,18.2,5.0,3,63.0,0.0,9,43.0,1.0,1.33,2.0,0.0,2.0,1.22,0.62,2014,,,,,,
Federico Bravo,ARG,"DF,MF",20.0,8.0,416.0,52.0,24.3,4.6,5,,,3,,,,,,,,,2014,,,,,,
Nahuel Zárate,ARG,DF,21.0,4.0,360.0,90.0,14.6,4.0,4,,0.0,0,,1.0,,,,,,,2014,,,,,,
Franco Cristaldo,ARG,"FW,MF",17.0,3.0,148.0,49.0,8.7,1.6,1,,,2,,,,,,,,,2014,,,,,,
Pablo Ledesma,ARG,MF,29.0,3.0,109.0,36.0,4.4,1.2,1,,0.0,2,3.0,0.0,1.0,0.0,1.0,-1.0,-22.5,-23.34,2014,,,,,,
Juan Cruz Komar,ARG,DF,17.0,1.0,90.0,90.0,5.3,1.0,1,,,0,,,,,,,,,2014,,,,,,
Emanuel Trípodi,ARG,GK,33.0,1.0,90.0,90.0,3.7,1.0,1,,0.0,0,,8.0,,,,,,,2014,,,,,,
Leonardo Suárez,ARG,"FW,MF",17.0,2.0,58.0,29.0,3.4,0.6,0,,,2,,,,,,,,,2014,,,,,,
Guillermo Burdisso,ARG,DF,25.0,1.0,44.0,44.0,2.6,0.5,0,,,1,,,,,,,,,2014,,,,,,
Joel Acosta,ARG,"FW,MF",23.0,1.0,23.0,23.0,1.3,0.3,0,,,1,,,,,,,,,2014,,,,,,
Cata Díaz,ARG,DF,35.0,31.0,2673.0,86.0,78.2,29.7,31,86.0,29.0,0,,0.0,2.13,54.0,21.0,33.0,1.11,2.8,2015,,,,,,
Agustín Orión,ARG,GK,33.0,28.0,2398.0,86.0,70.1,26.6,28,86.0,25.0,0,,0.0,2.11,45.0,18.0,27.0,1.01,1.72,2015,,,,,,
Jonathan Calleri,ARG,FW,21.0,30.0,2127.0,71.0,62.2,23.6,23,87.0,18.0,7,18.0,4.0,2.14,45.0,21.0,24.0,1.02,1.36,2015,,,,,,
Nicolás Colazo,ARG,"DF,MF",24.0,28.0,2087.0,75.0,61.0,23.2,23,85.0,18.0,5,26.0,3.0,2.04,43.0,17.0,26.0,1.12,1.59,2015,,,,,,
Marcelo Meli,ARG,MF,22.0,27.0,1986.0,74.0,58.1,22.1,22,86.0,18.0,5,17.0,3.0,2.15,35.0,14.0,21.0,0.95,1.08,2015,,,,,,
Gino Peruzzi,ARG,DF,22.0,23.0,1929.0,84.0,56.4,21.4,22,86.0,18.0,1,38.0,0.0,2.17,31.0,15.0,16.0,0.75,0.57,2015,,,,,,
Nicolás Lodeiro,URU,"FW,MF",25.0,26.0,1919.0,74.0,56.1,21.3,21,82.0,11.0,5,38.0,1.0,2.42,38.0,14.0,24.0,1.13,1.43,2015,,,,,,
Cristian Erbes,ARG,MF,25.0,22.0,1832.0,83.0,53.6,20.4,20,89.0,19.0,2,22.0,0.0,2.44,45.0,15.0,30.0,1.47,2.1,2015,,,,,,
Fabián Monzón,ARG,DF,27.0,20.0,1688.0,84.0,49.4,18.8,19,87.0,17.0,1,32.0,5.0,2.3,28.0,15.0,13.0,0.69,0.38,2015,,,,,,
Fernando Gago,ARG,MF,28.0,20.0,1509.0,75.0,44.1,16.8,18,81.0,14.0,2,24.0,0.0,2.15,30.0,15.0,15.0,0.89,0.71,2015,,,,,,
Pablo Pérez,ARG,MF,29.0,21.0,1439.0,69.0,42.1,16.0,18,78.0,6.0,3,14.0,1.0,2.19,25.0,10.0,15.0,0.94,0.76,2015,,,,,,
Marco Torsiglieri,ARG,"DF,MF",27.0,16.0,1360.0,85.0,39.8,15.1,15,90.0,15.0,1,9.0,3.0,2.06,26.0,12.0,14.0,0.93,0.71,2015,,,,,,
Sebastián Palacios,ARG,"FW,MF",23.0,19.0,1167.0,61.0,34.1,13.0,14,73.0,2.0,5,30.0,8.0,2.0,25.0,10.0,15.0,1.16,1.0,2015,,,,,,
Carlos Tevez,ARG,"FW,MF",30.0,12.0,1071.0,89.0,39.7,11.9,12,89.0,11.0,0,,0.0,2.5,22.0,11.0,11.0,0.92,0.26,2015,,,,,,
Federico Carrizo,ARG,"FW,MF",23.0,16.0,1053.0,66.0,30.8,11.7,13,78.0,7.0,3,14.0,8.0,2.0,25.0,7.0,18.0,1.54,1.5,2015,,,,,,
Dani Osvaldo,ITA,FW,29.0,15.0,1036.0,69.0,30.3,11.5,12,83.0,6.0,3,13.0,1.0,1.8,17.0,7.0,10.0,0.87,0.53,2015,,,,,,
Guillermo Sara,ARG,GK,27.0,13.0,1019.0,78.0,29.8,11.3,10,90.0,10.0,3,39.0,25.0,2.08,23.0,10.0,13.0,1.15,0.92,2015,,,,,,
Andrés Chávez,ARG,"FW,MF",23.0,19.0,979.0,52.0,28.6,10.9,10,84.0,6.0,9,16.0,8.0,2.16,18.0,11.0,7.0,0.64,0.2,2015,,,,,,
Rodrigo Bentancur,URU,MF,17.0,18.0,923.0,51.0,27.0,10.3,9,85.0,6.0,9,17.0,5.0,1.78,15.0,10.0,5.0,0.49,-0.42,2015,,,,,,
Fernando Tobio,ARG,DF,25.0,12.0,889.0,74.0,32.9,9.9,9,90.0,9.0,3,26.0,0.0,2.25,15.0,11.0,4.0,0.4,-0.54,2015,,,,,,
Leandro Marín,ARG,DF,23.0,11.0,864.0,79.0,25.3,9.6,9,90.0,9.0,2,26.0,7.0,2.36,20.0,4.0,16.0,1.67,1.56,2015,,,,,,
Andrés Cubas,PAR,MF,18.0,11.0,858.0,78.0,25.1,9.5,11,78.0,7.0,0,,11.0,2.18,11.0,8.0,3.0,0.31,-0.25,2015,,,,,,
Alexis Rolín,URU,DF,25.0,10.0,787.0,79.0,29.1,8.7,9,81.0,6.0,1,55.0,7.0,2.2,15.0,6.0,9.0,1.03,0.37,2015,,,,,,
Guillermo Burdisso,ARG,DF,26.0,10.0,755.0,76.0,22.1,8.4,8,81.0,7.0,2,55.0,6.0,2.2,14.0,3.0,11.0,1.31,1.04,2015,,,,,,
Juan Manuel Martínez,ARG,"FW,MF",29.0,11.0,647.0,59.0,18.9,7.2,9,68.0,2.0,2,17.0,4.0,2.45,16.0,5.0,11.0,1.53,1.27,2015,,,,,,
José Pedro Fuenzalida,CHI,"DF,FW",29.0,15.0,647.0,43.0,18.9,7.2,7,80.0,5.0,8,11.0,10.0,2.46,18.0,8.0,10.0,1.39,1.1,2015,,,,,,
Franco Cristaldo,ARG,"FW,MF",18.0,11.0,462.0,42.0,13.5,5.1,5,75.0,2.0,6,14.0,6.0,2.55,9.0,4.0,5.0,0.97,0.55,2015,,,,,,
Cristian Pavón,ARG,"FW,MF",19.0,8.0,392.0,49.0,11.5,4.4,4,79.0,2.0,4,20.0,3.0,1.63,6.0,3.0,3.0,0.69,0.21,2015,,,,,,
Juan Cruz Komar,ARG,DF,18.0,4.0,346.0,87.0,10.1,3.8,3,90.0,3.0,1,75.0,7.0,3.0,14.0,2.0,12.0,3.12,6.97,2015,,,,,,
Gonzalo Castellani,ARG,MF,27.0,4.0,183.0,46.0,5.4,2.0,1,73.0,0.0,3,37.0,3.0,2.5,10.0,1.0,9.0,4.43,4.15,2015,,,,,,
Federico Bravo,ARG,"DF,MF",21.0,1.0,90.0,90.0,2.6,1.0,1,90.0,1.0,0,,7.0,1.0,1.0,1.0,0.0,0.0,-0.79,2015,,,,,,
Lisandro Magallán,ARG,DF,21.0,1.0,90.0,90.0,3.3,1.0,1,90.0,1.0,0,,4.0,0.0,1.0,3.0,-2.0,-2.0,-2.86,2015,,,,,,
Emmanuel Gigliotti,ARG,FW,27.0,1.0,60.0,60.0,1.8,0.7,1,60.0,0.0,0,,2.0,3.0,1.0,0.0,1.0,1.5,2.18,2015,,,,,,
Guido Vadalá,ARG,"FW,MF",17.0,2.0,24.0,12.0,0.7,0.3,0,,0.0,2,11.0,3.0,3.0,2.0,0.0,2.0,7.5,8.28,2015,,,,,,
Emanuel Trípodi,ARG,GK,34.0,0.0,,,,,0,,0.0,0,,10.0,,,,,,,2015,,,,,,
Tomas Pochettino,ARG,"FW,MF",18.0,0.0,,,,,0,,0.0,0,,1.0,,,,,,,2015,,,,,,
Cristian Pavón,ARG,FW,20.0,30.0,2571.0,86.0,95.2,28.6,30,86.0,16.0,0,,0.0,2.1,59.0,22.0,37.0,1.3,1.3,2016,0.0,0.0,0.0,0.0,0.0,21.0
Pablo Pérez,ARG,MF,30.0,28.0,2297.0,82.0,85.1,25.5,28,82.0,14.0,0,,0.0,2.04,52.0,20.0,32.0,1.25,0.14,2016,0.0,0.0,0.0,0.0,0.0,21.0
Gino Peruzzi,ARG,DF,24.0,26.0,2167.0,83.0,80.3,24.1,25,85.0,18.0,1,42.0,2.0,2.04,48.0,21.0,27.0,1.12,-0.57,2016,0.0,0.0,0.0,0.0,0.0,21.0
Santiago Vergini,ARG,DF,27.0,28.0,2225.0,79.0,82.4,24.7,24,90.0,24.0,4,15.0,2.0,2.11,49.0,22.0,27.0,1.09,-0.8,2016,0.0,0.0,0.0,0.0,0.0,21.0
Darío Benedetto,ARG,FW,26.0,25.0,1843.0,74.0,68.3,20.5,24,77.0,9.0,1,5.0,0.0,2.0,36.0,15.0,21.0,1.03,-0.65,2016,0.0,0.0,0.0,0.0,0.0,21.0
Rodrigo Bentancur,URU,MF,19.0,22.0,1837.0,84.0,68.0,20.4,20,90.0,19.0,2,19.0,0.0,2.05,38.0,18.0,20.0,0.98,-0.79,2016,0.0,0.0,0.0,0.0,0.0,21.0
Juan Manuel Insaurralde,ARG,DF,31.0,19.0,1663.0,88.0,61.6,18.5,18,90.0,17.0,1,45.0,6.0,2.11,33.0,16.0,17.0,0.92,-0.82,2016,0.0,0.0,0.0,0.0,0.0,21.0
Frank Fabra,COL,DF,25.0,20.0,1614.0,81.0,59.8,17.9,18,90.0,17.0,2,2.0,8.0,1.95,37.0,17.0,20.0,1.12,-0.29,2016,0.0,0.0,0.0,0.0,0.0,21.0
Ricardo Centurión,ARG,"FW,MF",23.0,22.0,1353.0,62.0,50.1,15.0,17,74.0,7.0,5,19.0,0.0,2.18,38.0,11.0,27.0,1.8,1.13,2016,0.0,0.0,0.0,0.0,0.0,21.0
Agustín Rossi,ARG,GK,20.0,16.0,1440.0,90.0,53.3,16.0,16,90.0,16.0,0,,0.0,2.0,27.0,12.0,15.0,0.94,-0.63,2016,0.0,0.0,0.0,0.0,0.0,21.0
Fernando Gago,ARG,MF,30.0,16.0,1432.0,90.0,53.0,15.9,16,90.0,14.0,0,,1.0,2.25,36.0,16.0,20.0,1.26,0.05,2016,0.0,0.0,0.0,0.0,0.0,21.0
Fernando Tobio,ARG,DF,26.0,13.0,1137.0,87.0,42.1,12.6,13,87.0,11.0,0,,12.0,2.23,31.0,8.0,23.0,1.82,1.01,2016,0.0,0.0,0.0,0.0,0.0,21.0
Jonathan Silva,ARG,DF,22.0,13.0,1091.0,84.0,40.4,12.1,12,90.0,12.0,1,10.0,15.0,2.23,25.0,9.0,16.0,1.32,0.15,2016,0.0,0.0,0.0,0.0,0.0,21.0
Guillermo Sara,ARG,GK,28.0,12.0,1080.0,90.0,40.0,12.0,12,90.0,12.0,0,,0.0,2.08,27.0,10.0,17.0,1.42,0.31,2016,0.0,0.0,0.0,0.0,0.0,21.0
Wílmar Barrios,COL,MF,22.0,19.0,1079.0,57.0,40.0,12.0,11,90.0,10.0,8,11.0,5.0,2.16,23.0,8.0,15.0,1.25,0.03,2016,0.0,0.0,0.0,0.0,0.0,21.0
Carlos Tevez,ARG,"MF,FW",32.0,11.0,914.0,83.0,33.9,10.2,11,83.0,8.0,0,,0.0,2.36,27.0,10.0,17.0,1.67,0.67,2016,0.0,0.0,0.0,0.0,0.0,21.0
Leonardo Jara,ARG,"DF,MF",25.0,16.0,664.0,42.0,24.6,7.4,7,85.0,5.0,9,8.0,9.0,2.25,16.0,5.0,11.0,1.49,0.34,2016,0.0,0.0,0.0,0.0,0.0,21.0
Walter Bou,ARG,FW,22.0,25.0,851.0,34.0,31.5,9.5,5,82.0,1.0,20,22.0,5.0,2.08,22.0,11.0,11.0,1.16,-0.1,2016,0.0,0.0,0.0,0.0,0.0,21.0
Lisandro Magallán,ARG,DF,22.0,6.0,427.0,71.0,15.8,4.7,5,84.0,4.0,1,5.0,4.0,2.33,12.0,4.0,8.0,1.69,0.54,2016,0.0,0.0,0.0,0.0,0.0,21.0
Fernando Zuqui,ARG,FW,24.0,13.0,434.0,33.0,16.1,4.8,4,84.0,2.0,9,11.0,11.0,2.08,10.0,5.0,5.0,1.04,-0.23,2016,0.0,0.0,0.0,0.0,0.0,21.0
Sebastián Pérez Cardona,COL,MF,23.0,12.0,426.0,36.0,15.8,4.7,4,83.0,2.0,8,12.0,2.0,2.5,11.0,6.0,5.0,1.06,-0.21,2016,0.0,0.0,0.0,0.0,0.0,21.0
Oscar Benítez,ARG,FW,23.0,9.0,311.0,35.0,11.5,3.5,2,79.0,1.0,7,22.0,3.0,2.0,5.0,3.0,2.0,0.58,-0.74,2016,0.0,0.0,0.0,0.0,0.0,21.0
Andrés Cubas,PAR,MF,20.0,3.0,204.0,68.0,7.6,2.3,2,91.0,2.0,1,23.0,0.0,2.33,4.0,1.0,3.0,1.32,0.1,2016,0.0,0.0,0.0,0.0,0.0,21.0
Axel Werner,ARG,GK,20.0,2.0,180.0,90.0,6.7,2.0,2,90.0,2.0,0,,28.0,3.0,8.0,3.0,5.0,2.5,1.36,2016,0.0,0.0,0.0,0.0,0.0,21.0
Nazareno Solís,ARG,FW,22.0,4.0,109.0,27.0,4.0,1.2,1,65.0,0.0,3,15.0,4.0,2.5,2.0,0.0,2.0,1.65,0.44,2016,0.0,0.0,0.0,0.0,0.0,21.0
Gonzalo Maroni,ARG,"MF,FW",17.0,2.0,90.0,45.0,3.3,1.0,1,70.0,0.0,1,20.0,3.0,2.0,4.0,1.0,3.0,3.0,1.83,2016,0.0,0.0,0.0,0.0,0.0,21.0
Federico Carrizo,ARG,"FW,MF",25.0,2.0,68.0,34.0,2.5,0.8,1,63.0,0.0,1,5.0,2.0,2.0,0.0,0.0,0.0,0.0,-1.27,2016,0.0,0.0,0.0,0.0,0.0,21.0
Gonzalo Castellani,ARG,FW,28.0,1.0,67.0,67.0,2.5,0.7,1,67.0,0.0,0,,1.0,0.0,0.0,1.0,-1.0,-1.34,-2.64,2016,0.0,0.0,0.0,0.0,0.0,21.0
Ramiro Martínez,ARG,GK,25.0,0.0,,,,,0,,0.0,0,,2.0,,,,,,,2016,,,,,,21.0
Agustín Rossi,ARG,GK,21.0,26.0,2340.0,90.0,96.3,26.0,26,90.0,26.0,0,,1.0,2.19,47.0,19.0,28.0,1.08,1.08,2017,44.0,22.9,21.1,0.81,3.37,21.0
Cristian Pavón,ARG,FW,21.0,26.0,2270.0,87.0,93.4,25.2,26,87.0,13.0,0,,0.0,2.19,45.0,18.0,27.0,1.07,0.51,2017,42.2,21.7,20.4,0.81,1.85,21.0
Lisandro Magallán,ARG,DF,23.0,25.0,2250.0,90.0,92.6,25.0,25,90.0,25.0,0,,0.0,2.28,47.0,17.0,30.0,1.2,2.2,2017,42.9,20.8,22.1,0.88,2.65,21.0
Wílmar Barrios,COL,MF,23.0,23.0,1989.0,86.0,81.9,22.1,23,86.0,21.0,0,,0.0,2.3,41.0,13.0,28.0,1.27,1.27,2017,37.6,17.2,20.3,0.92,1.28,21.0
Frank Fabra,COL,DF,26.0,22.0,1934.0,88.0,79.6,21.5,22,88.0,20.0,0,,4.0,2.5,44.0,13.0,31.0,1.44,1.99,2017,37.9,16.9,21.0,0.98,1.41,21.0
Nahitan Nández,URU,MF,21.0,24.0,1887.0,79.0,77.7,21.0,20,89.0,18.0,4,25.0,0.0,2.13,35.0,18.0,17.0,0.81,-1.01,2017,33.9,19.3,14.7,0.7,0.05,21.0
Leonardo Jara,ARG,DF,26.0,22.0,1717.0,78.0,70.7,19.1,20,85.0,15.0,2,6.0,1.0,2.45,41.0,13.0,28.0,1.47,1.47,2017,34.1,14.4,19.7,1.03,1.18,21.0
Paolo Goltz,ARG,DF,32.0,19.0,1579.0,83.0,65.0,17.5,19,83.0,17.0,0,,0.0,2.32,35.0,13.0,22.0,1.25,0.62,2017,30.7,12.2,18.4,1.05,1.04,21.0
Edwin Cardona,COL,"FW,MF",24.0,20.0,1572.0,79.0,64.7,17.5,19,83.0,13.0,1,3.0,0.0,2.25,34.0,13.0,21.0,1.2,0.47,2017,29.9,18.9,11.0,0.63,-0.16,21.0
Pablo Pérez,ARG,MF,31.0,19.0,1453.0,76.0,59.8,16.1,18,79.0,10.0,1,30.0,0.0,2.05,28.0,12.0,16.0,0.99,-0.11,2017,26.4,15.1,11.4,0.7,0.04,21.0
Carlos Tevez,ARG,"MF,FW",33.0,10.0,812.0,81.0,33.4,9.0,10,81.0,3.0,0,,0.0,2.4,15.0,5.0,10.0,1.11,0.11,2017,17.4,6.6,10.8,1.19,0.76,21.0
Darío Benedetto,ARG,FW,27.0,9.0,751.0,83.0,30.9,8.3,9,83.0,0.0,0,,0.0,2.67,21.0,4.0,17.0,2.04,1.45,2017,14.1,5.5,8.6,1.03,0.5,21.0
Emanuel Reynoso,ARG,"MF,FW",21.0,11.0,717.0,65.0,29.5,8.0,8,76.0,3.0,3,35.0,2.0,1.82,16.0,11.0,5.0,0.63,-0.58,2017,16.2,11.2,5.0,0.63,-0.08,21.0
Santiago Vergini,ARG,DF,28.0,8.0,708.0,89.0,29.1,7.9,7,90.0,7.0,1,77.0,17.0,2.0,12.0,6.0,6.0,0.76,-0.39,2017,12.5,9.5,3.1,0.39,-0.42,21.0
Walter Bou,ARG,FW,23.0,16.0,575.0,36.0,23.7,6.4,6,75.0,2.0,10,12.0,6.0,1.88,10.0,6.0,4.0,0.63,-0.54,2017,8.8,9.9,-1.0,-0.16,-1.11,21.0
Fernando Gago,ARG,MF,31.0,6.0,518.0,86.0,21.3,5.8,6,86.0,5.0,0,,0.0,2.67,16.0,3.0,13.0,2.26,1.55,2017,9.8,6.9,2.9,0.5,-0.23,21.0
Ramón Ábila,ARG,FW,27.0,11.0,542.0,49.0,22.3,6.0,5,90.0,4.0,6,15.0,2.0,1.82,11.0,9.0,2.0,0.33,-0.91,2017,13.6,7.3,6.4,1.06,0.48,21.0
Emmanuel Más,ARG,DF,28.0,6.0,486.0,81.0,20.0,5.4,5,88.0,4.0,1,45.0,7.0,0.67,5.0,9.0,-4.0,-0.74,-2.22,2017,6.9,10.4,-3.4,-0.64,-1.66,21.0
Julio Buffarini,ARG,"DF,MF",28.0,12.0,453.0,38.0,18.6,5.0,4,90.0,2.0,8,12.0,3.0,1.83,7.0,7.0,0.0,0.0,-1.27,2017,7.6,8.8,-1.2,-0.24,-1.14,21.0
Gino Peruzzi,ARG,DF,25.0,6.0,315.0,53.0,13.0,3.5,3,86.0,1.0,3,19.0,5.0,2.0,2.0,2.0,0.0,0.0,-1.19,2017,3.4,4.3,-0.9,-0.25,-1.08,21.0
Cristian Espinoza,ARG,FW,22.0,11.0,280.0,25.0,11.5,3.1,3,70.0,0.0,8,9.0,7.0,2.45,6.0,3.0,3.0,0.96,-0.08,2017,6.7,2.7,4.0,1.3,0.69,21.0
Sebastián Pérez Cardona,COL,MF,24.0,3.0,227.0,76.0,9.3,2.5,3,76.0,1.0,0,,3.0,1.33,5.0,4.0,1.0,0.4,-0.71,2017,3.6,3.2,0.4,0.15,-0.6,21.0
Oscar Benítez,ARG,FW,24.0,14.0,276.0,20.0,11.4,3.1,2,87.0,1.0,12,9.0,4.0,2.29,7.0,5.0,2.0,0.65,-0.43,2017,6.1,6.7,-0.5,-0.17,-0.96,21.0
Agustín Heredia,ARG,DF,20.0,2.0,180.0,90.0,7.4,2.0,2,90.0,2.0,0,,0.0,0.5,3.0,5.0,-2.0,-1.0,-2.2,2017,3.0,6.5,-3.5,-1.77,-2.65,21.0
Guido Vadalá,ARG,FW,20.0,4.0,179.0,45.0,7.4,2.0,2,86.0,0.0,2,4.0,0.0,1.75,2.0,0.0,2.0,1.01,-0.03,2017,2.4,2.1,0.2,0.11,-0.62,21.0
Agustín Almendra,ARG,MF,17.0,3.0,99.0,33.0,4.1,1.1,1,67.0,0.0,2,16.0,0.0,1.33,0.0,2.0,-2.0,-1.82,-2.98,2017,0.7,2.6,-1.9,-1.69,-2.48,21.0
Julián Chicco,ARG,MF,19.0,2.0,93.0,47.0,3.8,1.0,1,91.0,1.0,1,2.0,0.0,2.0,3.0,3.0,0.0,0.0,-1.08,2017,1.9,4.4,-2.6,-2.48,-3.29,21.0
Gonzalo Maroni,ARG,MF,18.0,6.0,115.0,19.0,4.7,1.3,0,,0.0,6,18.0,9.0,1.67,2.0,2.0,0.0,0.0,-1.09,2017,3.7,2.0,1.6,1.26,0.61,21.0
Agustín Bouzat,ARG,FW,23.0,3.0,49.0,16.0,2.0,0.5,0,,0.0,3,15.0,6.0,2.0,2.0,0.0,2.0,3.67,2.69,2017,0.7,0.1,0.6,1.03,0.35,21.0
Gonzalo Lamardo,ARG,MF,20.0,1.0,23.0,23.0,0.9,0.3,0,,0.0,1,22.0,2.0,3.0,1.0,0.0,1.0,3.91,2.9,2017,0.7,0.2,0.5,1.96,1.29,21.0
Fernando Evangelista,ARG,FW,25.0,1.0,1.0,1.0,0.0,0.0,0,,0.0,1,0.0,2.0,3.0,0.0,0.0,0.0,0.0,-1.04,2017,0.0,0.0,0.0,0.0,-0.69,21.0
Juan Manuel Insaurralde,ARG,DF,32.0,1.0,1.0,1.0,0.0,0.0,0,,0.0,1,0.0,2.0,0.0,0.0,0.0,0.0,0.0,-1.04,2017,0.0,0.0,0.0,0.0,-0.69,21.0
Javier Bustillos,ARG,GK,20.0,0.0,,,,,0,,0.0,0,,2.0,,,,,,,2017,,,,,,21.0
Nahuel Molina,ARG,"DF,MF",19.0,0.0,,,,,0,,0.0,0,,1.0,,,,,,,2017,,,,,,21.0
Mateo Retegui,ITA,FW,18.0,0.0,,,,,0,,0.0,0,,2.0,,,,,,,2017,,,,,,21.0
Esteban Andrada,ARG,GK,27.0,18.0,1620.0,90.0,72.0,18.0,18,90.0,18.0,0,,1.0,2.33,31.0,9.0,22.0,1.22,0.94,2018,28.6,17.6,11.0,0.61,0.49,21.0
Emmanuel Más,ARG,DF,29.0,19.0,1576.0,83.0,70.0,17.5,17,90.0,17.0,2,23.0,4.0,2.11,31.0,13.0,18.0,1.03,0.23,2018,26.8,18.7,8.1,0.46,-0.03,21.0
Julio Buffarini,ARG,DF,29.0,17.0,1530.0,90.0,68.0,17.0,17,90.0,17.0,0,,5.0,2.29,32.0,10.0,22.0,1.29,1.04,2018,26.1,18.6,7.5,0.44,-0.11,21.0
Mauro Zárate,ARG,"FW,MF",31.0,23.0,1496.0,65.0,66.5,16.6,17,79.0,5.0,6,25.0,2.0,2.09,30.0,9.0,21.0,1.26,0.91,2018,25.3,15.4,9.9,0.6,0.37,21.0
Carlos Izquierdoz,ARG,DF,29.0,18.0,1436.0,80.0,63.8,16.0,17,83.0,15.0,1,27.0,0.0,2.06,27.0,11.0,16.0,1.0,0.12,2018,26.0,16.0,10.1,0.63,0.44,21.0
Cristian Pavón,ARG,"FW,MF",22.0,15.0,1149.0,77.0,51.1,12.8,13,86.0,9.0,2,19.0,0.0,1.73,19.0,11.0,8.0,0.63,-0.68,2018,20.0,10.2,9.7,0.76,0.59,21.0
Carlos Tevez,ARG,"MF,FW",34.0,21.0,1111.0,53.0,49.4,12.3,13,77.0,2.0,8,15.0,1.0,2.19,21.0,10.0,11.0,0.89,-0.14,2018,20.8,13.5,7.3,0.59,0.23,21.0
Agustín Almendra,ARG,MF,18.0,15.0,1072.0,71.0,47.6,11.9,12,87.0,8.0,3,11.0,5.0,2.07,17.0,9.0,8.0,0.67,-0.55,2018,13.6,13.8,-0.3,-0.02,-0.94,21.0
Iván Marcone,ARG,MF,28.0,11.0,990.0,90.0,44.0,11.0,11,90.0,11.0,0,,0.0,2.36,24.0,7.0,17.0,1.55,1.05,2018,20.2,10.9,9.3,0.85,0.67,21.0
Nahitan Nández,URU,MF,22.0,12.0,910.0,76.0,40.4,10.1,10,86.0,7.0,2,26.0,2.0,2.0,21.0,10.0,11.0,1.09,0.21,2018,18.1,9.9,8.2,0.81,0.57,21.0
Sebastián Villa,COL,"FW,MF",22.0,17.0,894.0,53.0,39.7,9.9,10,80.0,4.0,7,13.0,4.0,2.0,16.0,5.0,11.0,1.11,0.24,2018,13.8,12.0,1.8,0.18,-0.49,21.0
Darío Benedetto,ARG,FW,28.0,15.0,868.0,58.0,38.6,9.6,10,77.0,2.0,5,19.0,3.0,2.2,12.0,6.0,6.0,0.62,-0.55,2018,12.2,9.7,2.5,0.26,-0.35,21.0
Paolo Goltz,ARG,DF,33.0,10.0,895.0,90.0,39.8,9.9,9,90.0,9.0,1,84.0,3.0,2.0,16.0,8.0,8.0,0.8,-0.26,2018,12.8,12.5,0.2,0.02,-0.74,21.0
Ramón Ábila,ARG,FW,28.0,16.0,804.0,50.0,35.7,8.9,8,82.0,4.0,8,19.0,1.0,1.94,21.0,8.0,13.0,1.46,0.77,2018,17.5,7.9,9.6,1.08,0.94,21.0
Fernando Gago,ARG,MF,32.0,8.0,720.0,90.0,32.0,8.0,8,90.0,8.0,0,,1.0,1.88,12.0,6.0,6.0,0.75,-0.31,2018,9.1,10.6,-1.5,-0.19,-0.97,21.0
Lisandro López,ARG,DF,28.0,8.0,720.0,90.0,32.0,8.0,8,90.0,8.0,0,,1.0,2.38,16.0,6.0,10.0,1.25,0.43,2018,14.6,9.5,5.1,0.64,0.24,21.0
Jorman Campuzano,COL,MF,22.0,10.0,712.0,71.0,31.6,7.9,8,85.0,7.0,2,18.0,2.0,2.4,14.0,4.0,10.0,1.26,0.44,2018,11.9,7.7,4.2,0.53,0.09,21.0
Edwin Cardona,COL,"FW,MF",25.0,11.0,677.0,62.0,30.1,7.5,7,80.0,3.0,4,29.0,1.0,1.82,10.0,5.0,5.0,0.66,-0.42,2018,9.4,7.8,1.6,0.21,-0.38,21.0
Lisandro Magallán,ARG,DF,24.0,8.0,637.0,80.0,28.3,7.1,7,86.0,6.0,1,36.0,1.0,1.75,10.0,6.0,4.0,0.57,-0.55,2018,10.2,5.9,4.3,0.61,0.19,21.0
Emanuel Reynoso,ARG,"MF,FW",22.0,16.0,632.0,40.0,28.1,7.0,7,70.0,2.0,9,16.0,5.0,2.25,16.0,6.0,10.0,1.42,0.65,2018,13.1,9.4,3.7,0.53,0.07,21.0
Júnior Alonso,PAR,DF,25.0,7.0,630.0,90.0,28.0,7.0,7,90.0,7.0,0,,4.0,1.71,13.0,5.0,8.0,1.14,0.25,2018,11.8,5.2,6.6,0.94,0.64,21.0
Agustín Rossi,ARG,GK,22.0,6.0,540.0,90.0,24.0,6.0,6,90.0,6.0,0,,6.0,1.33,10.0,8.0,2.0,0.33,-0.82,2018,8.2,7.4,0.8,0.14,-0.44,21.0
Wílmar Barrios,COL,MF,24.0,6.0,509.0,85.0,22.6,5.7,6,85.0,5.0,0,,0.0,1.33,4.0,5.0,-1.0,-0.18,-1.47,2018,7.0,3.3,3.7,0.65,0.23,21.0
Leonardo Balerdi,ARG,DF,19.0,5.0,450.0,90.0,20.0,5.0,5,90.0,5.0,0,,2.0,1.6,6.0,3.0,3.0,0.6,-0.45,2018,5.3,5.6,-0.4,-0.07,-0.68,21.0
Lucas Olaza,URU,DF,24.0,4.0,315.0,79.0,14.0,3.5,4,79.0,3.0,0,,1.0,2.5,6.0,1.0,5.0,1.43,0.54,2018,4.6,3.3,1.3,0.37,-0.12,21.0
Leonardo Jara,ARG,DF,27.0,4.0,310.0,78.0,13.8,3.4,4,78.0,3.0,0,,2.0,1.5,4.0,3.0,1.0,0.29,-0.78,2018,5.2,2.0,3.3,0.94,0.55,21.0
Pablo Pérez,ARG,MF,32.0,6.0,332.0,55.0,14.8,3.7,3,91.0,3.0,3,20.0,1.0,2.17,3.0,3.0,0.0,0.0,-1.13,2018,5.8,3.4,2.4,0.65,0.21,21.0
Cristian Espinoza,ARG,FW,23.0,4.0,298.0,75.0,13.2,3.3,3,90.0,3.0,1,27.0,2.0,2.25,8.0,3.0,5.0,1.51,0.63,2018,4.7,3.9,0.9,0.26,-0.24,21.0
Gino Peruzzi,ARG,DF,26.0,3.0,270.0,90.0,12.0,3.0,3,90.0,3.0,0,,2.0,1.67,5.0,3.0,2.0,0.67,-0.33,2018,4.7,4.3,0.4,0.12,-0.4,21.0
Julián Chicco,ARG,MF,20.0,5.0,227.0,45.0,10.1,2.5,3,70.0,1.0,2,9.0,1.0,2.6,4.0,3.0,1.0,0.4,-0.63,2018,3.2,3.7,-0.6,-0.23,-0.78,21.0
Kevin Mac Allister,ARG,DF,20.0,2.0,111.0,56.0,4.9,1.2,1,91.0,1.0,1,20.0,6.0,2.0,2.0,1.0,1.0,0.81,-0.16,2018,1.2,0.9,0.3,0.23,-0.26,21.0
Frank Fabra,COL,DF,27.0,1.0,89.0,89.0,4.0,1.0,1,89.0,0.0,0,,2.0,1.0,1.0,1.0,0.0,0.0,-1.0,2018,0.8,0.7,0.1,0.06,-0.43,21.0
Agustín Obando,ARG,MF,18.0,1.0,75.0,75.0,3.3,0.8,1,75.0,0.0,0,,0.0,1.0,1.0,1.0,0.0,0.0,-0.99,2018,0.7,0.6,0.1,0.13,-0.35,21.0
Nicolás Capaldo,ARG,MF,20.0,1.0,9.0,9.0,0.4,0.1,0,,0.0,1,8.0,3.0,3.0,0.0,0.0,0.0,0.0,-0.96,2018,0.0,0.1,-0.1,-1.05,-1.53,21.0
Brandon Cortés,CHI,MF,17.0,1.0,8.0,8.0,0.4,0.1,0,,0.0,1,7.0,0.0,1.0,0.0,0.0,0.0,0.0,-0.96,2018,0.0,0.2,-0.1,-1.57,-2.05,21.0
Mateo Retegui,ITA,FW,19.0,1.0,8.0,8.0,0.4,0.1,0,,0.0,1,7.0,0.0,3.0,0.0,0.0,0.0,0.0,-0.96,2018,0.0,0.1,-0.1,-1.1,-1.58,21.0
Javier Bustillos,ARG,GK,21.0,0.0,,,,,0,,0.0,0,,7.0,,,,,,,2018,,,,,,21.0
Agustín Heredia,ARG,DF,21.0,0.0,,,,,0,,0.0,0,,6.0,,,,,,,2018,,,,,,21.0
Gonzalo Lamardo,ARG,MF,21.0,0.0,,,,,0,,0.0,0,,3.0,,,,,,,2018,,,,,,21.0
Marcelo Weigandt,ARG,DF,18.0,0.0,,,,,0,,0.0,0,,2.0,,,,,,,2018,,,,,,21.0
Esteban Andrada,ARG,GK,28.0,20.0,1800.0,90.0,87.0,20.0,20,90.0,20.0,0,,0.0,2.05,31.0,7.0,24.0,1.2,0.2,2019,30.7,19.4,11.4,0.57,-0.14,21.0
Julio Buffarini,ARG,DF,30.0,20.0,1771.0,89.0,85.6,19.7,20,89.0,18.0,0,,2.0,2.2,34.0,7.0,27.0,1.37,1.37,2019,31.4,18.8,12.6,0.64,0.36,21.0
Frank Fabra,COL,DF,28.0,18.0,1582.0,88.0,76.4,17.6,18,88.0,16.0,0,,1.0,2.17,28.0,5.0,23.0,1.31,0.57,2019,25.2,17.1,8.1,0.46,-0.53,21.0
Carlos Izquierdoz,ARG,DF,30.0,17.0,1450.0,85.0,70.0,16.1,17,85.0,15.0,0,,1.0,2.06,26.0,5.0,21.0,1.3,0.43,2019,26.1,14.0,12.1,0.75,0.55,21.0
Sebastián Villa,COL,"MF,FW",23.0,17.0,1151.0,68.0,55.6,12.8,13,80.0,6.0,4,27.0,4.0,2.24,22.0,3.0,19.0,1.49,0.7,2019,19.9,11.6,8.3,0.65,0.13,21.0
Lisandro López,ARG,DF,29.0,14.0,1111.0,79.0,53.7,12.3,13,85.0,12.0,1,8.0,1.0,2.21,18.0,5.0,13.0,1.05,-0.26,2019,21.0,12.5,8.6,0.7,0.23,21.0
Iván Marcone,ARG,MF,29.0,14.0,1121.0,80.0,54.2,12.5,12,90.0,12.0,2,21.0,5.0,2.14,17.0,6.0,11.0,0.88,-0.63,2019,21.6,12.7,8.9,0.72,0.29,21.0
Eduardo Salvio,ARG,"MF,FW",29.0,17.0,1112.0,65.0,53.7,12.4,12,85.0,8.0,5,18.0,0.0,2.18,24.0,5.0,19.0,1.54,0.79,2019,21.6,10.5,11.1,0.9,0.68,21.0
Franco Soldano,ARG,FW,24.0,13.0,1016.0,78.0,49.1,11.3,12,83.0,7.0,1,20.0,2.0,2.38,14.0,2.0,12.0,1.06,-0.22,2019,15.8,10.8,5.0,0.45,-0.28,21.0
Júnior Alonso,PAR,DF,26.0,14.0,1152.0,82.0,55.7,12.8,11,90.0,11.0,3,54.0,9.0,2.0,22.0,5.0,17.0,1.33,0.35,2019,20.4,14.8,5.6,0.44,-0.33,21.0
Carlos Tevez,ARG,"FW,MF",35.0,17.0,1054.0,62.0,50.9,11.7,11,82.0,4.0,6,25.0,2.0,2.35,21.0,2.0,19.0,1.62,0.91,2019,18.5,11.4,7.1,0.6,0.03,21.0
Jorman Campuzano,COL,MF,23.0,13.0,943.0,73.0,45.6,10.5,11,84.0,8.0,2,9.0,2.0,2.31,19.0,2.0,17.0,1.62,0.82,2019,15.4,9.5,5.9,0.56,-0.04,21.0
Emanuel Reynoso,ARG,"MF,FW",23.0,18.0,897.0,50.0,43.3,10.0,9,85.0,5.0,9,15.0,4.0,2.06,14.0,3.0,11.0,1.1,-0.12,2019,19.1,10.2,9.0,0.9,0.55,21.0
Nicolás Capaldo,ARG,MF,21.0,13.0,875.0,67.0,42.3,9.7,9,88.0,7.0,4,20.0,4.0,1.92,16.0,5.0,11.0,1.13,-0.07,2019,17.3,10.4,6.9,0.71,0.21,21.0
Alexis Mac Allister,ARG,MF,20.0,13.0,708.0,54.0,34.2,7.9,9,71.0,1.0,4,17.0,2.0,1.85,8.0,4.0,4.0,0.51,-1.01,2019,11.1,7.0,4.1,0.53,-0.09,21.0
Guillermo Matías Fernández,ARG,MF,27.0,7.0,586.0,84.0,28.3,6.5,7,84.0,5.0,0,,0.0,2.71,12.0,1.0,11.0,1.69,0.72,2019,11.0,6.3,4.7,0.72,0.18,21.0
Agustín Obando,ARG,"MF,FW",19.0,11.0,528.0,48.0,25.5,5.9,7,68.0,2.0,4,14.0,2.0,2.09,8.0,3.0,5.0,0.85,-0.43,2019,8.1,7.3,0.8,0.14,-0.6,21.0
Jan Carlos Hurtado,VEN,FW,19.0,14.0,640.0,46.0,30.9,7.1,6,80.0,3.0,8,20.0,0.0,1.86,8.0,4.0,4.0,0.56,-0.89,2019,9.4,7.0,2.4,0.34,-0.36,21.0
Agustín Almendra,ARG,MF,19.0,6.0,435.0,73.0,21.0,4.8,6,73.0,0.0,0,,4.0,1.5,4.0,2.0,2.0,0.41,-0.96,2019,4.8,5.1,-0.2,-0.05,-0.81,21.0
Mauro Zárate,ARG,"FW,MF",32.0,12.0,485.0,40.0,23.4,5.4,5,69.0,1.0,7,20.0,3.0,1.67,7.0,3.0,4.0,0.74,-0.56,2019,8.1,3.9,4.2,0.78,0.25,21.0
Ramón Ábila,ARG,FW,29.0,12.0,466.0,39.0,22.5,5.2,5,71.0,1.0,7,16.0,6.0,1.83,14.0,2.0,12.0,2.32,1.48,2019,11.8,6.6,5.3,1.02,0.55,21.0
Emmanuel Más,ARG,DF,30.0,5.0,442.0,88.0,21.4,4.9,5,88.0,4.0,0,,3.0,1.8,7.0,3.0,4.0,0.81,-0.46,2019,9.2,4.3,4.9,1.0,0.52,21.0
Paolo Goltz,ARG,DF,34.0,4.0,360.0,90.0,17.4,4.0,4,90.0,4.0,0,,3.0,1.75,3.0,1.0,2.0,0.5,-0.82,2019,4.0,4.0,-0.1,-0.02,-0.74,21.0
Daniele De Rossi,ITA,MF,36.0,5.0,344.0,69.0,16.6,3.8,4,80.0,2.0,1,26.0,3.0,2.0,3.0,1.0,2.0,0.52,-0.78,2019,4.3,4.7,-0.4,-0.11,-0.84,21.0
Marcos Guillermo Díaz,ARG,GK,33.0,3.0,270.0,90.0,13.0,3.0,3,90.0,3.0,0,,20.0,2.33,4.0,1.0,3.0,1.0,-0.2,2019,5.4,3.2,2.1,0.71,0.14,21.0
Marcelo Weigandt,ARG,DF,19.0,3.0,270.0,90.0,13.0,3.0,3,90.0,3.0,0,,0.0,1.33,1.0,1.0,0.0,0.0,-1.35,2019,3.3,3.1,0.2,0.06,-0.61,21.0
Carlos Zambrano,PER,DF,30.0,1.0,67.0,67.0,3.2,0.7,1,67.0,0.0,0,,2.0,3.0,0.0,0.0,0.0,0.0,-1.21,2019,1.0,0.2,0.8,1.01,0.44,21.0
Gastón Ávila,ARG,DF,17.0,1.0,8.0,8.0,0.4,0.1,0,,0.0,1,8.0,0.0,3.0,0.0,0.0,0.0,0.0,-1.18,2019,0.5,0.1,0.5,5.19,4.62,21.0
Adrián Guillermo Sánchez,ARG,MF,20.0,0.0,,,,,0,,0.0,0,,1.0,,,,,,,2019,,,,,,21.0
Leonardo Jara,ARG,"DF,MF",28.0,0.0,,,,,0,,0.0,0,,3.0,,,,,,,2019,,,,,,21.0
Manuel Roffo,ARG,GK,19.0,0.0,,,,,0,,0.0,0,,3.0,,,,,,,2019,,,,,,21.0
Carlos Izquierdoz,ARG,DF,31.0,19.0,1769.0,93.0,79.7,19.7,19,93.0,18.0,0,,3.0,1.71,24.0,13.0,11.0,0.56,-0.04,2020,16.7,9.5,7.2,0.6,0.6,
Esteban Andrada,ARG,GK,29.0,18.0,1680.0,93.0,75.7,18.7,18,93.0,18.0,0,,0.0,1.67,21.0,11.0,10.0,0.54,-0.13,2020,16.7,9.5,7.2,0.6,0.6,
Nicolás Capaldo,ARG,MF,22.0,23.0,1556.0,68.0,70.1,17.3,14,92.0,14.0,9,29.0,1.0,1.65,24.0,15.0,9.0,0.52,-0.16,2020,10.3,7.0,3.3,0.43,-0.42,
Sebastián Villa,COL,"MF,FW",23.0,18.0,1362.0,76.0,61.4,15.1,15,87.0,13.0,3,21.0,1.0,1.5,22.0,15.0,7.0,0.46,-0.27,2020,9.2,6.8,2.4,0.33,-0.65,
Jorman Campuzano,COL,MF,23.0,16.0,1336.0,84.0,60.2,14.8,16,84.0,13.0,0,,4.0,1.75,17.0,9.0,8.0,0.54,-0.07,2020,11.2,7.2,4.0,0.46,-0.42,
Julio Buffarini,ARG,DF,31.0,20.0,1294.0,65.0,58.3,14.4,13,88.0,11.0,7,21.0,1.0,1.7,25.0,14.0,11.0,0.77,0.47,2020,7.0,5.1,1.9,0.44,-0.23,
Carlos Tevez,ARG,FW,35.0,17.0,1284.0,76.0,57.8,14.3,14,86.0,8.0,3,27.0,2.0,1.71,17.0,11.0,6.0,0.42,-0.35,2020,13.8,8.4,5.4,0.54,-0.28,
Leonardo Jara,ARG,DF,28.0,20.0,1268.0,63.0,57.1,14.1,14,80.0,11.0,6,24.0,3.0,1.55,19.0,12.0,7.0,0.5,-0.16,2020,9.8,4.4,5.4,0.7,0.29,
Eduardo Salvio,ARG,MF,29.0,17.0,1237.0,73.0,55.7,13.7,14,82.0,7.0,3,28.0,2.0,1.88,22.0,11.0,11.0,0.8,0.53,2020,14.2,7.7,6.5,0.67,0.39,
Carlos Zambrano,PER,DF,30.0,13.0,1175.0,90.0,52.9,13.1,13,90.0,12.0,0,,9.0,1.85,20.0,11.0,9.0,0.69,0.26,2020,3.5,0.9,2.7,0.98,0.51,
Frank Fabra,COL,DF,28.0,14.0,1143.0,82.0,51.5,12.7,13,88.0,11.0,1,4.0,8.0,1.93,15.0,6.0,9.0,0.71,0.29,2020,12.1,7.8,4.3,0.5,-0.3,
Edwin Cardona,COL,"MF,FW",27.0,20.0,1130.0,57.0,50.9,12.6,12,79.0,9.0,8,23.0,1.0,1.85,24.0,12.0,12.0,0.96,0.79,2020,5.7,4.8,1.0,0.21,-0.62,
Emmanuel Más,ARG,"DF,MF",31.0,15.0,1042.0,69.0,46.9,11.6,11,90.0,10.0,4,14.0,9.0,1.47,18.0,10.0,8.0,0.69,0.23,2020,4.1,1.7,2.4,0.72,0.18,
Lisandro López,ARG,DF,30.0,11.0,1020.0,93.0,45.9,11.3,11,93.0,11.0,0,,7.0,1.28,9.0,8.0,1.0,0.09,-0.89,2020,10.5,8.0,2.5,0.32,-0.77,
Franco Soldano,ARG,FW,25.0,18.0,912.0,51.0,41.1,10.1,11,71.0,4.0,7,19.0,6.0,1.84,19.0,11.0,8.0,0.79,0.38,2020,10.3,4.5,5.8,0.94,0.71,
Ramón Ábila,ARG,FW,30.0,14.0,827.0,59.0,37.3,9.2,9,78.0,9.0,5,24.0,2.0,1.5,15.0,10.0,5.0,0.54,-0.04,2020,3.3,1.6,1.7,0.79,0.24,
Mauro Zárate,ARG,"FW,MF",32.0,11.0,703.0,64.0,31.7,7.8,8,84.0,8.0,3,11.0,9.0,1.55,15.0,8.0,7.0,0.9,0.48,2020,0.6,0.2,0.3,0.91,0.34,
Agustín Rossi,ARG,GK,24.0,6.0,540.0,90.0,24.3,6.0,6,90.0,6.0,0,,15.0,1.83,10.0,6.0,4.0,0.67,0.19,2020,,,,,,
Guillermo Matías Fernández,ARG,MF,28.0,7.0,486.0,69.0,21.9,5.4,5,89.0,4.0,2,20.0,1.0,2.43,11.0,1.0,10.0,1.85,1.64,2020,9.5,3.0,6.5,1.24,1.14,
Agustín Obando,ARG,"MF,FW",19.0,13.0,468.0,36.0,21.1,5.2,4,74.0,3.0,9,19.0,8.0,1.77,14.0,7.0,7.0,1.35,0.99,2020,3.8,1.5,2.4,0.83,0.32,
Diego González,ARG,MF,31.0,9.0,425.0,47.0,19.1,4.7,6,57.0,3.0,3,27.0,5.0,1.66,10.0,6.0,4.0,0.85,0.35,2020,1.4,1.3,0.1,0.05,-0.62,
Gastón Ávila,ARG,DF,18.0,4.0,360.0,90.0,16.2,4.0,4,90.0,4.0,0,,16.0,2.0,8.0,4.0,4.0,1.0,0.64,2020,,,,,,
Gonzalo Maroni,ARG,"MF,FW",20.0,9.0,315.0,35.0,14.2,3.5,5,57.0,3.0,4,8.0,9.0,2.11,7.0,5.0,2.0,0.57,0.0,2020,1.6,0.9,0.7,0.55,-0.04,
Alan Varela,ARG,MF,18.0,4.0,290.0,73.0,13.1,3.2,3,85.0,3.0,1,35.0,10.0,2.0,8.0,4.0,4.0,1.24,0.91,2020,,,,,,
Exequiel Zeballos,ARG,"FW,MF",17.0,4.0,246.0,62.0,11.1,2.7,3,75.0,3.0,1,22.0,13.0,2.5,8.0,2.0,6.0,2.2,2.09,2020,,,,,,
Júnior Alonso,PAR,DF,26.0,2.0,115.0,58.0,10.4,1.3,1,90.0,1.0,1,25.0,0.0,2.0,3.0,0.0,3.0,2.35,1.99,2020,2.6,0.6,2.0,1.59,1.12,
Walter Bou,ARG,FW,26.0,3.0,92.0,31.0,4.1,1.0,0,,0.0,3,31.0,2.0,2.33,2.0,0.0,2.0,1.96,1.51,2020,1.5,0.3,1.1,1.12,0.58,
Luis Vázquez,ARG,FW,19.0,1.0,3.0,3.0,0.3,0.0,0,,0.0,1,3.0,2.0,3.0,3.0,0.0,3.0,90.0,89.67,2020,,,,,,
Pablo Gerzel,ARG,FW,20.0,0.0,,,,,0,,0.0,0,,5.0,,,,,,,2020,,,,,,
Enzo Martín Roldán,ARG,MF,19.0,0.0,,,,,0,,0.0,0,,7.0,,,,,,,2020,,,,,,
Aaron Nicolás Molinas,ARG,MF,19.0,0.0,,,,,0,,0.0,0,,12.0,,,,,,,2020,,,,,,
Marcelo Weigandt,ARG,DF,20.0,0.0,,,,,0,,,0,,2.0,,,,,,,2020,,,,,,
Manuel Roffo,ARG,GK,19.0,0.0,,,,,0,,,0,,2.0,,,,,,,2020,,,,,,
Jan Carlos Hurtado,VEN,FW,19.0,0.0,,,,,0,,,0,,1.0,,,,,,,2020,,,,,,
Javier Hernán García,ARG,GK,33.0,0.0,,,,,0,,0.0,0,,5.0,,,,,,,2020,,,,,,
Agustín Sández,PAR,DF,19.0,0.0,,,,,0,,0.0,0,,2.0,,,,,,,2020,,,,,,
Cristian Medina,ARG,MF,17.0,0.0,,,,,0,,0.0,0,,6.0,,,,,,,2020,,,,,,
Renzo Giampaoli,ARG,DF,20.0,0.0,,,,,0,,0.0,0,,1.0,,,,,,,2020,,,,,,
Marcos Guillermo Díaz,ARG,GK,33.0,0.0,,,,,0,,,0,,2.0,,,,,,,2020,,,,,,
Carlos Izquierdoz,ARG,DF,32.0,41.0,3630.0,89.0,82.3,40.3,41,89.0,37.0,0,,2.0,1.66,46.0,25.0,21.0,0.52,-0.52,2021,51.8,31.6,20.2,0.51,0.34,
Agustín Rossi,ARG,GK,25.0,32.0,2970.0,93.0,67.3,33.0,32,93.0,32.0,0,,14.0,1.72,36.0,19.0,17.0,0.52,-0.3,2021,42.7,26.2,16.5,0.52,0.19,
Frank Fabra,COL,DF,29.0,36.0,2913.0,81.0,66.1,32.4,33,87.0,27.0,3,19.0,3.0,1.56,46.0,26.0,20.0,0.62,0.02,2021,45.5,27.3,18.2,0.57,0.35,
Sebastián Villa,COL,"FW,MF",24.0,27.0,2239.0,83.0,50.8,24.9,24,90.0,20.0,3,23.0,1.0,1.74,36.0,15.0,21.0,0.84,0.47,2021,35.0,19.3,15.7,0.66,0.41,
Jorman Campuzano,COL,MF,24.0,28.0,2110.0,75.0,47.8,23.4,24,82.0,15.0,4,35.0,5.0,1.61,33.0,20.0,13.0,0.55,-0.11,2021,29.3,20.2,9.1,0.4,-0.09,
Cristian Medina,ARG,MF,18.0,35.0,2072.0,59.0,47.0,23.0,23,78.0,7.0,12,23.0,7.0,1.72,28.0,18.0,10.0,0.43,-0.34,2021,30.2,19.7,10.5,0.46,0.03,
Cristian Pavón,ARG,"FW,MF",25.0,32.0,2000.0,63.0,45.4,22.2,21,83.0,7.0,11,24.0,3.0,1.65,27.0,15.0,12.0,0.54,-0.13,2021,26.6,15.9,10.7,0.5,0.1,
Lisandro López,ARG,DF,31.0,24.0,1997.0,83.0,45.3,22.2,21,91.0,20.0,3,29.0,20.0,1.92,41.0,15.0,26.0,1.17,1.02,2021,33.7,17.7,16.0,0.73,0.51,
Marcos Rojo,ARG,DF,30.0,26.0,1975.0,76.0,44.8,21.9,22,85.0,18.0,4,27.0,3.0,1.42,20.0,12.0,8.0,0.36,-0.45,2021,24.6,19.2,5.4,0.25,-0.34,
Agustín Almendra,ARG,MF,20.0,29.0,1755.0,61.0,39.8,19.5,24,70.0,5.0,5,17.0,3.0,1.93,25.0,14.0,11.0,0.56,-0.08,2021,28.1,18.0,10.1,0.52,0.12,
Alan Varela,ARG,MF,19.0,27.0,1454.0,54.0,33.0,16.2,15,81.0,10.0,12,20.0,17.0,1.82,23.0,7.0,16.0,0.99,0.56,2021,21.7,11.4,10.3,0.65,0.3,
Luis Vázquez,ARG,FW,20.0,26.0,1444.0,56.0,32.7,16.0,15,83.0,8.0,11,18.0,15.0,1.81,23.0,11.0,12.0,0.75,0.2,2021,23.9,14.8,9.1,0.57,0.18,
Carlos Tevez,ARG,FW,36.0,17.0,1385.0,81.0,64.1,15.4,15,90.0,7.0,2,21.0,0.0,1.59,24.0,12.0,12.0,0.78,0.55,2021,22.2,12.4,9.8,0.66,0.66,
Carlos Zambrano,PER,DF,31.0,15.0,1329.0,89.0,30.1,14.8,14,90.0,11.0,1,70.0,17.0,1.4,28.0,14.0,14.0,0.95,0.48,2021,20.0,9.8,10.2,0.71,0.36,
Nicolás Capaldo,ARG,"DF,MF",23.0,17.0,1317.0,77.0,61.0,14.6,15,83.0,10.0,2,36.0,2.0,1.77,21.0,10.0,11.0,0.75,0.43,2021,19.3,12.4,6.9,0.47,0.16,
Edwin Cardona,COL,MF,28.0,21.0,1258.0,60.0,28.5,14.0,16,70.0,4.0,5,28.0,2.0,1.52,24.0,11.0,13.0,0.93,0.44,2021,19.9,9.3,10.6,0.78,0.46,
Juan Ramírez,ARG,MF,27.0,16.0,1124.0,70.0,50.0,12.5,13,82.0,6.0,3,18.0,1.0,1.69,13.0,7.0,6.0,0.48,-0.32,2021,15.1,10.2,4.9,0.4,-0.18,
Luis Advíncula,PER,DF,30.0,13.0,1042.0,80.0,46.3,11.6,12,86.0,11.0,1,5.0,1.0,1.46,11.0,8.0,3.0,0.26,-0.71,2021,14.5,8.1,6.5,0.56,0.14,
Norberto Briasco,ARM,FW,24.0,17.0,992.0,58.0,33.1,11.0,10,82.0,4.0,7,25.0,4.0,1.59,7.0,6.0,1.0,0.09,-0.76,2021,10.6,9.6,1.0,0.09,-0.49,
Esteban Andrada,ARG,GK,30.0,11.0,990.0,90.0,45.8,11.0,11,90.0,11.0,0,,1.0,1.54,19.0,10.0,9.0,0.82,0.43,2021,14.3,9.3,5.0,0.46,0.09,
Aaron Nicolás Molinas,ARG,FW,20.0,19.0,958.0,50.0,31.9,10.6,10,73.0,4.0,9,26.0,5.0,1.74,22.0,7.0,15.0,1.41,1.19,2021,14.7,9.2,5.5,0.53,0.17,
Agustín Sández,PAR,DF,20.0,13.0,935.0,72.0,21.2,10.4,10,88.0,8.0,3,17.0,22.0,1.62,15.0,5.0,10.0,0.96,0.44,2021,11.9,7.8,4.2,0.41,-0.04,
Marcelo Weigandt,ARG,DF,21.0,12.0,933.0,78.0,31.1,10.4,10,86.0,7.0,2,36.0,4.0,1.58,12.0,6.0,6.0,0.58,-0.03,2021,12.3,10.3,2.1,0.21,-0.3,
Esteban Rolón,ARG,MF,25.0,13.0,897.0,69.0,29.9,10.0,9,88.0,7.0,4,27.0,11.0,1.54,11.0,4.0,7.0,0.7,0.15,2021,11.1,7.5,3.6,0.38,-0.05,
Rodrigo Montes,ARG,"MF,FW",21.0,10.0,776.0,78.0,34.5,8.6,9,83.0,4.0,1,26.0,3.0,2.0,11.0,7.0,4.0,0.46,-0.27,2021,12.6,8.5,4.1,0.47,-0.02,
Julio Buffarini,ARG,DF,32.0,13.0,775.0,60.0,35.9,8.6,7,88.0,6.0,6,27.0,8.0,1.7,9.0,7.0,2.0,0.23,-0.55,2021,8.7,7.0,1.7,0.21,-0.31,
Diego González,ARG,MF,32.0,17.0,713.0,42.0,16.2,7.9,7,72.0,0.0,10,21.0,12.0,1.77,10.0,5.0,5.0,0.63,0.02,2021,7.7,5.5,2.3,0.3,-0.18,
Franco Soldano,ARG,FW,26.0,16.0,581.0,36.0,26.9,6.5,5,84.0,4.0,11,15.0,5.0,1.69,6.0,4.0,2.0,0.31,-0.37,2021,6.1,5.3,0.8,0.12,-0.4,
Agustín Obando,ARG,"FW,MF",20.0,11.0,532.0,48.0,12.1,5.9,5,78.0,1.0,6,23.0,17.0,1.64,4.0,3.0,1.0,0.17,-0.5,2021,6.2,6.6,-0.4,-0.07,-0.59,
Gonzalo Maroni,ARG,"FW,MF",21.0,13.0,516.0,40.0,23.9,5.7,5,73.0,2.0,8,19.0,8.0,1.46,10.0,5.0,5.0,0.87,0.38,2021,8.3,5.4,2.9,0.53,0.16,
Eros Mancuso,ARG,DF,21.0,6.0,423.0,71.0,9.6,4.7,4,90.0,4.0,2,32.0,17.0,1.67,11.0,5.0,6.0,1.28,0.78,2021,8.3,5.0,3.3,0.71,0.27,
Nicolás Orsini,ARG,FW,26.0,9.0,409.0,45.0,13.6,4.5,5,66.0,0.0,4,20.0,0.0,1.78,6.0,4.0,2.0,0.44,-0.19,2021,5.1,2.9,2.2,0.53,0.13,
Mauro Zárate,ARG,"FW,MF",33.0,8.0,400.0,50.0,18.5,4.4,4,66.0,0.0,4,35.0,3.0,1.5,8.0,5.0,3.0,0.68,0.05,2021,5.9,3.4,2.5,0.56,0.06,
Eduardo Salvio,ARG,"FW,MF",30.0,9.0,396.0,44.0,10.8,4.4,5,62.0,0.0,4,22.0,0.0,1.78,10.0,1.0,9.0,2.05,1.58,2021,7.1,2.5,4.6,1.05,0.62,
Exequiel Zeballos,ARG,MF,18.0,11.0,350.0,32.0,7.9,3.9,4,69.0,1.0,7,11.0,28.0,1.55,8.0,3.0,5.0,1.29,0.73,2021,5.4,2.9,2.5,0.63,0.2,
Emmanuel Más,ARG,DF,32.0,6.0,338.0,56.0,15.6,3.8,3,86.0,2.0,3,26.0,11.0,1.5,2.0,1.0,1.0,0.27,-0.38,2021,3.5,2.9,0.5,0.16,-0.3,
Leonardo Jara,ARG,MF,29.0,8.0,313.0,39.0,14.5,3.5,2,74.0,0.0,6,28.0,12.0,2.38,6.0,3.0,3.0,0.86,0.33,2021,5.4,3.1,2.3,0.68,0.31,
Javier Hernán García,ARG,GK,34.0,3.0,270.0,90.0,6.1,3.0,3,90.0,3.0,0,,28.0,1.33,9.0,3.0,6.0,2.0,1.47,2021,4.1,2.7,1.4,0.47,-0.03,
Ezequiél Fernández,ARG,MF,18.0,3.0,225.0,75.0,5.1,2.5,3,75.0,1.0,0,,9.0,0.33,0.0,2.0,-2.0,-0.8,-1.53,2021,1.8,2.5,-0.7,-0.28,-0.83,
Valentín Barco,ARG,DF,16.0,3.0,205.0,68.0,9.1,2.3,2,80.0,0.0,1,45.0,2.0,0.67,1.0,2.0,-1.0,-0.44,-1.19,2021,1.6,2.4,-0.8,-0.37,-0.94,
Vicente Taborda,ARG,"MF,FW",19.0,3.0,188.0,63.0,8.4,2.1,2,88.0,1.0,1,13.0,2.0,0.33,0.0,2.0,-2.0,-0.96,-1.74,2021,1.7,2.4,-0.7,-0.33,-0.89,
Gabriel Vega,ARG,MF,18.0,3.0,187.0,62.0,8.3,2.1,2,90.0,2.0,1,7.0,1.0,0.33,0.0,2.0,-2.0,-0.96,-1.75,2021,1.7,2.5,-0.8,-0.4,-0.97,
Gabriel Aranda,ARG,DF,19.0,2.0,180.0,90.0,8.0,2.0,2,90.0,2.0,0,,0.0,0.5,0.0,2.0,-2.0,-1.0,-1.78,2021,1.5,2.5,-1.0,-0.49,-1.06,
Balthazar Bernardi,ARG,DF,19.0,2.0,180.0,90.0,8.0,2.0,2,90.0,2.0,0,,0.0,0.5,0.0,2.0,-2.0,-1.0,-1.78,2021,1.5,2.5,-1.0,-0.49,-1.06,
Agustín Lastra,ARG,GK,20.0,2.0,180.0,90.0,6.0,2.0,2,90.0,2.0,0,,4.0,0.5,1.0,2.0,-1.0,-0.5,-1.17,2021,1.5,2.5,-1.0,-0.49,-1.06,
Renzo Giampaoli,ARG,DF,21.0,2.0,180.0,90.0,4.1,2.0,2,90.0,2.0,0,,21.0,0.5,1.0,2.0,-1.0,-0.5,-1.2,2021,0.8,2.3,-1.4,-0.7,-1.27,
Israel Escalante,ARG,FW,22.0,2.0,125.0,63.0,5.6,1.4,2,63.0,0.0,0,,1.0,0.5,0.0,1.0,-1.0,-0.72,-1.44,2021,1.1,1.2,-0.1,-0.06,-0.57,
Érik Bodencer,ARG,FW,20.0,2.0,105.0,53.0,4.7,1.2,0,,0.0,2,53.0,1.0,0.5,0.0,1.0,-1.0,-0.86,-1.57,2021,0.8,1.4,-0.6,-0.5,-1.04,
Ezequiel Almirón,ARG,FW,18.0,1.0,30.0,30.0,1.3,0.3,1,30.0,0.0,0,,0.0,1.0,0.0,0.0,0.0,0.0,-0.65,2021,0.3,0.3,0.0,0.15,-0.34,
Nicolás Valentini,ARG,DF,19.0,1.0,30.0,30.0,0.7,0.3,0,,0.0,1,30.0,7.0,0.0,0.0,1.0,-1.0,-3.0,-3.72,2021,0.1,0.8,-0.7,-2.06,-2.64,
Juan Cabaña,ARG,MF,19.0,1.0,22.0,22.0,1.0,0.2,0,,0.0,1,22.0,0.0,0.0,0.0,0.0,0.0,0.0,-0.65,2021,0.1,0.1,0.0,-0.02,-0.51,
Kevin Duarte,ARG,MF,19.0,1.0,15.0,15.0,0.7,0.2,0,,0.0,1,15.0,1.0,1.0,0.0,0.0,0.0,0.0,-0.64,2021,0.0,0.5,-0.4,-2.58,-3.09,
Nahuel Génez,ARG,DF,17.0,1.0,11.0,11.0,0.5,0.1,0,,0.0,1,11.0,0.0,1.0,0.0,0.0,0.0,0.0,-0.64,2021,0.0,0.3,-0.3,-2.62,-3.12,
Iván Alvariño,ARG,FW,19.0,1.0,10.0,10.0,0.4,0.1,0,,0.0,1,10.0,1.0,1.0,0.0,0.0,0.0,0.0,-0.64,2021,0.0,0.3,-0.3,-2.88,-3.38,
Lucas Palma,ARG,FW,17.0,1.0,5.0,5.0,0.2,0.1,0,,0.0,1,5.0,1.0,0.0,0.0,0.0,0.0,0.0,-0.64,2021,0.0,0.1,-0.1,-1.66,-2.15,
Sebastián Díaz,ARG,GK,17.0,0.0,,,,,0,,,0,,2.0,,,,,,,2021,,,,,,
Simón Rivero,ARG,MF,17.0,0.0,,,,,0,,,0,,2.0,,,,,,,2021,,,,,,
Tomás Díaz,ARG,FW,19.0,0.0,,,,,0,,,0,,2.0,,,,,,,2021,,,,,,
Santiago Pérez,ARG,DF,18.0,0.0,,,,,0,,,0,,2.0,,,,,,,2021,,,,,,
Matías Olguín,ARG,DF,19.0,0.0,,,,,0,,,0,,2.0,,,,,,,2021,,,,,,
Franco Cáceres,ARG,MF,21.0,0.0,,,,,0,,,0,,2.0,,,,,,,2021,,,,,,
Pedro Velurtas,ARG,MF,19.0,0.0,,,,,0,,,0,,1.0,,,,,,,2021,,,,,,
Ramiro Garcia,ARG,GK,19.0,0.0,,,,,0,,0.0,0,,1.0,,,,,,,2021,,,,,,
Agustín Rossi,ARG,GK,26.0,44.0,3975.0,90.0,83.9,44.2,44,90.0,43.0,0,,2.0,1.98,53.0,33.0,20.0,0.45,0.57,2022,48.9,42.5,6.5,0.15,0.45,
Guillermo Matías Fernández,ARG,MF,30.0,46.0,3794.0,82.0,80.0,42.2,44,85.0,24.0,2,20.0,1.0,1.91,50.0,29.0,21.0,0.5,0.69,2022,45.2,40.8,4.4,0.11,0.16,
Frank Fabra,COL,DF,30.0,43.0,3769.0,88.0,79.5,41.9,42,89.0,39.0,1,15.0,4.0,1.88,53.0,35.0,18.0,0.43,0.34,2022,48.5,43.2,5.3,0.13,0.27,
Luis Advíncula,PER,DF,31.0,41.0,3696.0,90.0,78.0,41.1,41,90.0,39.0,0,,5.0,1.9,45.0,30.0,15.0,0.37,0.02,2022,45.8,37.4,8.5,0.21,0.59,
Sebastián Villa,COL,"MF,FW",25.0,37.0,2942.0,80.0,62.1,32.7,32,87.0,23.0,5,35.0,1.0,1.79,45.0,26.0,19.0,0.58,0.58,2022,37.7,35.2,2.6,0.08,0.02,
Alan Varela,ARG,MF,20.0,37.0,2910.0,79.0,61.4,32.3,31,89.0,25.0,6,26.0,10.0,1.92,41.0,25.0,16.0,0.49,0.35,2022,34.4,29.2,5.3,0.17,0.24,
Óscar Romero,PAR,MF,29.0,40.0,2834.0,71.0,59.8,31.5,32,82.0,11.0,8,26.0,4.0,1.85,37.0,25.0,12.0,0.38,0.05,2022,36.5,31.4,5.1,0.16,0.23,
Darío Benedetto,ARG,FW,31.0,38.0,2701.0,71.0,57.0,30.0,33,78.0,10.0,5,24.0,4.0,1.95,41.0,19.0,22.0,0.73,0.87,2022,35.9,30.5,5.4,0.18,0.26,
Marcos Rojo,ARG,DF,31.0,29.0,2555.0,88.0,53.9,28.4,29,88.0,23.0,0,,6.0,1.9,37.0,20.0,17.0,0.6,0.52,2022,33.7,31.5,2.2,0.08,0.02,
Juan Ramírez,ARG,MF,28.0,44.0,2235.0,51.0,47.2,24.8,27,68.0,2.0,17,23.0,2.0,1.84,26.0,20.0,6.0,0.24,-0.23,2022,24.3,26.5,-2.2,-0.09,-0.3,
Carlos Zambrano,PER,DF,32.0,28.0,2226.0,80.0,47.0,24.7,25,85.0,22.0,3,34.0,10.0,1.96,29.0,20.0,9.0,0.36,0.01,2022,27.6,23.3,4.3,0.17,0.2,
Luis Vázquez,ARG,FW,21.0,44.0,1933.0,44.0,40.8,21.5,19,78.0,7.0,25,18.0,7.0,1.96,25.0,22.0,3.0,0.14,-0.37,2022,24.2,25.5,-1.3,-0.06,-0.22,
Cristian Medina,ARG,MF,19.0,35.0,1444.0,41.0,30.5,16.0,14,78.0,3.0,21,17.0,11.0,2.09,11.0,13.0,-2.0,-0.12,-0.7,2022,17.4,19.0,-1.6,-0.1,-0.24,
Carlos Izquierdoz,ARG,DF,33.0,18.0,1415.0,79.0,29.9,15.7,15,86.0,12.0,3,41.0,1.0,1.83,20.0,11.0,9.0,0.57,0.3,2022,20.0,13.5,6.5,0.43,0.5,
Jorge Figal,ARG,DF,27.0,21.0,1362.0,65.0,28.7,15.1,14,86.0,13.0,7,22.0,13.0,2.29,23.0,14.0,9.0,0.59,0.33,2022,15.5,19.7,-4.1,-0.26,-0.47,
Exequiel Zeballos,ARG,"MF,FW",19.0,26.0,1343.0,52.0,28.3,14.9,13,82.0,4.0,13,21.0,11.0,1.54,17.0,18.0,-1.0,-0.07,-0.6,2022,18.6,17.1,1.5,0.1,0.05,
Eduardo Salvio,ARG,MF,31.0,18.0,1072.0,60.0,22.6,11.9,13,75.0,4.0,5,20.0,6.0,1.78,16.0,8.0,8.0,0.67,0.4,2022,15.2,11.8,3.3,0.28,0.27,
Agustín Sández,PAR,DF,21.0,14.0,1060.0,76.0,22.4,11.8,11,89.0,10.0,3,28.0,38.0,1.79,10.0,9.0,1.0,0.08,-0.36,2022,12.1,13.5,-1.4,-0.12,-0.24,
Gabriel Aranda,ARG,DF,20.0,11.0,990.0,90.0,20.9,11.0,11,90.0,11.0,0,,9.0,2.09,11.0,8.0,3.0,0.27,-0.11,2022,11.8,12.7,-0.9,-0.09,-0.19,
Aaron Nicolás Molinas,ARG,MF,21.0,25.0,989.0,40.0,20.9,11.0,11,72.0,1.0,14,14.0,25.0,2.04,18.0,11.0,7.0,0.64,0.28,2022,13.8,12.7,1.2,0.11,0.12,
Luca Langoni,ARG,"FW,MF",19.0,18.0,949.0,53.0,29.8,10.5,11,73.0,1.0,7,21.0,7.0,1.89,15.0,8.0,7.0,0.66,0.72,2022,12.0,9.2,2.9,0.27,0.33,
Jorman Campuzano,COL,MF,25.0,16.0,891.0,56.0,18.8,9.9,9,88.0,7.0,7,15.0,16.0,1.56,10.0,11.0,-1.0,-0.1,-0.57,2022,11.6,12.2,-0.6,-0.06,-0.16,
Marcelo Weigandt,ARG,DF,22.0,11.0,811.0,74.0,17.1,9.0,8,90.0,7.0,3,31.0,25.0,1.36,12.0,14.0,-2.0,-0.22,-0.82,2022,9.7,13.9,-4.2,-0.46,-0.6,
Facundo Roncaglia,ARG,DF,34.0,11.0,781.0,71.0,32.1,8.7,8,87.0,7.0,3,28.0,6.0,2.09,7.0,7.0,0.0,0.0,-0.33,2022,8.9,8.5,0.4,0.04,-0.05,
Javier Hernán García,ARG,GK,35.0,8.0,720.0,90.0,15.2,8.0,8,90.0,8.0,0,,39.0,1.48,11.0,12.0,-1.0,-0.12,-0.57,2022,9.2,13.1,-3.8,-0.48,-0.64,
Martín Payero,ARG,"MF,FW",23.0,14.0,678.0,48.0,27.9,7.5,8,70.0,1.0,6,20.0,3.0,2.36,9.0,4.0,5.0,0.66,0.61,2022,9.7,6.3,3.5,0.46,0.53,
Nicolás Orsini,ARG,FW,27.0,18.0,508.0,28.0,10.7,5.6,4,77.0,2.0,14,14.0,22.0,1.5,0.0,9.0,-9.0,-1.59,-2.19,2022,5.2,7.8,-2.5,-0.45,-0.58,
Esteban Rolón,ARG,MF,26.0,9.0,396.0,44.0,8.4,4.4,5,75.0,2.0,4,6.0,38.0,2.23,6.0,8.0,-2.0,-0.45,-0.98,2022,4.2,7.0,-2.8,-0.63,-0.72,
Gastón Ávila,ARG,DF,20.0,6.0,320.0,53.0,6.8,3.6,4,74.0,3.0,2,12.0,12.0,1.67,3.0,6.0,-3.0,-0.84,-1.29,2022,3.7,4.8,-1.1,-0.3,-0.4,
Diego González,ARG,MF,33.0,7.0,270.0,39.0,6.8,3.0,3,70.0,0.0,4,15.0,10.0,2.43,4.0,2.0,2.0,0.67,0.26,2022,5.4,5.1,0.3,0.1,0.09,
Norberto Briasco,ARM,"FW,MF",25.0,4.0,152.0,38.0,3.2,1.7,2,57.0,0.0,2,19.0,8.0,2.5,2.0,2.0,0.0,0.0,-0.24,2022,0.5,2.0,-1.5,-0.88,-1.02,
Gonzalo Morales,ARG,FW,18.0,5.0,137.0,27.0,5.6,1.5,0,,0.0,5,27.0,2.0,2.6,3.0,2.0,1.0,0.66,0.46,2022,1.2,1.2,0.0,0.01,-0.07,
Gabriel Vega,ARG,MF,19.0,2.0,88.0,44.0,1.9,1.0,1,79.0,0.0,1,9.0,11.0,2.0,0.0,0.0,0.0,0.0,-0.79,2022,0.5,0.6,-0.1,-0.08,-0.01,
Maximiliano Zalazar,ARG,"FW,MF",20.0,2.0,58.0,29.0,2.4,0.6,0,,0.0,2,29.0,3.0,3.0,1.0,0.0,1.0,1.55,1.36,2022,0.6,0.2,0.5,0.71,0.64,
Leandro Brey,ARG,GK,19.0,1.0,45.0,45.0,0.9,0.5,0,,0.0,1,45.0,8.0,3.0,2.0,0.0,2.0,4.0,4.26,2022,1.1,0.0,1.1,2.15,1.9,
Brandon Cortés,CHI,"MF,FW",20.0,2.0,37.0,19.0,1.5,0.4,0,,0.0,2,19.0,5.0,3.0,1.0,0.0,1.0,2.43,2.24,2022,0.4,0.6,-0.3,-0.68,-0.77,
Simón Rivero,ARG,"MF,FW",18.0,2.0,16.0,8.0,0.7,0.2,0,,0.0,2,8.0,2.0,3.0,0.0,0.0,0.0,0.0,-0.22,2022,0.2,0.0,0.2,0.93,0.86,
Agustín Almendra,ARG,MF,21.0,2.0,12.0,6.0,0.8,0.1,0,,0.0,2,6.0,1.0,2.0,0.0,1.0,-1.0,-7.5,-8.31,2022,0.2,0.1,0.1,0.77,0.86,
Vicente Taborda,ARG,MF,20.0,1.0,1.0,1.0,0.0,0.0,0,,0.0,1,1.0,2.0,3.0,0.0,0.0,0.0,0.0,-0.22,2022,0.0,0.2,-0.2,-14.61,-14.69,
Lautaro Di Lollo,ARG,DF,17.0,0.0,,,,,0,,0.0,0,,4.0,,,,,,,2022,,,,,,
Mauricio Benítez,ARG,MF,17.0,0.0,,,,,0,,0.0,0,,1.0,,,,,,,2022,,,,,,
Valentín Barco,ARG,"DF,MF",17.0,0.0,,,,,0,,0.0,0,,1.0,,,,,,,2022,,,,,,
Jabes Saralegui,ARG,MF,19.0,0.0,,,,,0,,0.0,0,,1.0,,,,,,,2022,,,,,,
Nahuel Génez,ARG,DF,18.0,0.0,,,,,0,,0.0,0,,7.0,,,,,,,2022,,,,,,
Iván Alvariño,ARG,DF,20.0,0.0,,,,,0,,0.0,0,,3.0,,,,,,,2022,,,,,,
Pedro Velurtas,ARG,MF,20.0,0.0,,,,,0,,0.0,0,,5.0,,,,,,,2022,,,,,,
Sergio Romero,ARG,GK,35.0,45.0,4170.0,93.0,83.7,46.3,45,93.0,45.0,0,,8.0,1.56,52.0,36.0,16.0,0.35,0.35,2023,52.9,47.2,5.7,0.13,-0.44,
Jorge Figal,ARG,DF,28.0,42.0,3645.0,87.0,73.2,40.5,41,89.0,37.0,1,10.0,5.0,1.6,46.0,32.0,14.0,0.35,0.21,2023,43.1,41.9,1.3,0.03,-0.63,
Guillermo Matías Fernández,ARG,MF,31.0,42.0,3402.0,81.0,68.3,37.8,39,84.0,21.0,3,43.0,4.0,1.55,42.0,31.0,11.0,0.29,0.01,2023,42.8,37.3,5.5,0.15,-0.18,
Cristian Medina,ARG,"MF,FW",20.0,45.0,3001.0,67.0,60.3,33.3,30,87.0,15.0,15,27.0,6.0,1.67,40.0,27.0,13.0,0.39,0.25,2023,40.4,29.3,11.1,0.34,0.32,
Luis Advíncula,PER,"DF,FW",32.0,37.0,2948.0,80.0,59.2,32.8,32,89.0,24.0,5,23.0,4.0,1.46,32.0,24.0,8.0,0.24,-0.11,2023,35.2,32.1,3.1,0.1,-0.26,
Frank Fabra,COL,DF,31.0,33.0,2668.0,81.0,53.6,29.6,29,88.0,22.0,4,28.0,6.0,1.51,32.0,18.0,14.0,0.47,0.39,2023,35.8,27.9,7.9,0.27,0.13,
Miguel Merentiel,URU,FW,26.0,44.0,2434.0,55.0,48.9,27.0,26,73.0,6.0,18,29.0,5.0,1.57,35.0,21.0,14.0,0.52,0.45,2023,33.6,22.2,11.4,0.42,0.42,
Alan Varela,ARG,MF,21.0,32.0,2363.0,74.0,63.5,26.3,28,81.0,14.0,4,24.0,1.0,1.66,31.0,18.0,13.0,0.5,0.36,2023,33.3,29.0,4.3,0.16,-0.06,
Nicolás Valentini,ARG,DF,21.0,36.0,2315.0,64.0,46.5,25.7,23,85.0,14.0,13,28.0,14.0,1.44,29.0,22.0,7.0,0.27,-0.03,2023,27.6,21.8,5.7,0.23,0.04,
Bruno Valdez,PAR,"DF,FW",30.0,32.0,2293.0,72.0,46.0,25.5,26,81.0,21.0,6,32.0,12.0,1.41,27.0,26.0,1.0,0.04,-0.46,2023,32.1,26.4,5.7,0.23,0.04,
Ezequiél Fernández,ARG,MF,20.0,37.0,2270.0,61.0,45.6,25.2,23,83.0,9.0,14,26.0,7.0,1.51,31.0,27.0,4.0,0.16,-0.24,2023,28.1,21.8,6.3,0.26,0.09,
Marcelo Weigandt,ARG,DF,23.0,30.0,2193.0,73.0,44.0,24.4,23,84.0,17.0,7,38.0,19.0,1.7,29.0,21.0,8.0,0.33,0.07,2023,29.1,25.2,3.9,0.17,-0.08,
Valentín Barco,ARG,"MF,DF",18.0,29.0,2065.0,71.0,41.5,22.9,26,76.0,7.0,3,30.0,5.0,1.52,28.0,18.0,10.0,0.44,0.25,2023,26.9,19.7,7.2,0.32,0.18,
Darío Benedetto,ARG,FW,32.0,35.0,1729.0,49.0,34.7,19.2,21,69.0,6.0,14,20.0,4.0,1.34,19.0,22.0,-3.0,-0.16,-0.68,2023,22.3,22.1,0.2,0.01,-0.3,
Sebastián Villa,COL,"FW,MF",26.0,22.0,1701.0,77.0,45.7,18.9,19,84.0,11.0,3,34.0,0.0,1.41,19.0,17.0,2.0,0.11,-0.47,2023,21.0,20.3,0.6,0.03,-0.28,
Facundo Roncaglia,ARG,DF,35.0,21.0,1416.0,67.0,28.4,15.7,14,86.0,12.0,7,29.0,24.0,1.62,20.0,14.0,6.0,0.38,0.13,2023,20.1,13.4,6.7,0.43,0.31,
Óscar Romero,PAR,"FW,MF",30.0,19.0,1227.0,65.0,33.0,13.6,14,75.0,3.0,5,36.0,10.0,1.64,12.0,13.0,-1.0,-0.07,-0.65,2023,15.2,17.4,-2.2,-0.17,-0.52,
Edinson Cavani,URU,FW,35.0,14.0,1137.0,81.0,44.6,12.6,13,86.0,7.0,1,21.0,1.0,1.14,9.0,10.0,-1.0,-0.08,-0.59,2023,11.4,10.6,0.8,0.06,-0.51,
Marcelo Saracchi,URU,DF,24.0,14.0,1046.0,75.0,41.0,11.6,11,87.0,9.0,3,28.0,5.0,1.14,14.0,12.0,2.0,0.17,-0.13,2023,13.4,9.2,4.1,0.38,0.04,
Luca Langoni,ARG,"FW,MF",20.0,20.0,925.0,46.0,18.6,10.3,10,65.0,3.0,10,28.0,2.0,1.4,13.0,13.0,0.0,0.0,-0.36,2023,13.0,11.3,1.7,0.17,-0.05,
Lucas Janson,ARG,"FW,MF",28.0,17.0,854.0,50.0,33.5,9.5,8,76.0,3.0,9,27.0,4.0,1.06,9.0,7.0,2.0,0.21,-0.05,2023,8.3,7.9,0.4,0.04,-0.46,
Marcos Rojo,ARG,DF,32.0,13.0,813.0,63.0,16.3,9.0,10,79.0,4.0,3,9.0,2.0,1.23,9.0,6.0,3.0,0.33,0.12,2023,10.3,7.6,2.6,0.3,-0.08,
Javier Hernán García,ARG,GK,36.0,9.0,810.0,90.0,16.3,9.0,9,90.0,9.0,0,,45.0,1.22,11.0,11.0,0.0,0.0,-0.31,2023,11.5,5.7,5.8,0.65,0.67,
Juan Ramírez,ARG,"MF,FW",29.0,21.0,800.0,38.0,16.1,8.9,11,59.0,0.0,10,15.0,22.0,1.43,11.0,5.0,6.0,0.68,0.46,2023,9.7,9.2,0.4,0.05,-0.19,
Jorman Campuzano,COL,MF,26.0,16.0,749.0,47.0,29.4,8.3,10,61.0,1.0,6,23.0,5.0,1.31,8.0,10.0,-2.0,-0.24,-0.69,2023,8.6,7.7,0.8,0.11,-0.35,
Exequiel Zeballos,ARG,"FW,DF",20.0,19.0,717.0,38.0,14.4,8.0,5,82.0,3.0,14,22.0,2.0,1.16,9.0,7.0,2.0,0.25,-0.04,2023,7.3,6.7,0.6,0.09,-0.14,
Martín Payero,ARG,MF,24.0,14.0,688.0,49.0,18.5,7.6,9,64.0,1.0,5,23.0,4.0,1.79,13.0,7.0,6.0,0.78,0.52,2023,8.9,7.4,1.6,0.2,0.02,
Norberto Briasco,ARM,FW,26.0,22.0,642.0,29.0,12.9,7.1,6,59.0,0.0,16,18.0,12.0,1.68,8.0,4.0,4.0,0.56,0.31,2023,8.3,5.7,2.6,0.36,0.17,
Lucas Blondel,SUI,DF,26.0,8.0,597.0,75.0,23.4,6.6,7,81.0,5.0,1,32.0,9.0,1.38,10.0,9.0,1.0,0.15,0.15,2023,8.5,5.9,2.6,0.39,0.22,
Luis Vázquez,ARG,FW,22.0,18.0,569.0,32.0,15.3,6.3,5,70.0,0.0,13,17.0,8.0,1.89,14.0,5.0,9.0,1.42,1.25,2023,11.4,5.6,5.8,0.92,0.86,
Agustín Sández,PAR,DF,22.0,11.0,488.0,44.0,13.1,5.4,5,67.0,2.0,6,26.0,17.0,1.82,10.0,6.0,4.0,0.74,0.43,2023,8.8,5.8,3.0,0.55,0.42,
Ezequiel Bullaude,ARG,"FW,MF",22.0,11.0,389.0,35.0,15.3,4.3,4,68.0,1.0,7,17.0,6.0,1.36,2.0,3.0,-1.0,-0.23,-0.44,2023,4.1,3.2,0.8,0.19,-0.12,
Aaron Anselmino,ARG,DF,17.0,5.0,297.0,59.0,8.0,3.3,3,84.0,2.0,2,23.0,9.0,1.6,2.0,2.0,0.0,0.0,-0.27,2023,3.9,1.6,2.3,0.69,0.62,
Vicente Taborda,ARG,MF,21.0,5.0,212.0,42.0,8.3,2.4,1,76.0,0.0,4,34.0,4.0,0.8,1.0,0.0,1.0,0.42,0.19,2023,2.4,0.6,1.7,0.79,0.46,
Jabes Saralegui,ARG,MF,20.0,4.0,207.0,52.0,16.4,2.3,2,75.0,1.0,2,29.0,1.0,1.75,2.0,2.0,0.0,0.0,-0.09,2023,3.4,1.6,1.8,0.77,0.6,
Esteban Rolón,ARG,FW,27.0,9.0,207.0,23.0,4.2,2.3,1,45.0,0.0,8,20.0,11.0,2.11,4.0,2.0,2.0,0.87,0.61,2023,5.2,2.2,3.1,1.33,1.17,
Nicolás Orsini,ARG,FW,28.0,4.0,204.0,51.0,5.5,2.3,3,63.0,2.0,1,16.0,12.0,1.0,2.0,1.0,1.0,0.44,0.12,2023,2.1,3.2,-1.2,-0.52,-0.62,
Diego González,ARG,MF,34.0,6.0,108.0,18.0,2.2,1.2,1,45.0,0.0,5,13.0,30.0,2.17,0.0,2.0,-2.0,-1.67,-1.97,2023,0.6,1.5,-0.9,-0.75,-0.91,
Brandon Cortés,CHI,MF,21.0,1.0,22.0,22.0,0.6,0.2,0,,0.0,1,22.0,9.0,1.0,1.0,0.0,1.0,4.09,3.79,2023,0.8,0.1,0.8,3.21,3.18,
Gonzalo Morales,ARG,FW,19.0,1.0,9.0,9.0,0.2,0.1,0,,0.0,1,9.0,5.0,3.0,0.0,0.0,0.0,0.0,-0.33,2023,0.1,0.0,0.1,0.61,0.57,
Julian Carrasco,ARG,MF,20.0,0.0,,,,,0,,0.0,0,,8.0,,,,,,,2023,,,,,,
Lautaro Di Lollo,ARG,DF,18.0,0.0,,,,,0,,0.0,0,,8.0,,,,,,,2023,,,,,,
Gabriel Aranda,ARG,DF,21.0,0.0,,,,,0,,0.0,0,,5.0,,,,,,,2023,,,,,,
Rodrigo Montes,ARG,MF,23.0,0.0,,,,,0,,0.0,0,,2.0,,,,,,,2023,,,,,,
Leandro Brey,ARG,GK,20.0,0.0,,,,,0,,0.0,0,,2.0,,,,,,,2023,,,,,,
Federico Aguirre,ARG,FW,20.0,0.0,,,,,0,,0.0,0,,1.0,,,,,,,2023,,,,,,
Román Rodríguez,ARG,MF,19.0,0.0,,,,,0,,0.0,0,,1.0,,,,,,,2023,,,,,,
Miguel Merentiel,URU,FW,27.0,44.0,3443.0,78.0,74.5,38.3,38,86.0,22.0,6,28.0,0.0,1.67,44.0,32.0,12.0,0.31,-0.3,2024,38.8,33.5,5.3,0.17,-0.08,
Sergio Romero,ARG,GK,36.0,36.0,3236.0,90.0,70.0,36.0,35,91.0,34.0,1,65.0,6.0,1.47,40.0,31.0,9.0,0.25,-0.47,2024,29.9,27.5,2.4,0.09,-0.3,
Lautaro Blanco,ARG,DF,24.0,40.0,3146.0,79.0,68.1,35.0,35,88.0,26.0,5,14.0,7.0,1.63,45.0,31.0,14.0,0.4,0.03,2024,36.9,29.9,7.0,0.25,0.18,
Kevin Zenon,ARG,"MF,FW",22.0,39.0,3052.0,78.0,66.1,33.9,35,84.0,17.0,4,30.0,0.0,1.78,47.0,26.0,21.0,0.62,0.68,2024,36.4,27.9,8.5,0.3,0.34,
Luis Advíncula,PER,DF,33.0,40.0,3034.0,76.0,65.7,33.7,34,83.0,26.0,6,35.0,3.0,1.66,37.0,26.0,11.0,0.33,-0.18,2024,36.8,29.5,7.4,0.26,0.21,
Guillermo Matías Fernández,ARG,MF,32.0,39.0,2878.0,74.0,62.3,32.0,32,84.0,15.0,7,27.0,2.0,1.85,42.0,18.0,24.0,0.75,0.96,2024,32.9,27.5,5.3,0.21,0.03,
Cristian Lema,ARG,DF,33.0,29.0,2629.0,91.0,56.9,29.2,29,91.0,26.0,0,,2.0,1.64,35.0,25.0,10.0,0.34,-0.11,2024,27.4,21.2,6.3,0.28,0.19,
Edinson Cavani,URU,FW,36.0,33.0,2430.0,74.0,52.6,27.0,30,78.0,9.0,3,30.0,0.0,1.85,34.0,19.0,15.0,0.56,0.35,2024,27.5,22.2,5.3,0.24,0.1,
Jorge Figal,ARG,DF,29.0,28.0,2280.0,81.0,49.4,25.3,24,87.0,22.0,4,49.0,10.0,1.73,28.0,22.0,6.0,0.24,-0.3,2024,28.5,20.9,7.6,0.36,0.34,
Cristian Medina,ARG,MF,21.0,27.0,2212.0,82.0,47.9,24.6,26,83.0,14.0,1,45.0,0.0,1.38,31.0,29.0,2.0,0.08,-0.59,2024,17.7,21.8,-4.1,-0.22,-0.75,
Marcos Rojo,ARG,DF,33.0,24.0,1625.0,68.0,35.2,18.1,19,77.0,10.0,5,33.0,6.0,1.74,21.0,11.0,10.0,0.55,0.25,2024,14.5,14.6,-0.1,0.0,-0.3,
Marcelo Saracchi,URU,"DF,MF",25.0,22.0,1375.0,63.0,29.8,15.3,15,82.0,8.0,7,22.0,19.0,1.86,26.0,11.0,15.0,0.98,0.84,2024,16.5,13.6,2.9,0.26,0.09,
Leandro Brey,ARG,GK,21.0,17.0,1312.0,77.0,28.4,14.6,15,86.0,14.0,2,14.0,19.0,2.12,20.0,10.0,10.0,0.69,0.41,2024,22.5,16.4,6.1,0.45,0.37,
Jabes Saralegui,ARG,"MF,DF",21.0,35.0,1294.0,37.0,28.0,14.4,11,68.0,1.0,24,23.0,13.0,1.88,14.0,14.0,0.0,0.0,-0.54,2024,11.5,9.7,1.8,0.19,0.0,
Tomás Belmonte,ARG,MF,25.0,18.0,1269.0,71.0,37.8,14.1,14,84.0,9.0,4,24.0,4.0,1.67,17.0,11.0,6.0,0.43,0.17,2024,19.2,14.4,4.8,0.36,0.77,
Lautaro Di Lollo,ARG,DF,19.0,19.0,1260.0,66.0,27.3,14.0,13,84.0,11.0,6,27.0,13.0,1.58,12.0,12.0,0.0,0.0,-0.51,2024,9.9,14.5,-4.6,-0.44,-0.67,
Ezequiél Fernández,ARG,MF,21.0,16.0,1250.0,78.0,27.1,13.9,14,84.0,10.0,2,40.0,0.0,1.72,22.0,15.0,7.0,0.5,0.16,2024,11.7,11.0,0.7,0.07,-0.16,
Milton Giménez,ARG,FW,27.0,22.0,1093.0,50.0,32.5,12.1,10,85.0,5.0,12,21.0,1.0,1.45,16.0,13.0,3.0,0.25,-0.11,2024,13.9,15.3,-1.4,-0.13,-0.17,
Aaron Anselmino,ARG,DF,18.0,15.0,1083.0,72.0,23.4,12.0,12,86.0,11.0,3,16.0,11.0,1.73,14.0,13.0,1.0,0.08,-0.4,2024,14.2,14.8,-0.6,-0.06,-0.33,
Exequiel Zeballos,ARG,"MF,FW",21.0,22.0,1068.0,49.0,31.8,11.9,11,77.0,3.0,11,21.0,4.0,1.59,12.0,9.0,3.0,0.25,-0.1,2024,16.5,14.0,2.5,0.21,0.42,
Brian Aguirre,ARG,"FW,MF",20.0,16.0,891.0,56.0,26.5,9.9,11,72.0,3.0,5,20.0,5.0,1.75,10.0,7.0,3.0,0.3,0.07,2024,14.7,13.0,1.7,0.17,0.31,
Luca Langoni,ARG,FW,21.0,22.0,867.0,39.0,18.8,9.6,9,72.0,1.0,13,17.0,1.0,1.83,18.0,13.0,5.0,0.52,0.16,2024,12.2,8.3,3.9,0.47,0.34,
Ignacio Miramon,ARG,MF,20.0,15.0,794.0,53.0,32.7,8.8,11,67.0,1.0,4,13.0,2.0,1.8,9.0,8.0,1.0,0.11,-0.22,2024,12.7,8.8,3.9,0.44,0.7,
Gary Medel,CHI,"DF,MF",36.0,11.0,704.0,64.0,21.0,7.8,7,83.0,4.0,4,30.0,3.0,1.5,8.0,5.0,3.0,0.38,0.08,2024,6.9,7.2,-0.4,-0.06,-0.03,
Lucas Janson,ARG,"FW,MF",29.0,22.0,693.0,32.0,15.0,7.7,7,67.0,2.0,15,15.0,23.0,1.41,8.0,3.0,5.0,0.65,0.31,2024,5.6,4.0,1.6,0.3,0.12,
Frank Fabra,COL,"DF,MF",32.0,16.0,560.0,35.0,12.1,6.2,6,78.0,2.0,10,9.0,21.0,1.56,5.0,7.0,-2.0,-0.32,-0.81,2024,4.4,4.8,-0.4,-0.08,-0.32,
Milton Delgado,ARG,MF,18.0,15.0,536.0,36.0,11.6,6.0,6,68.0,2.0,9,14.0,15.0,1.6,4.0,6.0,-2.0,-0.34,-0.78,2024,4.2,8.3,-4.0,-0.98,-1.12,
Mauricio Benítez,ARG,MF,19.0,10.0,532.0,53.0,11.5,5.9,6,74.0,1.0,4,23.0,21.0,2.2,6.0,3.0,3.0,0.51,-0.04,2024,5.0,1.8,3.2,1.16,0.66,
Nicolás Valentini,ARG,DF,22.0,9.0,525.0,58.0,24.0,5.8,6,79.0,5.0,3,17.0,1.0,1.89,10.0,6.0,4.0,0.69,0.2,2024,7.0,3.2,3.8,0.98,0.48,
Jorman Campuzano,COL,DF,27.0,10.0,521.0,52.0,11.3,5.8,7,71.0,3.0,3,9.0,8.0,1.6,7.0,4.0,3.0,0.52,0.14,2024,8.5,3.8,4.7,0.83,0.74,
Juan Barinaga,ARG,DF,23.0,8.0,478.0,60.0,19.7,5.3,6,77.0,4.0,2,8.0,6.0,1.63,7.0,5.0,2.0,0.38,0.15,2024,7.7,6.1,1.7,0.31,0.43,
Lucas Blondel,SUI,"DF,MF",27.0,9.0,423.0,47.0,33.6,4.7,6,59.0,1.0,3,22.0,3.0,1.56,11.0,4.0,7.0,1.49,1.38,2024,8.9,4.2,4.7,1.0,0.56,
Agustín Martegani,ARG,MF,23.0,10.0,391.0,39.0,11.6,4.3,5,62.0,1.0,5,17.0,11.0,1.6,7.0,6.0,1.0,0.23,-0.1,2024,4.9,5.5,-0.7,-0.18,-0.17,
Darío Benedetto,ARG,FW,33.0,11.0,332.0,30.0,15.2,3.7,3,70.0,1.0,8,15.0,7.0,1.67,6.0,2.0,4.0,1.08,0.65,2024,5.9,0.7,5.1,2.09,1.77,
Ezequiel Bullaude,ARG,"FW,MF",23.0,6.0,246.0,41.0,5.3,2.7,2,67.0,0.0,4,28.0,11.0,1.5,2.0,1.0,1.0,0.37,-0.19,2024,3.2,2.2,1.0,0.41,-0.26,
Mateo Mendía,ARG,DF,19.0,4.0,209.0,52.0,6.2,2.3,1,90.0,1.0,3,40.0,16.0,1.5,6.0,3.0,3.0,1.29,1.03,2024,4.2,2.6,1.6,0.81,0.9,
Julián Ceballos,ARG,MF,19.0,4.0,180.0,45.0,5.4,2.0,3,59.0,0.0,1,3.0,8.0,1.5,1.0,0.0,1.0,0.5,0.19,2024,0.2,0.8,-0.6,-1.07,-1.06,
Norberto Briasco,ARM,"MF,FW",27.0,6.0,171.0,29.0,3.7,1.9,1,78.0,0.0,5,19.0,8.0,1.33,2.0,2.0,0.0,0.0,-0.4,2024,0.5,1.9,-1.4,-1.87,-2.1,
Juan Ramírez,ARG,MF,30.0,4.0,151.0,38.0,3.3,1.7,2,59.0,0.0,2,17.0,17.0,1.5,0.0,0.0,0.0,0.0,-0.57,2024,0.6,0.8,-0.1,-0.22,-0.89,
Vicente Taborda,ARG,MF,22.0,5.0,144.0,29.0,3.1,1.6,2,59.0,0.0,3,9.0,14.0,2.0,2.0,1.0,1.0,0.62,0.24,2024,1.5,1.2,0.2,0.26,0.06,
Javier Hernán García,ARG,GK,37.0,1.0,72.0,72.0,1.6,0.8,1,72.0,0.0,0,,22.0,3.0,3.0,2.0,1.0,1.25,0.72,2024,0.7,1.2,-0.5,-0.59,-1.3,
Iker Zufiaurre,ARG,MF,18.0,3.0,67.0,22.0,2.0,0.7,0,,0.0,3,22.0,3.0,1.33,0.0,0.0,0.0,0.0,-0.33,2024,0.2,0.0,0.2,2.82,2.85,
Dylan Gorosito,ARG,DF,17.0,1.0,45.0,45.0,1.3,0.5,1,45.0,0.0,0,,3.0,1.0,1.0,2.0,-1.0,-2.0,-2.3,2024,0.9,1.6,-0.7,-1.48,-1.47,
Joaquín Ruíz,ARG,FW,17.0,2.0,15.0,8.0,0.6,0.2,0,,0.0,2,8.0,3.0,1.5,0.0,1.0,-1.0,-6.0,-6.3,2024,0.0,0.5,-0.5,-3.1,-3.09,
Walter Molas,ARG,DF,19.0,2.0,13.0,7.0,0.4,0.1,0,,0.0,2,7.0,6.0,1.0,0.0,0.0,0.0,0.0,-0.32,2024,0.2,0.0,0.2,14.44,14.47,
Santiago Dalmasso,ARG,MF,19.0,2.0,11.0,6.0,0.3,0.1,0,,0.0,2,6.0,5.0,2.0,0.0,0.0,0.0,0.0,-0.32,2024,0.0,0.0,0.0,0.0,0.03,
Juan Payal,ARG,FW,18.0,0.0,,,,,0,,0.0,0,,4.0,,,,,,,2024,,,,,,
Sebastián Díaz,ARG,GK,20.0,0.0,,,,,0,,0.0,0,,3.0,,,,,,,2024,,,,,,
Román Rodríguez,ARG,MF,20.0,0.0,,,,,0,,0.0,0,,1.0,,,,,,,2024,,,,,,
Ignacio Rodríguez,ARG,FW,19.0,0.0,,,,,0,,0.0,0,,6.0,,,,,,,2024,,,,,,
Marcelo Weigandt,ARG,DF,24.0,0.0,,,,,0,,0.0,0,,6.0,,,,,,,2024,,,,,,
Bruno Valdez,PAR,DF,31.0,0.0,,,,,0,,0.0,0,,2.0,,,,,,,2024,,,,,,
Agustín Marchesín,ARG,GK,37-249,32.0,2879.0,90.0,91.4,32.0,32,90.0,31.0,0,,0.0,1.82,54.0,26.0,28.0,0.88,0.88,2025,42.2,26.5,15.7,0.54,0.25,
Lautaro Blanco,ARG,DF,26-274,30.0,2679.0,89.0,85.0,29.8,30,89.0,28.0,0,,3.0,1.78,51.0,24.0,27.0,0.91,0.72,2025,38.4,22.9,15.5,0.58,0.37,
Rodrigo Battaglia,ARG,"DF,MF",34-131,27.0,2237.0,83.0,71.0,24.9,24,89.0,21.0,3,32.0,3.0,1.41,36.0,22.0,14.0,0.56,-0.82,2025,29.8,20.2,9.5,0.44,-0.26,
Miguel Merentiel,URU,FW,29-269,35.0,2167.0,62.0,68.8,24.1,25,79.0,10.0,10,19.0,0.0,1.75,39.0,17.0,22.0,0.91,0.36,2025,29.3,18.4,10.9,0.51,-0.04,
Carlos Palacios,CHI,MF,25-123,28.0,2080.0,74.0,66.0,23.1,26,78.0,6.0,2,30.0,1.0,1.82,35.0,18.0,17.0,0.74,-0.19,2025,24.8,17.4,7.4,0.36,-0.45,
Lautaro Di Lollo,ARG,DF,21-255,26.0,1999.0,77.0,63.5,22.2,21,88.0,20.0,5,31.0,7.0,1.88,40.0,17.0,23.0,1.04,0.64,2025,31.6,15.6,16.0,0.79,0.74,
Ayrton Costa,ARG,DF,26-131,21.0,1715.0,82.0,54.4,19.1,18,90.0,17.0,3,32.0,9.0,1.72,33.0,19.0,14.0,0.73,-0.14,2025,25.4,15.0,10.3,0.61,0.19,
Milton Giménez,ARG,FW,29-100,26.0,1557.0,60.0,49.4,17.3,16,82.0,10.0,10,24.0,3.0,1.74,31.0,18.0,13.0,0.75,-0.1,2025,26.9,14.3,12.6,0.77,0.52,
Edinson Cavani,URU,FW,38-279,19.0,1394.0,73.0,44.3,15.5,17,80.0,6.0,2,21.0,2.0,1.9,23.0,8.0,15.0,0.97,0.3,2025,18.9,11.6,7.4,0.49,-0.04,
Juan Barinaga,ARG,DF,25-041,17.0,1333.0,78.0,46.3,14.8,15,84.0,10.0,2,35.0,13.0,1.88,27.0,12.0,15.0,1.01,0.2,2025,24.6,11.4,13.2,0.89,0.7,
Luis Advíncula,PER,DF,35-263,22.0,1324.0,60.0,42.0,14.7,13,87.0,11.0,9,21.0,12.0,1.78,18.0,13.0,5.0,0.34,-0.79,2025,13.7,12.5,1.2,0.1,-0.66,
Milton Delgado,ARG,MF,20-157,18.0,1317.0,73.0,41.8,14.6,15,86.0,12.0,3,7.0,6.0,2.0,28.0,11.0,17.0,1.16,0.47,2025,19.1,12.1,7.0,0.48,-0.07,
Alan Velasco,ARG,"MF,FW",23-116,25.0,1246.0,50.0,39.6,13.8,16,68.0,1.0,9,17.0,2.0,1.51,18.0,12.0,6.0,0.43,-0.61,2025,14.7,10.3,4.4,0.38,-0.22,
Tomás Belmonte,ARG,MF,27-177,19.0,1212.0,64.0,38.5,13.5,13,79.0,8.0,6,32.0,7.0,1.65,20.0,15.0,5.0,0.37,-0.7,2025,14.1,13.5,0.6,0.05,-0.74,
Leandro Paredes,ARG,MF,31-144,14.0,1187.0,85.0,41.2,13.2,13,89.0,10.0,1,25.0,0.0,1.79,26.0,10.0,16.0,1.21,0.52,2025,21.2,8.7,12.4,0.94,0.72,
Kevin Zenon,ARG,"MF,FW",24-113,25.0,1139.0,46.0,36.2,12.7,11,80.0,5.0,14,18.0,6.0,1.59,20.0,14.0,6.0,0.47,-0.51,2025,15.4,11.4,4.0,0.39,-0.19,
Exequiel Zeballos,ARG,"MF,FW",23-210,28.0,1080.0,39.0,34.3,12.0,10,68.0,1.0,18,22.0,3.0,1.92,21.0,6.0,15.0,1.25,0.68,2025,16.0,8.5,7.4,0.66,0.21,
Marcos Rojo,ARG,DF,35-245,11.0,859.0,78.0,27.3,9.5,11,78.0,7.0,0,,2.0,2.0,17.0,8.0,9.0,0.94,0.2,2025,11.6,8.4,3.2,0.34,-0.26,
William Alarcón,CHI,MF,25-000,21.0,835.0,40.0,26.5,9.3,8,70.0,4.0,13,21.0,7.0,1.73,14.0,10.0,4.0,0.43,-0.5,2025,12.5,9.7,2.8,0.32,-0.28,
Brian Aguirre,ARG,"MF,FW",22-172,16.0,732.0,46.0,23.2,8.1,10,67.0,0.0,6,10.0,19.0,1.94,14.0,5.0,9.0,1.11,0.27,2025,11.9,5.7,6.2,0.76,0.32,
Marco Pellegrino,ARG,DF,23-125,7.0,630.0,90.0,20.0,7.0,7,90.0,7.0,0,,10.0,1.43,8.0,4.0,4.0,0.57,-0.29,2025,8.2,5.1,3.1,0.51,-0.01,
Lucas Blondel,SUI,"DF,MF",29-067,9.0,545.0,61.0,17.3,6.1,7,70.0,3.0,2,28.0,10.0,1.91,14.0,4.0,10.0,1.65,0.92,2025,7.9,4.2,3.7,0.62,0.12,
Ander Herrera,ESP,MF,36-098,13.0,460.0,35.0,14.6,5.1,6,56.0,0.0,7,18.0,0.0,1.85,9.0,2.0,7.0,1.37,0.67,2025,7.6,5.1,2.4,0.5,-0.02,
Marcelo Saracchi,URU,"DF,MF",27-211,7.0,371.0,53.0,11.8,4.1,4,85.0,3.0,3,11.0,8.0,1.35,5.0,4.0,1.0,0.24,-0.63,2025,5.3,3.6,1.6,0.41,-0.12,
Malcom Braida,ARG,"FW,MF",28-187,7.0,325.0,46.0,10.3,3.6,3,76.0,1.0,4,24.0,11.0,1.43,2.0,2.0,0.0,0.0,-0.89,2025,3.7,3.8,-0.1,-0.03,-0.6,
Camilo Rey,ARG,MF,19-255,5.0,305.0,61.0,10.6,3.4,3,90.0,3.0,2,18.0,1.0,2.2,3.0,1.0,2.0,0.59,-0.35,2025,4.0,2.9,1.2,0.34,-0.19,
Leandro Brey,ARG,GK,23-060,4.0,271.0,68.0,8.6,3.0,3,90.0,3.0,1,1.0,31.0,1.5,2.0,2.0,0.0,0.0,-1.0,2025,2.2,1.3,0.9,0.29,-0.25,
Jorge Figal,ARG,DF,31-231,3.0,248.0,83.0,7.9,2.8,3,83.0,0.0,0,,11.0,1.67,4.0,2.0,2.0,0.73,-0.08,2025,1.6,1.3,0.3,0.17,-0.37,
Lucas Janson,ARG,"FW,MF",31-096,4.0,118.0,30.0,3.7,1.3,1,77.0,0.0,3,14.0,23.0,1.75,3.0,2.0,1.0,0.76,-0.15,2025,1.7,1.5,0.3,0.19,-0.34,
Ignacio Miramon,ARG,"MF,FW",22-161,3.0,102.0,34.0,3.2,1.1,1,72.0,0.0,2,15.0,12.0,3.0,0.0,0.0,0.0,0.0,-0.94,2025,0.9,1.1,-0.2,-0.22,-0.76,
Agustín Martegani,ARG,MF,25-184,1.0,57.0,57.0,1.8,0.6,1,57.0,0.0,0,,18.0,3.0,1.0,0.0,1.0,1.58,0.69,2025,0.6,0.0,0.5,0.81,0.3,
Joaquín Ruíz,ARG,"MF,FW",19-122,1.0,26.0,26.0,0.9,0.3,0,,0.0,1,26.0,4.0,3.0,1.0,0.0,1.0,3.46,2.58,2025,0.9,0.3,0.6,2.11,1.61,
Santiago Dalmasso,ARG,MF,21-155,1.0,12.0,12.0,0.4,0.1,0,,0.0,1,12.0,4.0,1.0,0.0,0.0,0.0,0.0,-0.91,2025,0.0,0.0,0.0,-0.18,-0.7,
Cristian Lema,ARG,DF,35-241,0.0,,,,,0,,0.0,0,,3.0,,,,,,,2025,,,,,,
Javier Hernán García,ARG,GK,38-295,0.0,,,,,0,,0.0,0,,7.0,,,,,,,2025,,,,,,
Valentino Simoni,ARG,MF,21-204,0.0,,,,,0,,0.0,0,,2.0,,,,,,,2025,,,,,,
