player,nation,position,age,matches_played,starts,minutes,nineties,goals,assists,goals_plus_assists,non_pen_goals,pens_made,pens_att,yellow_cards,red_cards,goals_per90,assists_per90,goals_plus_assists_per90,non_pen_goals_per90,g_a_pk,season,xG,npxG,expected_assists,npxg_plus_xag,progressive_carries,progressive_passes,progressive_passes_received,xg_per90,xag_per90,xg_plus_xag,npxg_per90,npxg_plus_xag_per90,fbref_comp_id
Agustín Orión,ARG,GK,32.0,26.0,26,2370.0,26.3,0.0,0.0,0.0,0.0,0.0,0.0,2.0,0.0,0.0,0.0,0.0,0.0,0.0,2014,,,,,,,,,,,,,
Leandro Marín,ARG,DF,22.0,20.0,20,1782.0,19.8,2.0,0.0,2.0,2.0,0.0,0.0,4.0,0.0,0.1,0.0,0.1,0.1,0.1,2014,,,,,,,,,,,,,
Federico Carrizo,ARG,"FW,MF",22.0,24.0,22,1644.0,18.3,1.0,6.0,7.0,1.0,0.0,0.0,3.0,0.0,0.05,0.33,0.38,0.05,0.38,2014,,,,,,,,,,,,,
Jonathan Calleri,ARG,FW,20.0,22.0,18,1621.0,18.0,8.0,1.0,9.0,8.0,0.0,0.0,5.0,0.0,0.44,0.06,0.5,0.44,0.5,2014,,,,,,,,,,,,,
Nicolás Colazo,ARG,"DF,MF",23.0,18.0,17,1538.0,17.1,0.0,1.0,1.0,0.0,0.0,0.0,1.0,0.0,0.0,0.06,0.06,0.0,0.06,2014,,,,,,,,,,,,,
Marcelo Meli,ARG,MF,21.0,18.0,16,1466.0,16.3,1.0,0.0,1.0,1.0,0.0,0.0,7.0,0.0,0.06,0.0,0.06,0.06,0.06,2014,,,,,,,,,,,,,
Emmanuel Gigliotti,ARG,FW,26.0,23.0,14,1388.0,15.4,7.0,0.0,7.0,7.0,0.0,2.0,2.0,0.0,0.45,0.0,0.45,0.45,0.45,2014,,,,,,,,,,,,,
Mariano Echeverría,ARG,DF,32.0,16.0,16,1385.0,15.4,2.0,0.0,2.0,2.0,0.0,0.0,4.0,0.0,0.13,0.0,0.13,0.13,0.13,2014,,,,,,,,,,,,,
Cristian Erbes,ARG,MF,24.0,16.0,16,1358.0,15.1,0.0,0.0,0.0,0.0,0.0,0.0,6.0,0.0,0.0,0.0,0.0,0.0,0.0,2014,,,,,,,,,,,,,
Andrés Chávez,ARG,"FW,MF",22.0,19.0,13,1304.0,14.5,6.0,4.0,10.0,6.0,0.0,0.0,4.0,0.0,0.41,0.28,0.69,0.41,0.69,2014,,,,,,,,,,,,,
Fernando Gago,ARG,MF,27.0,16.0,16,1297.0,14.4,1.0,3.0,4.0,1.0,0.0,0.0,1.0,1.0,0.07,0.21,0.28,0.07,0.28,2014,,,,,,,,,,,,,
Cata Díaz,ARG,DF,34.0,14.0,14,1053.0,11.7,1.0,0.0,1.0,1.0,0.0,0.0,4.0,1.0,0.09,0.0,0.09,0.09,0.09,2014,,,,,,,,,,,,,
Gonzalo Castellani,ARG,MF,26.0,17.0,10,940.0,10.4,0.0,0.0,0.0,0.0,0.0,0.0,1.0,1.0,0.0,0.0,0.0,0.0,0.0,2014,,,,,,,,,,,,,
José Pedro Fuenzalida,CHI,"DF,FW",28.0,18.0,10,938.0,10.4,1.0,1.0,2.0,1.0,0.0,0.0,4.0,0.0,0.1,0.1,0.19,0.1,0.19,2014,,,,,,,,,,,,,
Emanuel Insúa,ARG,DF,22.0,15.0,9,870.0,9.7,1.0,0.0,1.0,1.0,0.0,0.0,4.0,1.0,0.1,0.0,0.1,0.1,0.1,2014,,,,,,,,,,,,,
Lisandro Magallán,ARG,DF,20.0,11.0,9,850.0,9.4,1.0,0.0,1.0,1.0,0.0,0.0,1.0,0.0,0.11,0.0,0.11,0.11,0.11,2014,,,,,,,,,,,,,
Juan Forlín,ARG,"DF,MF",26.0,10.0,9,833.0,9.3,0.0,0.0,0.0,0.0,0.0,0.0,3.0,0.0,0.0,0.0,0.0,0.0,0.0,2014,,,,,,,,,,,,,
Juan Manuel Martínez,ARG,"FW,MF",28.0,14.0,7,704.0,7.8,3.0,0.0,3.0,3.0,0.0,0.0,1.0,0.0,0.38,0.0,0.38,0.38,0.38,2014,,,,,,,,,,,,,
Andrés Cubas,PAR,MF,17.0,9.0,8,678.0,7.5,0.0,0.0,0.0,0.0,0.0,0.0,2.0,0.0,0.0,0.0,0.0,0.0,0.0,2014,,,,,,,,,,,,,
Claudio Pérez,ARG,DF,28.0,8.0,6,659.0,7.3,0.0,0.0,0.0,0.0,0.0,0.0,4.0,0.0,0.0,0.0,0.0,0.0,0.0,2014,,,,,,,,,,,,,
Hernán Grana,ARG,DF,28.0,5.0,5,450.0,5.0,0.0,0.0,0.0,0.0,0.0,0.0,2.0,0.0,0.0,0.0,0.0,0.0,0.0,2014,,,,,,,,,,,,,
Luciano Acosta,ARG,"FW,MF",19.0,12.0,3,448.0,5.0,0.0,1.0,1.0,0.0,0.0,0.0,1.0,0.0,0.0,0.2,0.2,0.0,0.2,2014,,,,,,,,,,,,,
Federico Bravo,ARG,"DF,MF",20.0,8.0,5,416.0,4.6,0.0,0.0,0.0,0.0,0.0,0.0,1.0,0.0,0.0,0.0,0.0,0.0,0.0,2014,,,,,,,,,,,,,
Nahuel Zárate,ARG,DF,21.0,4.0,4,360.0,4.0,0.0,0.0,0.0,0.0,0.0,0.0,2.0,0.0,0.0,0.0,0.0,0.0,0.0,2014,,,,,,,,,,,,,
Franco Cristaldo,ARG,"FW,MF",17.0,3.0,1,148.0,1.6,0.0,0.0,0.0,0.0,0.0,0.0,0.0,0.0,0.0,0.0,0.0,0.0,0.0,2014,,,,,,,,,,,,,
Pablo Ledesma,ARG,MF,29.0,3.0,1,109.0,1.2,0.0,0.0,0.0,0.0,0.0,0.0,1.0,0.0,0.0,0.0,0.0,0.0,0.0,2014,,,,,,,,,,,,,
Juan Cruz Komar,ARG,DF,17.0,1.0,1,90.0,1.0,0.0,0.0,0.0,0.0,0.0,0.0,0.0,0.0,0.0,0.0,0.0,0.0,0.0,2014,,,,,,,,,,,,,
Emanuel Trípodi,ARG,GK,33.0,1.0,1,90.0,1.0,0.0,0.0,0.0,0.0,0.0,0.0,0.0,0.0,0.0,0.0,0.0,0.0,0.0,2014,,,,,,,,,,,,,
Leonardo Suárez,ARG,"FW,MF",17.0,2.0,0,58.0,0.6,0.0,1.0,1.0,0.0,0.0,0.0,0.0,0.0,0.0,1.55,1.55,0.0,1.55,2014,,,,,,,,,,,,,
Guillermo Burdisso,ARG,DF,25.0,1.0,0,44.0,0.5,0.0,0.0,0.0,0.0,0.0,0.0,0.0,0.0,0.0,0.0,0.0,0.0,0.0,2014,,,,,,,,,,,,,
Joel Acosta,ARG,"FW,MF",23.0,1.0,0,23.0,0.3,0.0,0.0,0.0,0.0,0.0,0.0,0.0,0.0,0.0,0.0,0.0,0.0,0.0,2014,,,,,,,,,,,,,
Cata Díaz,ARG,DF,35.0,31.0,31,2673.0,29.7,2.0,0.0,2.0,2.0,0.0,0.0,4.0,1.0,0.07,0.0,0.07,0.07,0.07,2015,,,,,,,,,,,,,
Agustín Orión,ARG,GK,33.0,28.0,28,2398.0,26.6,0.0,0.0,0.0,0.0,0.0,0.0,3.0,3.0,0.0,0.0,0.0,0.0,0.0,2015,,,,,,,,,,,,,
Jonathan Calleri,ARG,FW,21.0,30.0,23,2127.0,23.6,14.0,3.0,17.0,14.0,0.0,0.0,2.0,1.0,0.59,0.13,0.72,0.59,0.72,2015,,,,,,,,,,,,,
Nicolás Colazo,ARG,"DF,MF",24.0,28.0,23,2087.0,23.2,2.0,2.0,4.0,2.0,0.0,0.0,3.0,0.0,0.09,0.09,0.17,0.09,0.17,2015,,,,,,,,,,,,,
Marcelo Meli,ARG,MF,22.0,27.0,22,1986.0,22.1,4.0,0.0,4.0,4.0,0.0,0.0,5.0,0.0,0.18,0.0,0.18,0.18,0.18,2015,,,,,,,,,,,,,
Gino Peruzzi,ARG,DF,22.0,23.0,22,1929.0,21.4,1.0,0.0,1.0,1.0,0.0,0.0,3.0,1.0,0.05,0.0,0.05,0.05,0.05,2015,,,,,,,,,,,,,
Nicolás Lodeiro,URU,"FW,MF",25.0,26.0,21,1919.0,21.3,4.0,6.0,10.0,3.0,1.0,1.0,3.0,0.0,0.19,0.28,0.47,0.14,0.42,2015,,,,,,,,,,,,,
Cristian Erbes,ARG,MF,25.0,22.0,20,1832.0,20.4,1.0,1.0,2.0,1.0,0.0,0.0,7.0,1.0,0.05,0.05,0.1,0.05,0.1,2015,,,,,,,,,,,,,
Fabián Monzón,ARG,DF,27.0,20.0,19,1688.0,18.8,2.0,1.0,3.0,2.0,0.0,0.0,5.0,0.0,0.11,0.05,0.16,0.11,0.16,2015,,,,,,,,,,,,,
Fernando Gago,ARG,MF,28.0,20.0,18,1509.0,16.8,2.0,1.0,3.0,1.0,1.0,1.0,5.0,1.0,0.12,0.06,0.18,0.06,0.12,2015,,,,,,,,,,,,,
Pablo Pérez,ARG,MF,29.0,21.0,18,1439.0,16.0,2.0,2.0,4.0,2.0,0.0,0.0,14.0,2.0,0.13,0.13,0.25,0.13,0.25,2015,,,,,,,,,,,,,
Marco Torsiglieri,ARG,"DF,MF",27.0,16.0,15,1360.0,15.1,0.0,0.0,0.0,0.0,0.0,0.0,4.0,0.0,0.0,0.0,0.0,0.0,0.0,2015,,,,,,,,,,,,,
Sebastián Palacios,ARG,"FW,MF",23.0,19.0,14,1167.0,13.0,5.0,3.0,8.0,5.0,0.0,0.0,1.0,0.0,0.39,0.23,0.62,0.39,0.62,2015,,,,,,,,,,,,,
Carlos Tevez,ARG,"FW,MF",30.0,12.0,12,1071.0,11.9,5.0,2.0,7.0,4.0,1.0,2.0,4.0,0.0,0.42,0.17,0.59,0.34,0.5,2015,,,,,,,,,,,,,
Federico Carrizo,ARG,"FW,MF",23.0,16.0,13,1053.0,11.7,3.0,2.0,5.0,3.0,0.0,0.0,0.0,0.0,0.26,0.17,0.43,0.26,0.43,2015,,,,,,,,,,,,,
Dani Osvaldo,ITA,FW,29.0,15.0,12,1036.0,11.5,5.0,1.0,6.0,3.0,2.0,2.0,3.0,0.0,0.43,0.09,0.52,0.26,0.35,2015,,,,,,,,,,,,,
Guillermo Sara,ARG,GK,27.0,13.0,10,1019.0,11.3,0.0,0.0,0.0,0.0,0.0,0.0,2.0,0.0,0.0,0.0,0.0,0.0,0.0,2015,,,,,,,,,,,,,
Andrés Chávez,ARG,"FW,MF",23.0,19.0,10,979.0,10.9,5.0,2.0,7.0,4.0,1.0,1.0,3.0,0.0,0.46,0.18,0.64,0.37,0.55,2015,,,,,,,,,,,,,
Rodrigo Bentancur,URU,MF,17.0,18.0,9,923.0,10.3,0.0,0.0,0.0,0.0,0.0,0.0,2.0,0.0,0.0,0.0,0.0,0.0,0.0,2015,,,,,,,,,,,,,
Fernando Tobio,ARG,DF,25.0,12.0,9,889.0,9.9,0.0,0.0,0.0,0.0,0.0,0.0,3.0,0.0,0.0,0.0,0.0,0.0,0.0,2015,,,,,,,,,,,,,
Leandro Marín,ARG,DF,23.0,11.0,9,864.0,9.6,2.0,2.0,4.0,2.0,0.0,0.0,0.0,0.0,0.21,0.21,0.42,0.21,0.42,2015,,,,,,,,,,,,,
Andrés Cubas,PAR,MF,18.0,11.0,11,858.0,9.5,0.0,0.0,0.0,0.0,0.0,0.0,4.0,0.0,0.0,0.0,0.0,0.0,0.0,2015,,,,,,,,,,,,,
Alexis Rolín,URU,DF,25.0,10.0,9,787.0,8.7,0.0,0.0,0.0,0.0,0.0,0.0,4.0,0.0,0.0,0.0,0.0,0.0,0.0,2015,,,,,,,,,,,,,
Guillermo Burdisso,ARG,DF,26.0,10.0,8,755.0,8.4,1.0,0.0,1.0,1.0,0.0,0.0,3.0,0.0,0.12,0.0,0.12,0.12,0.12,2015,,,,,,,,,,,,,
Juan Manuel Martínez,ARG,"FW,MF",29.0,11.0,9,647.0,7.2,4.0,1.0,5.0,3.0,1.0,1.0,2.0,0.0,0.56,0.14,0.7,0.42,0.56,2015,,,,,,,,,,,,,
José Pedro Fuenzalida,CHI,"DF,FW",29.0,15.0,7,647.0,7.2,0.0,0.0,0.0,0.0,0.0,0.0,1.0,0.0,0.0,0.0,0.0,0.0,0.0,2015,,,,,,,,,,,,,
Franco Cristaldo,ARG,"FW,MF",18.0,11.0,5,462.0,5.1,1.0,0.0,1.0,1.0,0.0,0.0,0.0,0.0,0.19,0.0,0.19,0.19,0.19,2015,,,,,,,,,,,,,
Cristian Pavón,ARG,"FW,MF",19.0,8.0,4,392.0,4.4,1.0,0.0,1.0,1.0,0.0,0.0,1.0,0.0,0.23,0.0,0.23,0.23,0.23,2015,,,,,,,,,,,,,
Juan Cruz Komar,ARG,DF,18.0,4.0,3,346.0,3.8,1.0,0.0,1.0,1.0,0.0,0.0,0.0,0.0,0.26,0.0,0.26,0.26,0.26,2015,,,,,,,,,,,,,
Gonzalo Castellani,ARG,MF,27.0,4.0,1,183.0,2.0,0.0,2.0,2.0,0.0,0.0,0.0,3.0,0.0,0.0,0.98,0.98,0.0,0.98,2015,,,,,,,,,,,,,
Federico Bravo,ARG,"DF,MF",21.0,1.0,1,90.0,1.0,0.0,0.0,0.0,0.0,0.0,0.0,0.0,0.0,0.0,0.0,0.0,0.0,0.0,2015,,,,,,,,,,,,,
Lisandro Magallán,ARG,DF,21.0,1.0,1,90.0,1.0,0.0,0.0,0.0,0.0,0.0,0.0,0.0,0.0,0.0,0.0,0.0,0.0,0.0,2015,,,,,,,,,,,,,
Emmanuel Gigliotti,ARG,FW,27.0,1.0,1,60.0,0.7,0.0,0.0,0.0,0.0,0.0,0.0,0.0,0.0,0.0,0.0,0.0,0.0,0.0,2015,,,,,,,,,,,,,
Guido Vadalá,ARG,"FW,MF",17.0,2.0,0,24.0,0.3,0.0,1.0,1.0,0.0,0.0,0.0,0.0,0.0,0.0,3.75,3.75,0.0,3.75,2015,,,,,,,,,,,,,
Emanuel Trípodi,ARG,GK,34.0,0.0,0,,,,,,,,,,,,,,,,2015,,,,,,,,,,,,,
Tomas Pochettino,ARG,"FW,MF",18.0,0.0,0,,,,,,,,,,,,,,,,2015,,,,,,,,,,,,,
Cristian Pavón,ARG,FW,20.0,30.0,30,2571.0,28.6,9.0,9.0,18.0,9.0,0.0,0.0,2.0,0.0,0.32,0.32,0.63,0.32,0.63,2016,0.0,0.0,0.0,0.0,144.0,70.0,314.0,0.0,0.0,0.0,0.0,0.0,21.0
Pablo Pérez,ARG,MF,30.0,28.0,28,2297.0,25.5,0.0,3.0,3.0,0.0,0.0,0.0,10.0,0.0,0.0,0.12,0.12,0.0,0.12,2016,0.0,0.0,0.0,0.0,35.0,178.0,73.0,0.0,0.0,0.0,0.0,0.0,21.0
Gino Peruzzi,ARG,DF,24.0,26.0,25,2167.0,24.1,3.0,3.0,6.0,3.0,0.0,0.0,6.0,0.0,0.12,0.12,0.25,0.12,0.25,2016,0.0,0.0,0.0,0.0,36.0,84.0,104.0,0.0,0.0,0.0,0.0,0.0,21.0
Santiago Vergini,ARG,DF,27.0,28.0,24,2225.0,24.7,0.0,0.0,0.0,0.0,0.0,0.0,4.0,0.0,0.0,0.0,0.0,0.0,0.0,2016,0.0,0.0,0.0,0.0,10.0,53.0,2.0,0.0,0.0,0.0,0.0,0.0,21.0
Darío Benedetto,ARG,FW,26.0,25.0,24,1843.0,20.5,21.0,3.0,24.0,20.0,1.0,1.0,4.0,0.0,1.03,0.15,1.17,0.98,1.12,2016,0.0,0.0,0.0,0.0,16.0,42.0,112.0,0.0,0.0,0.0,0.0,0.0,21.0
Rodrigo Bentancur,URU,MF,19.0,22.0,20,1837.0,20.4,0.0,3.0,3.0,0.0,0.0,0.0,3.0,0.0,0.0,0.15,0.15,0.0,0.15,2016,0.0,0.0,0.0,0.0,54.0,113.0,31.0,0.0,0.0,0.0,0.0,0.0,21.0
Juan Manuel Insaurralde,ARG,DF,31.0,19.0,18,1663.0,18.5,1.0,0.0,1.0,1.0,0.0,0.0,4.0,0.0,0.05,0.0,0.05,0.05,0.05,2016,0.0,0.0,0.0,0.0,13.0,52.0,1.0,0.0,0.0,0.0,0.0,0.0,21.0
Frank Fabra,COL,DF,25.0,20.0,18,1614.0,17.9,1.0,3.0,4.0,1.0,0.0,0.0,4.0,0.0,0.06,0.17,0.22,0.06,0.22,2016,0.0,0.0,0.0,0.0,43.0,49.0,56.0,0.0,0.0,0.0,0.0,0.0,21.0
Ricardo Centurión,ARG,"FW,MF",23.0,22.0,17,1353.0,15.0,8.0,1.0,9.0,8.0,0.0,0.0,1.0,1.0,0.53,0.07,0.6,0.53,0.6,2016,0.0,0.0,0.0,0.0,67.0,64.0,110.0,0.0,0.0,0.0,0.0,0.0,21.0
Agustín Rossi,ARG,GK,20.0,16.0,16,1440.0,16.0,0.0,0.0,0.0,0.0,0.0,0.0,1.0,0.0,0.0,0.0,0.0,0.0,0.0,2016,0.0,0.0,0.0,0.0,0.0,0.0,0.0,0.0,0.0,0.0,0.0,0.0,21.0
Fernando Gago,ARG,MF,30.0,16.0,16,1432.0,15.9,2.0,2.0,4.0,1.0,1.0,1.0,4.0,0.0,0.13,0.13,0.25,0.06,0.19,2016,0.0,0.0,0.0,0.0,30.0,148.0,13.0,0.0,0.0,0.0,0.0,0.0,21.0
Fernando Tobio,ARG,DF,26.0,13.0,13,1137.0,12.6,0.0,0.0,0.0,0.0,0.0,0.0,2.0,0.0,0.0,0.0,0.0,0.0,0.0,2016,0.0,0.0,0.0,0.0,4.0,21.0,0.0,0.0,0.0,0.0,0.0,0.0,21.0
Jonathan Silva,ARG,DF,22.0,13.0,12,1091.0,12.1,1.0,3.0,4.0,1.0,0.0,0.0,1.0,0.0,0.08,0.25,0.33,0.08,0.33,2016,0.0,0.0,0.0,0.0,43.0,48.0,56.0,0.0,0.0,0.0,0.0,0.0,21.0
Guillermo Sara,ARG,GK,28.0,12.0,12,1080.0,12.0,0.0,0.0,0.0,0.0,0.0,0.0,1.0,0.0,0.0,0.0,0.0,0.0,0.0,2016,0.0,0.0,0.0,0.0,0.0,0.0,0.0,0.0,0.0,0.0,0.0,0.0,21.0
Wílmar Barrios,COL,MF,22.0,19.0,11,1079.0,12.0,0.0,3.0,3.0,0.0,0.0,0.0,4.0,0.0,0.0,0.25,0.25,0.0,0.25,2016,0.0,0.0,0.0,0.0,16.0,63.0,10.0,0.0,0.0,0.0,0.0,0.0,21.0
Carlos Tevez,ARG,"MF,FW",32.0,11.0,11,914.0,10.2,5.0,7.0,12.0,5.0,0.0,0.0,1.0,1.0,0.49,0.69,1.18,0.49,1.18,2016,0.0,0.0,0.0,0.0,55.0,71.0,91.0,0.0,0.0,0.0,0.0,0.0,21.0
Leonardo Jara,ARG,"DF,MF",25.0,16.0,7,664.0,7.4,0.0,0.0,0.0,0.0,0.0,0.0,2.0,0.0,0.0,0.0,0.0,0.0,0.0,2016,0.0,0.0,0.0,0.0,8.0,17.0,37.0,0.0,0.0,0.0,0.0,0.0,21.0
Walter Bou,ARG,FW,22.0,25.0,5,851.0,9.5,6.0,1.0,7.0,6.0,0.0,0.0,0.0,0.0,0.63,0.11,0.74,0.63,0.74,2016,0.0,0.0,0.0,0.0,19.0,30.0,57.0,0.0,0.0,0.0,0.0,0.0,21.0
Lisandro Magallán,ARG,DF,22.0,6.0,5,427.0,4.7,0.0,0.0,0.0,0.0,0.0,0.0,1.0,0.0,0.0,0.0,0.0,0.0,0.0,2016,0.0,0.0,0.0,0.0,1.0,7.0,1.0,0.0,0.0,0.0,0.0,0.0,21.0
Fernando Zuqui,ARG,FW,24.0,13.0,4,434.0,4.8,0.0,0.0,0.0,0.0,0.0,0.0,2.0,0.0,0.0,0.0,0.0,0.0,0.0,2016,0.0,0.0,0.0,0.0,16.0,15.0,41.0,0.0,0.0,0.0,0.0,0.0,21.0
Sebastián Pérez Cardona,COL,MF,23.0,12.0,4,426.0,4.7,0.0,0.0,0.0,0.0,0.0,0.0,2.0,1.0,0.0,0.0,0.0,0.0,0.0,2016,0.0,0.0,0.0,0.0,0.0,22.0,1.0,0.0,0.0,0.0,0.0,0.0,21.0
Oscar Benítez,ARG,FW,23.0,9.0,2,311.0,3.5,2.0,1.0,3.0,2.0,0.0,0.0,1.0,0.0,0.58,0.29,0.87,0.58,0.87,2016,0.0,0.0,0.0,0.0,10.0,1.0,20.0,0.0,0.0,0.0,0.0,0.0,21.0
Andrés Cubas,PAR,MF,20.0,3.0,2,204.0,2.3,0.0,0.0,0.0,0.0,0.0,0.0,0.0,0.0,0.0,0.0,0.0,0.0,0.0,2016,0.0,0.0,0.0,0.0,1.0,14.0,0.0,0.0,0.0,0.0,0.0,0.0,21.0
Axel Werner,ARG,GK,20.0,2.0,2,180.0,2.0,0.0,0.0,0.0,0.0,0.0,0.0,0.0,0.0,0.0,0.0,0.0,0.0,0.0,2016,0.0,0.0,0.0,0.0,0.0,0.0,0.0,0.0,0.0,0.0,0.0,0.0,21.0
Nazareno Solís,ARG,FW,22.0,4.0,1,109.0,1.2,0.0,2.0,2.0,0.0,0.0,0.0,0.0,0.0,0.0,1.65,1.65,0.0,1.65,2016,0.0,0.0,0.0,0.0,9.0,2.0,13.0,0.0,0.0,0.0,0.0,0.0,21.0
Gonzalo Maroni,ARG,"MF,FW",17.0,2.0,1,90.0,1.0,1.0,0.0,1.0,1.0,0.0,0.0,0.0,0.0,1.0,0.0,1.0,1.0,1.0,2016,0.0,0.0,0.0,0.0,5.0,2.0,3.0,0.0,0.0,0.0,0.0,0.0,21.0
Federico Carrizo,ARG,"FW,MF",25.0,2.0,1,68.0,0.8,0.0,0.0,0.0,0.0,0.0,0.0,0.0,0.0,0.0,0.0,0.0,0.0,0.0,2016,0.0,0.0,0.0,0.0,4.0,2.0,6.0,0.0,0.0,0.0,0.0,0.0,21.0
Gonzalo Castellani,ARG,FW,28.0,1.0,1,67.0,0.7,0.0,0.0,0.0,0.0,0.0,0.0,0.0,0.0,0.0,0.0,0.0,0.0,0.0,2016,0.0,0.0,0.0,0.0,1.0,2.0,2.0,0.0,0.0,0.0,0.0,0.0,21.0
Ramiro Martínez,ARG,GK,25.0,0.0,0,,,,,,,,,,,,,,,,2016,,,,,,,,,,,,,21.0
Agustín Rossi,ARG,GK,21,26.0,26,2340.0,26.0,0.0,0.0,0.0,0.0,0.0,0.0,0.0,0.0,0.0,0.0,0.0,0.0,0.0,2017,0.0,0.0,0.1,0.1,0.0,1.0,0.0,0.0,0.0,0.0,0.0,0.0,21.0
Cristian Pavón,ARG,FW,21,26.0,26,2270.0,25.2,6.0,11.0,17.0,6.0,0.0,0.0,3.0,0.0,0.24,0.44,0.67,0.24,0.67,2017,5.1,5.1,9.4,14.5,111.0,84.0,307.0,0.2,0.37,0.58,0.2,0.58,21.0
Lisandro Magallán,ARG,DF,23,25.0,25,2250.0,25.0,0.0,1.0,1.0,0.0,0.0,0.0,0.0,0.0,0.0,0.04,0.04,0.0,0.04,2017,2.0,2.0,0.2,2.2,2.0,61.0,1.0,0.08,0.01,0.09,0.08,0.09,21.0
Wílmar Barrios,COL,MF,23,23.0,23,1989.0,22.1,1.0,0.0,1.0,1.0,0.0,0.0,6.0,0.0,0.05,0.0,0.05,0.05,0.05,2017,0.2,0.2,0.3,0.5,14.0,100.0,4.0,0.01,0.01,0.02,0.01,0.02,21.0
Frank Fabra,COL,DF,26,22.0,22,1934.0,21.5,2.0,3.0,5.0,2.0,0.0,0.0,6.0,0.0,0.09,0.14,0.23,0.09,0.23,2017,1.3,1.3,3.6,4.9,45.0,61.0,64.0,0.06,0.17,0.23,0.06,0.23,21.0
Nahitan Nández,URU,MF,21,24.0,20,1887.0,21.0,4.0,0.0,4.0,4.0,0.0,0.0,5.0,0.0,0.19,0.0,0.19,0.19,0.19,2017,2.5,2.5,1.8,4.3,54.0,117.0,98.0,0.12,0.09,0.2,0.12,0.2,21.0
Leonardo Jara,ARG,DF,26,22.0,20,1717.0,19.1,1.0,3.0,4.0,1.0,0.0,0.0,2.0,0.0,0.05,0.16,0.21,0.05,0.21,2017,1.0,1.0,2.4,3.5,31.0,78.0,63.0,0.05,0.13,0.18,0.05,0.18,21.0
Paolo Goltz,ARG,DF,32,19.0,19,1579.0,17.5,0.0,0.0,0.0,0.0,0.0,0.0,2.0,1.0,0.0,0.0,0.0,0.0,0.0,2017,0.3,0.3,0.2,0.4,0.0,39.0,5.0,0.02,0.01,0.03,0.02,0.03,21.0
Edwin Cardona,COL,"FW,MF",24,20.0,19,1572.0,17.5,4.0,2.0,6.0,3.0,1.0,1.0,7.0,2.0,0.23,0.11,0.34,0.17,0.29,2017,6.2,5.4,2.6,8.0,67.0,104.0,115.0,0.35,0.15,0.5,0.31,0.46,21.0
Pablo Pérez,ARG,MF,31,19.0,18,1453.0,16.1,5.0,2.0,7.0,5.0,0.0,0.0,13.0,1.0,0.31,0.12,0.43,0.31,0.43,2017,2.6,2.6,2.2,4.8,19.0,133.0,54.0,0.16,0.14,0.3,0.16,0.3,21.0
Carlos Tevez,ARG,"MF,FW",33,10.0,10,812.0,9.0,3.0,2.0,5.0,3.0,0.0,1.0,0.0,0.0,0.33,0.22,0.55,0.33,0.55,2017,4.6,3.8,2.4,6.2,28.0,46.0,79.0,0.51,0.26,0.77,0.42,0.68,21.0
Darío Benedetto,ARG,FW,27,9.0,9,751.0,8.3,9.0,3.0,12.0,7.0,2.0,2.0,3.0,0.0,1.08,0.36,1.44,0.84,1.2,2017,7.2,5.6,1.4,7.1,11.0,22.0,41.0,0.86,0.17,1.04,0.67,0.85,21.0
Emanuel Reynoso,ARG,"MF,FW",21,11.0,8,717.0,8.0,0.0,3.0,3.0,0.0,0.0,0.0,1.0,0.0,0.0,0.38,0.38,0.0,0.38,2017,0.7,0.7,2.4,3.1,17.0,80.0,52.0,0.09,0.3,0.39,0.09,0.39,21.0
Santiago Vergini,ARG,DF,28,8.0,7,708.0,7.9,0.0,0.0,0.0,0.0,0.0,0.0,3.0,0.0,0.0,0.0,0.0,0.0,0.0,2017,0.3,0.3,0.0,0.4,7.0,23.0,0.0,0.04,0.01,0.05,0.04,0.05,21.0
Walter Bou,ARG,FW,23,16.0,6,575.0,6.4,3.0,1.0,4.0,3.0,0.0,0.0,0.0,0.0,0.47,0.16,0.63,0.47,0.63,2017,3.2,3.2,1.1,4.2,5.0,12.0,40.0,0.49,0.17,0.66,0.49,0.66,21.0
Fernando Gago,ARG,MF,31,6.0,6,518.0,5.8,0.0,0.0,0.0,0.0,0.0,0.0,0.0,0.0,0.0,0.0,0.0,0.0,0.0,2017,0.2,0.2,1.3,1.5,9.0,62.0,12.0,0.04,0.23,0.27,0.04,0.27,21.0
Ramón Ábila,ARG,FW,27,11.0,5,542.0,6.0,6.0,3.0,9.0,6.0,0.0,0.0,1.0,0.0,1.0,0.5,1.49,1.0,1.49,2017,5.8,5.8,1.8,7.6,8.0,6.0,42.0,0.96,0.31,1.26,0.96,1.26,21.0
Emmanuel Más,ARG,DF,28,6.0,5,486.0,5.4,1.0,0.0,1.0,1.0,0.0,0.0,1.0,0.0,0.19,0.0,0.19,0.19,0.19,2017,0.8,0.8,0.2,1.0,8.0,25.0,25.0,0.15,0.03,0.18,0.15,0.18,21.0
Julio Buffarini,ARG,"DF,MF",28,12.0,4,453.0,5.0,0.0,0.0,0.0,0.0,0.0,0.0,4.0,0.0,0.0,0.0,0.0,0.0,0.0,2017,0.1,0.1,0.1,0.2,12.0,20.0,34.0,0.02,0.02,0.04,0.02,0.04,21.0
Gino Peruzzi,ARG,DF,25,6.0,3,315.0,3.5,0.0,0.0,0.0,0.0,0.0,0.0,2.0,0.0,0.0,0.0,0.0,0.0,0.0,2017,0.0,0.0,0.1,0.1,6.0,15.0,14.0,0.0,0.01,0.01,0.0,0.01,21.0
Cristian Espinoza,ARG,FW,22,11.0,3,280.0,3.1,0.0,1.0,1.0,0.0,0.0,0.0,1.0,0.0,0.0,0.32,0.32,0.0,0.32,2017,0.5,0.5,1.7,2.2,19.0,4.0,30.0,0.16,0.54,0.69,0.16,0.69,21.0
Sebastián Pérez Cardona,COL,MF,24,3.0,3,227.0,2.5,0.0,0.0,0.0,0.0,0.0,0.0,2.0,0.0,0.0,0.0,0.0,0.0,0.0,2017,0.0,0.0,0.0,0.0,0.0,6.0,0.0,0.0,0.0,0.0,0.0,0.0,21.0
Oscar Benítez,ARG,FW,24,14.0,2,276.0,3.1,1.0,0.0,1.0,1.0,0.0,0.0,2.0,0.0,0.33,0.0,0.33,0.33,0.33,2017,0.6,0.6,0.0,0.6,6.0,6.0,21.0,0.19,0.0,0.19,0.19,0.19,21.0
Agustín Heredia,ARG,DF,20,2.0,2,180.0,2.0,0.0,0.0,0.0,0.0,0.0,0.0,2.0,0.0,0.0,0.0,0.0,0.0,0.0,2017,0.0,0.0,0.0,0.0,0.0,3.0,0.0,0.0,0.0,0.0,0.0,0.0,21.0
Guido Vadalá,ARG,FW,20,4.0,2,179.0,2.0,1.0,0.0,1.0,1.0,0.0,0.0,1.0,0.0,0.5,0.0,0.5,0.5,0.5,2017,1.1,1.1,0.2,1.3,2.0,6.0,11.0,0.57,0.08,0.65,0.57,0.65,21.0
Agustín Almendra,ARG,MF,17,3.0,1,99.0,1.1,0.0,0.0,0.0,0.0,0.0,0.0,1.0,0.0,0.0,0.0,0.0,0.0,0.0,2017,0.0,0.0,0.0,0.1,2.0,7.0,3.0,0.03,0.04,0.07,0.03,0.07,21.0
Julián Chicco,ARG,MF,19,2.0,1,93.0,1.0,0.0,0.0,0.0,0.0,0.0,0.0,1.0,0.0,0.0,0.0,0.0,0.0,0.0,2017,0.0,0.0,0.0,0.1,0.0,8.0,1.0,0.03,0.04,0.07,0.03,0.07,21.0
Gonzalo Goñi,ARG,DF,18,1.0,1,90.0,1.0,0.0,0.0,0.0,0.0,0.0,0.0,0.0,0.0,0.0,0.0,0.0,0.0,0.0,2017,0.0,0.0,0.0,0.0,0.0,1.0,1.0,0.0,0.0,0.0,0.0,0.0,21.0
Guillermo Sara,ARG,GK,29,1.0,1,90.0,1.0,0.0,0.0,0.0,0.0,0.0,0.0,0.0,0.0,0.0,0.0,0.0,0.0,0.0,2017,0.0,0.0,0.0,0.0,0.0,0.0,0.0,0.0,0.0,0.0,0.0,0.0,21.0
Gonzalo Maroni,ARG,MF,18,6.0,0,115.0,1.3,0.0,0.0,0.0,0.0,0.0,0.0,0.0,0.0,0.0,0.0,0.0,0.0,0.0,2017,0.1,0.1,0.1,0.1,12.0,14.0,7.0,0.05,0.05,0.1,0.05,0.1,21.0
Agustín Bouzat,ARG,FW,23,3.0,0,49.0,0.5,0.0,1.0,1.0,0.0,0.0,0.0,0.0,0.0,0.0,1.84,1.84,0.0,1.84,2017,0.2,0.2,0.1,0.2,2.0,2.0,9.0,0.28,0.16,0.44,0.28,0.44,21.0
Gonzalo Lamardo,ARG,MF,20,1.0,0,23.0,0.3,0.0,0.0,0.0,0.0,0.0,0.0,0.0,0.0,0.0,0.0,0.0,0.0,0.0,2017,0.0,0.0,0.0,0.1,0.0,1.0,1.0,0.09,0.11,0.2,0.09,0.2,21.0
Fernando Evangelista,ARG,FW,25,1.0,0,1.0,0.0,0.0,0.0,0.0,0.0,0.0,0.0,1.0,0.0,0.0,0.0,0.0,0.0,0.0,2017,0.0,0.0,0.0,0.0,0.0,0.0,0.0,0.0,0.0,0.0,0.0,0.0,21.0
Juan Manuel Insaurralde,ARG,DF,32,1.0,0,1.0,0.0,0.0,0.0,0.0,0.0,0.0,0.0,0.0,0.0,0.0,0.0,0.0,0.0,0.0,2017,0.0,0.0,0.0,0.0,0.0,0.0,0.0,0.0,0.0,0.0,0.0,0.0,21.0
Javier Bustillos,ARG,GK,20,0.0,0,,,,,,,,,,,,,,,,2017,,,,,,,,,,,,,21.0
Nahuel Molina,ARG,"DF,MF",19,0.0,0,,,,,,,,,,,,,,,,2017,,,,,,,,,,,,,21.0
Mateo Retegui,ITA,FW,18,0.0,0,,,,,,,,,,,,,,,,2017,,,,,,,,,,,,,21.0
Esteban Andrada,ARG,GK,27,18.0,18,1620.0,18.0,0.0,0.0,0.0,0.0,0.0,0.0,0.0,0.0,0.0,0.0,0.0,0.0,0.0,2018,0.0,0.0,0.4,0.4,0.0,0.0,0.0,0.0,0.02,0.02,0.0,0.02,21.0
Emmanuel Más,ARG,DF,29,19.0,17,1576.0,17.5,2.0,1.0,3.0,2.0,0.0,0.0,4.0,0.0,0.11,0.06,0.17,0.11,0.17,2018,1.4,1.4,1.0,2.4,23.0,50.0,61.0,0.08,0.05,0.14,0.08,0.14,21.0
Julio Buffarini,ARG,DF,29,17.0,17,1530.0,17.0,1.0,1.0,2.0,1.0,0.0,0.0,5.0,0.0,0.06,0.06,0.12,0.06,0.12,2018,0.6,0.6,2.1,2.7,33.0,57.0,86.0,0.04,0.12,0.16,0.04,0.16,21.0
Mauro Zárate,ARG,"FW,MF",31,23.0,17,1496.0,16.6,6.0,7.0,13.0,5.0,1.0,1.0,3.0,0.0,0.36,0.42,0.78,0.3,0.72,2018,4.9,4.1,3.2,7.3,63.0,55.0,128.0,0.29,0.19,0.49,0.24,0.44,21.0
Carlos Izquierdoz,ARG,DF,29,18.0,17,1436.0,16.0,1.0,0.0,1.0,1.0,0.0,0.0,2.0,0.0,0.06,0.0,0.06,0.06,0.06,2018,1.1,1.1,0.0,1.1,5.0,28.0,0.0,0.07,0.0,0.07,0.07,0.07,21.0
Cristian Pavón,ARG,"FW,MF",22,15.0,13,1149.0,12.8,4.0,3.0,7.0,4.0,0.0,0.0,0.0,0.0,0.31,0.23,0.55,0.31,0.55,2018,4.3,4.3,3.1,7.4,52.0,48.0,122.0,0.33,0.24,0.58,0.33,0.58,21.0
Carlos Tevez,ARG,"MF,FW",34,21.0,13,1111.0,12.3,5.0,1.0,6.0,5.0,0.0,1.0,2.0,0.0,0.41,0.08,0.49,0.41,0.49,2018,6.5,5.7,2.1,7.8,36.0,87.0,95.0,0.52,0.17,0.69,0.46,0.63,21.0
Agustín Almendra,ARG,MF,18,15.0,12,1072.0,11.9,1.0,1.0,2.0,1.0,0.0,0.0,2.0,0.0,0.08,0.08,0.17,0.08,0.17,2018,1.0,1.0,0.8,1.8,18.0,68.0,13.0,0.09,0.07,0.16,0.09,0.16,21.0
Iván Marcone,ARG,MF,28,11.0,11,990.0,11.0,0.0,0.0,0.0,0.0,0.0,0.0,5.0,0.0,0.0,0.0,0.0,0.0,0.0,2018,0.0,0.0,0.1,0.1,4.0,56.0,2.0,0.0,0.01,0.01,0.0,0.01,21.0
Nahitan Nández,URU,MF,22,12.0,10,910.0,10.1,2.0,1.0,3.0,2.0,0.0,0.0,7.0,0.0,0.2,0.1,0.3,0.2,0.3,2018,1.5,1.5,1.1,2.6,19.0,59.0,35.0,0.14,0.11,0.25,0.14,0.25,21.0
Sebastián Villa,COL,"FW,MF",22,17.0,10,894.0,9.9,3.0,2.0,5.0,3.0,0.0,0.0,2.0,0.0,0.3,0.2,0.5,0.3,0.5,2018,1.7,1.7,2.8,4.5,55.0,25.0,102.0,0.17,0.28,0.46,0.17,0.46,21.0
Darío Benedetto,ARG,FW,28,15.0,10,868.0,9.6,2.0,1.0,3.0,1.0,1.0,1.0,4.0,0.0,0.21,0.1,0.31,0.1,0.21,2018,3.1,2.3,2.3,4.6,6.0,20.0,60.0,0.32,0.24,0.56,0.24,0.47,21.0
Paolo Goltz,ARG,DF,33,10.0,9,895.0,9.9,0.0,1.0,1.0,0.0,0.0,0.0,4.0,0.0,0.0,0.1,0.1,0.0,0.1,2018,0.1,0.1,0.1,0.1,1.0,26.0,2.0,0.01,0.01,0.01,0.01,0.01,21.0
Ramón Ábila,ARG,FW,28,16.0,8,804.0,8.9,6.0,5.0,11.0,6.0,0.0,0.0,2.0,0.0,0.67,0.56,1.23,0.67,1.23,2018,6.5,6.5,1.0,7.5,13.0,13.0,47.0,0.73,0.11,0.84,0.73,0.84,21.0
Fernando Gago,ARG,MF,32,8.0,8,720.0,8.0,0.0,0.0,0.0,0.0,0.0,0.0,3.0,0.0,0.0,0.0,0.0,0.0,0.0,2018,0.2,0.2,0.5,0.8,12.0,68.0,15.0,0.03,0.07,0.1,0.03,0.1,21.0
Lisandro López,ARG,DF,28,8.0,8,720.0,8.0,2.0,0.0,2.0,2.0,0.0,0.0,1.0,0.0,0.25,0.0,0.25,0.25,0.25,2018,0.4,0.4,0.2,0.7,3.0,21.0,0.0,0.06,0.03,0.09,0.06,0.09,21.0
Jorman Campuzano,COL,MF,22,10.0,8,712.0,7.9,0.0,1.0,1.0,0.0,0.0,0.0,2.0,0.0,0.0,0.13,0.13,0.0,0.13,2018,0.0,0.0,0.1,0.1,10.0,22.0,4.0,0.0,0.01,0.01,0.0,0.01,21.0
Edwin Cardona,COL,"FW,MF",25,11.0,7,677.0,7.5,3.0,1.0,4.0,2.0,1.0,1.0,3.0,0.0,0.4,0.13,0.53,0.27,0.4,2018,1.6,0.8,2.2,3.0,28.0,41.0,52.0,0.21,0.3,0.51,0.1,0.4,21.0
Lisandro Magallán,ARG,DF,24,8.0,7,637.0,7.1,1.0,0.0,1.0,1.0,0.0,0.0,4.0,1.0,0.14,0.0,0.14,0.14,0.14,2018,0.9,0.9,0.1,1.1,2.0,10.0,0.0,0.13,0.02,0.15,0.13,0.15,21.0
Emanuel Reynoso,ARG,"MF,FW",22,16.0,7,632.0,7.0,1.0,2.0,3.0,1.0,0.0,0.0,1.0,0.0,0.14,0.28,0.43,0.14,0.43,2018,0.3,0.3,2.8,3.1,27.0,53.0,37.0,0.04,0.39,0.43,0.04,0.43,21.0
Júnior Alonso,PAR,DF,25,7.0,7,630.0,7.0,0.0,0.0,0.0,0.0,0.0,0.0,1.0,0.0,0.0,0.0,0.0,0.0,0.0,2018,0.1,0.1,0.3,0.5,7.0,26.0,5.0,0.02,0.05,0.07,0.02,0.07,21.0
Agustín Rossi,ARG,GK,22,6.0,6,540.0,6.0,0.0,0.0,0.0,0.0,0.0,0.0,0.0,0.0,0.0,0.0,0.0,0.0,0.0,2018,0.0,0.0,0.0,0.0,0.0,0.0,0.0,0.0,0.01,0.01,0.0,0.01,21.0
Wílmar Barrios,COL,MF,24,6.0,6,509.0,5.7,0.0,0.0,0.0,0.0,0.0,0.0,3.0,0.0,0.0,0.0,0.0,0.0,0.0,2018,0.0,0.0,0.0,0.1,8.0,23.0,3.0,0.0,0.01,0.01,0.0,0.01,21.0
Leonardo Balerdi,ARG,DF,19,5.0,5,450.0,5.0,0.0,0.0,0.0,0.0,0.0,0.0,2.0,0.0,0.0,0.0,0.0,0.0,0.0,2018,0.1,0.1,0.0,0.1,0.0,5.0,0.0,0.02,0.0,0.02,0.02,0.02,21.0
Lucas Olaza,URU,DF,24,4.0,4,315.0,3.5,0.0,0.0,0.0,0.0,0.0,0.0,0.0,0.0,0.0,0.0,0.0,0.0,0.0,2018,0.0,0.0,0.1,0.1,2.0,6.0,7.0,0.0,0.02,0.02,0.0,0.02,21.0
Leonardo Jara,ARG,DF,27,4.0,4,310.0,3.4,0.0,0.0,0.0,0.0,0.0,0.0,0.0,0.0,0.0,0.0,0.0,0.0,0.0,2018,0.1,0.1,0.4,0.5,2.0,18.0,7.0,0.04,0.12,0.16,0.03,0.15,21.0
Pablo Pérez,ARG,MF,32,6.0,3,332.0,3.7,0.0,0.0,0.0,0.0,0.0,0.0,5.0,0.0,0.0,0.0,0.0,0.0,0.0,2018,0.7,0.7,0.8,1.5,1.0,25.0,5.0,0.2,0.22,0.42,0.2,0.42,21.0
Cristian Espinoza,ARG,FW,23,4.0,3,298.0,3.3,2.0,1.0,3.0,2.0,0.0,0.0,0.0,0.0,0.6,0.3,0.91,0.6,0.91,2018,1.1,1.1,0.6,1.6,9.0,5.0,36.0,0.32,0.17,0.49,0.32,0.49,21.0
Gino Peruzzi,ARG,DF,26,3.0,3,270.0,3.0,0.0,0.0,0.0,0.0,0.0,0.0,1.0,0.0,0.0,0.0,0.0,0.0,0.0,2018,0.0,0.0,0.3,0.3,7.0,8.0,10.0,0.0,0.11,0.11,0.0,0.11,21.0
Julián Chicco,ARG,MF,20,5.0,3,227.0,2.5,0.0,0.0,0.0,0.0,0.0,0.0,2.0,0.0,0.0,0.0,0.0,0.0,0.0,2018,0.0,0.0,0.1,0.1,0.0,15.0,2.0,0.01,0.02,0.03,0.01,0.03,21.0
Kevin Mac Allister,ARG,DF,20,2.0,1,111.0,1.2,0.0,0.0,0.0,0.0,0.0,0.0,1.0,0.0,0.0,0.0,0.0,0.0,0.0,2018,0.0,0.0,0.0,0.0,1.0,6.0,1.0,0.0,0.02,0.02,0.0,0.02,21.0
Marcos Guillermo Díaz,ARG,GK,32,1.0,1,90.0,1.0,0.0,0.0,0.0,0.0,0.0,0.0,0.0,0.0,0.0,0.0,0.0,0.0,0.0,2018,0.0,0.0,0.0,0.0,0.0,0.0,0.0,0.0,0.0,0.0,0.0,0.0,21.0
Frank Fabra,COL,DF,27,1.0,1,89.0,1.0,0.0,0.0,0.0,0.0,0.0,0.0,0.0,0.0,0.0,0.0,0.0,0.0,0.0,2018,0.0,0.0,0.1,0.1,5.0,3.0,4.0,0.0,0.05,0.05,0.0,0.05,21.0
Agustín Obando,ARG,MF,18,1.0,1,75.0,0.8,0.0,0.0,0.0,0.0,0.0,0.0,1.0,0.0,0.0,0.0,0.0,0.0,0.0,2018,0.1,0.1,0.0,0.1,2.0,3.0,3.0,0.06,0.0,0.06,0.06,0.06,21.0
Nicolás Capaldo,ARG,MF,20,1.0,0,9.0,0.1,0.0,0.0,0.0,0.0,0.0,0.0,1.0,0.0,0.0,0.0,0.0,0.0,0.0,2018,0.0,0.0,0.0,0.0,0.0,0.0,0.0,0.0,0.0,0.0,0.0,0.0,21.0
Brandon Cortés,CHI,MF,17,1.0,0,8.0,0.1,0.0,0.0,0.0,0.0,0.0,0.0,0.0,0.0,0.0,0.0,0.0,0.0,0.0,2018,0.0,0.0,0.0,0.0,0.0,0.0,1.0,0.0,0.31,0.31,0.0,0.31,21.0
Mateo Retegui,ITA,FW,19,1.0,0,8.0,0.1,0.0,0.0,0.0,0.0,0.0,0.0,1.0,0.0,0.0,0.0,0.0,0.0,0.0,2018,0.0,0.0,0.0,0.0,0.0,0.0,0.0,0.0,0.0,0.0,0.0,0.0,21.0
Javier Bustillos,ARG,GK,21,0.0,0,,,,,,,,,,,,,,,,2018,,,,,,,,,,,,,21.0
Agustín Heredia,ARG,DF,21,0.0,0,,,,,,,,,,,,,,,,2018,,,,,,,,,,,,,21.0
Gonzalo Lamardo,ARG,MF,21,0.0,0,,,,,,,,,,,,,,,,2018,,,,,,,,,,,,,21.0
Marcelo Weigandt,ARG,DF,18,0.0,0,,,,,,,,,,,,,,,,2018,,,,,,,,,,,,,21.0
Esteban Andrada,ARG,GK,28,20.0,20,1800.0,20.0,0.0,0.0,0.0,0.0,0.0,0.0,2.0,0.0,0.0,0.0,0.0,0.0,0.0,2019,0.0,0.0,0.0,0.0,0.0,0.0,0.0,0.0,0.0,0.0,0.0,0.0,21.0
Julio Buffarini,ARG,DF,30,20.0,20,1771.0,19.7,0.0,0.0,0.0,0.0,0.0,0.0,4.0,1.0,0.0,0.0,0.0,0.0,0.0,2019,0.2,0.2,0.9,1.1,25.0,78.0,80.0,0.01,0.05,0.06,0.01,0.06,21.0
Frank Fabra,COL,DF,28,18.0,18,1582.0,17.6,2.0,2.0,4.0,2.0,0.0,0.0,7.0,1.0,0.11,0.11,0.23,0.11,0.23,2019,0.9,0.9,1.6,2.5,41.0,50.0,48.0,0.05,0.09,0.14,0.05,0.14,21.0
Carlos Izquierdoz,ARG,DF,30,17.0,17,1450.0,16.1,1.0,0.0,1.0,1.0,0.0,0.0,9.0,2.0,0.06,0.0,0.06,0.06,0.06,2019,0.7,0.7,0.2,0.8,3.0,34.0,2.0,0.04,0.01,0.05,0.04,0.05,21.0
Sebastián Villa,COL,"MF,FW",23,17.0,13,1151.0,12.8,2.0,3.0,5.0,2.0,0.0,0.0,1.0,1.0,0.16,0.23,0.39,0.16,0.39,2019,3.0,3.0,3.8,6.8,87.0,32.0,121.0,0.24,0.3,0.53,0.24,0.53,21.0
Lisandro López,ARG,DF,29,14.0,13,1111.0,12.3,1.0,1.0,2.0,1.0,0.0,0.0,3.0,0.0,0.08,0.08,0.16,0.08,0.16,2019,0.9,0.9,0.7,1.6,9.0,48.0,2.0,0.07,0.06,0.13,0.07,0.13,21.0
Iván Marcone,ARG,MF,29,14.0,12,1121.0,12.5,0.0,0.0,0.0,0.0,0.0,0.0,8.0,0.0,0.0,0.0,0.0,0.0,0.0,2019,0.0,0.0,0.3,0.3,2.0,40.0,5.0,0.0,0.02,0.02,0.0,0.02,21.0
Eduardo Salvio,ARG,"MF,FW",29,17.0,12,1112.0,12.4,6.0,3.0,9.0,6.0,0.0,0.0,1.0,0.0,0.49,0.24,0.73,0.49,0.73,2019,4.3,4.2,2.1,6.3,66.0,40.0,117.0,0.35,0.17,0.51,0.34,0.51,21.0
Franco Soldano,ARG,FW,24,13.0,12,1016.0,11.3,2.0,2.0,4.0,2.0,0.0,1.0,1.0,0.0,0.18,0.18,0.35,0.18,0.35,2019,2.8,2.0,1.1,3.2,6.0,29.0,46.0,0.25,0.1,0.35,0.18,0.28,21.0
Júnior Alonso,PAR,DF,26,14.0,11,1152.0,12.8,0.0,1.0,1.0,0.0,0.0,0.0,2.0,0.0,0.0,0.08,0.08,0.0,0.08,2019,0.3,0.3,0.9,1.2,5.0,49.0,2.0,0.02,0.07,0.1,0.02,0.1,21.0
Carlos Tevez,ARG,"FW,MF",35,17.0,11,1054.0,11.7,9.0,2.0,11.0,9.0,0.0,1.0,2.0,0.0,0.77,0.17,0.94,0.77,0.94,2019,5.7,4.9,2.4,7.2,43.0,84.0,101.0,0.48,0.2,0.69,0.42,0.62,21.0
Jorman Campuzano,COL,MF,23,13.0,11,943.0,10.5,0.0,0.0,0.0,0.0,0.0,0.0,4.0,0.0,0.0,0.0,0.0,0.0,0.0,2019,0.1,0.1,0.7,0.8,16.0,53.0,5.0,0.01,0.07,0.08,0.01,0.08,21.0
Emanuel Reynoso,ARG,"MF,FW",23,18.0,9,897.0,10.0,1.0,3.0,4.0,1.0,0.0,0.0,4.0,0.0,0.1,0.3,0.4,0.1,0.4,2019,1.7,1.7,4.3,6.1,45.0,86.0,35.0,0.17,0.44,0.61,0.17,0.61,21.0
Nicolás Capaldo,ARG,MF,21,13.0,9,875.0,9.7,0.0,1.0,1.0,0.0,0.0,0.0,5.0,1.0,0.0,0.1,0.1,0.0,0.1,2019,1.1,1.1,1.6,2.6,7.0,24.0,28.0,0.11,0.16,0.27,0.11,0.27,21.0
Alexis Mac Allister,ARG,MF,20,13.0,9,708.0,7.9,1.0,1.0,2.0,1.0,0.0,0.0,1.0,0.0,0.13,0.13,0.25,0.13,0.25,2019,2.2,2.2,1.2,3.3,15.0,33.0,38.0,0.28,0.15,0.42,0.28,0.42,21.0
Guillermo Matías Fernández,ARG,MF,27,7.0,7,586.0,6.5,1.0,1.0,2.0,1.0,0.0,0.0,2.0,0.0,0.15,0.15,0.31,0.15,0.31,2019,0.2,0.2,0.3,0.5,6.0,37.0,8.0,0.03,0.05,0.08,0.03,0.08,21.0
Agustín Obando,ARG,"MF,FW",19,11.0,7,528.0,5.9,0.0,0.0,0.0,0.0,0.0,0.0,0.0,0.0,0.0,0.0,0.0,0.0,0.0,2019,0.9,0.9,0.8,1.7,11.0,10.0,32.0,0.16,0.13,0.29,0.16,0.29,21.0
Jan Carlos Hurtado,VEN,FW,19,14.0,6,640.0,7.1,1.0,1.0,2.0,1.0,0.0,0.0,4.0,0.0,0.14,0.14,0.28,0.14,0.28,2019,2.8,2.8,1.0,3.7,16.0,6.0,38.0,0.39,0.13,0.52,0.39,0.52,21.0
Agustín Almendra,ARG,MF,19,6.0,6,435.0,4.8,1.0,0.0,1.0,1.0,0.0,0.0,2.0,1.0,0.21,0.0,0.21,0.21,0.21,2019,1.1,1.1,0.1,1.3,5.0,21.0,1.0,0.24,0.03,0.27,0.24,0.27,21.0
Mauro Zárate,ARG,"FW,MF",32,12.0,5,485.0,5.4,2.0,2.0,4.0,2.0,0.0,0.0,1.0,0.0,0.37,0.37,0.74,0.37,0.74,2019,2.6,2.6,0.6,3.2,19.0,10.0,34.0,0.48,0.12,0.6,0.48,0.6,21.0
Ramón Ábila,ARG,FW,29,12.0,5,466.0,5.2,5.0,1.0,6.0,4.0,1.0,1.0,3.0,0.0,0.97,0.19,1.16,0.77,0.97,2019,4.6,3.8,1.3,5.1,9.0,5.0,45.0,0.89,0.25,1.14,0.74,0.99,21.0
Emmanuel Más,ARG,DF,30,5.0,5,442.0,4.9,0.0,0.0,0.0,0.0,0.0,0.0,1.0,0.0,0.0,0.0,0.0,0.0,0.0,2019,0.4,0.4,0.0,0.4,6.0,4.0,15.0,0.09,0.0,0.09,0.09,0.09,21.0
Paolo Goltz,ARG,DF,34,4.0,4,360.0,4.0,0.0,0.0,0.0,0.0,0.0,0.0,1.0,0.0,0.0,0.0,0.0,0.0,0.0,2019,0.3,0.3,0.0,0.3,0.0,16.0,0.0,0.09,0.0,0.09,0.09,0.09,21.0
Daniele De Rossi,ITA,MF,36,5.0,4,344.0,3.8,0.0,0.0,0.0,0.0,0.0,0.0,1.0,0.0,0.0,0.0,0.0,0.0,0.0,2019,0.0,0.0,0.1,0.1,0.0,20.0,2.0,0.0,0.04,0.04,0.0,0.04,21.0
Marcos Guillermo Díaz,ARG,GK,33,3.0,3,270.0,3.0,0.0,0.0,0.0,0.0,0.0,0.0,0.0,0.0,0.0,0.0,0.0,0.0,0.0,2019,0.0,0.0,0.0,0.0,0.0,0.0,0.0,0.0,0.0,0.0,0.0,0.0,21.0
Marcelo Weigandt,ARG,DF,19,3.0,3,270.0,3.0,0.0,0.0,0.0,0.0,0.0,0.0,1.0,0.0,0.0,0.0,0.0,0.0,0.0,2019,0.2,0.2,0.1,0.3,7.0,8.0,12.0,0.06,0.02,0.09,0.06,0.09,21.0
Carlos Zambrano,PER,DF,30,1.0,1,67.0,0.7,0.0,0.0,0.0,0.0,0.0,0.0,0.0,0.0,0.0,0.0,0.0,0.0,0.0,2019,0.0,0.0,0.0,0.1,0.0,3.0,0.0,0.05,0.04,0.09,0.05,0.09,21.0
Gastón Ávila,ARG,DF,17,1.0,0,8.0,0.1,0.0,0.0,0.0,0.0,0.0,0.0,0.0,0.0,0.0,0.0,0.0,0.0,0.0,2019,0.0,0.0,0.0,0.0,0.0,0.0,0.0,0.0,0.0,0.0,0.0,0.0,21.0
Adrián Guillermo Sánchez,ARG,MF,20,0.0,0,,,,,,,,,,,,,,,,2019,,,,,,,,,,,,,21.0
Leonardo Jara,ARG,"DF,MF",28,0.0,0,,,,,,,,,,,,,,,,2019,,,,,,,,,,,,,21.0
Manuel Roffo,ARG,GK,19,0.0,0,,,,,,,,,,,,,,,,2019,,,,,,,,,,,,,21.0
Carlos Izquierdoz,ARG,DF,31,19.0,19,1769.0,19.7,0.0,0.0,0.0,0.0,0.0,0.0,2.0,1.0,0.0,0.0,0.0,0.0,0.0,2020,0.6,0.6,0.1,0.7,0.0,26.0,0.0,0.05,0.01,0.06,0.05,0.06,
Esteban Andrada,ARG,GK,29,18.0,18,1680.0,18.7,0.0,0.0,0.0,0.0,0.0,0.0,0.0,0.0,0.0,0.0,0.0,0.0,0.0,2020,0.0,0.0,0.0,0.0,0.0,1.0,0.0,0.0,0.0,0.0,0.0,0.0,
Nicolás Capaldo,ARG,MF,22,23.0,14,1556.0,17.3,0.0,1.0,1.0,0.0,0.0,0.0,3.0,0.0,0.0,0.06,0.06,0.0,0.06,2020,0.8,0.8,0.1,0.9,9.0,34.0,24.0,0.11,0.01,0.12,0.11,0.12,
Sebastián Villa,COL,"MF,FW",23,18.0,15,1362.0,15.1,2.0,4.0,6.0,1.0,1.0,1.0,6.0,0.0,0.13,0.26,0.4,0.07,0.33,2020,2.4,1.6,1.7,3.3,39.0,24.0,90.0,0.33,0.22,0.55,0.22,0.45,
Jorman Campuzano,COL,MF,23,16.0,16,1336.0,14.8,0.0,0.0,0.0,0.0,0.0,0.0,6.0,1.0,0.0,0.0,0.0,0.0,0.0,2020,0.0,0.0,0.2,0.2,13.0,46.0,4.0,0.0,0.02,0.02,0.0,0.02,
Julio Buffarini,ARG,DF,31,20.0,13,1294.0,14.4,0.0,0.0,0.0,0.0,0.0,0.0,5.0,0.0,0.0,0.0,0.0,0.0,0.0,2020,0.2,0.2,0.1,0.3,14.0,6.0,25.0,0.04,0.02,0.06,0.04,0.06,
Carlos Tevez,ARG,FW,35,17.0,14,1284.0,14.3,5.0,1.0,6.0,5.0,0.0,0.0,4.0,0.0,0.35,0.07,0.42,0.35,0.42,2020,3.9,3.9,2.6,6.5,26.0,73.0,93.0,0.39,0.26,0.64,0.39,0.64,
Leonardo Jara,ARG,DF,28,20.0,14,1268.0,14.1,0.0,0.0,0.0,0.0,0.0,0.0,3.0,0.0,0.0,0.0,0.0,0.0,0.0,2020,0.2,0.2,0.4,0.6,5.0,20.0,32.0,0.03,0.06,0.08,0.03,0.08,
Eduardo Salvio,ARG,MF,29,17.0,14,1237.0,13.7,6.0,1.0,7.0,6.0,0.0,0.0,3.0,0.0,0.44,0.07,0.51,0.44,0.51,2020,3.5,3.5,1.0,4.5,41.0,23.0,84.0,0.36,0.1,0.46,0.36,0.46,
Carlos Zambrano,PER,DF,30,13.0,13,1175.0,13.1,0.0,0.0,0.0,0.0,0.0,0.0,3.0,0.0,0.0,0.0,0.0,0.0,0.0,2020,0.4,0.4,0.0,0.4,0.0,12.0,0.0,0.14,0.0,0.14,0.14,0.14,
Frank Fabra,COL,DF,28,14.0,13,1143.0,12.7,0.0,2.0,2.0,0.0,0.0,0.0,3.0,1.0,0.0,0.16,0.16,0.0,0.16,2020,0.2,0.2,1.9,2.1,36.0,38.0,32.0,0.03,0.22,0.25,0.03,0.25,
Edwin Cardona,COL,"MF,FW",27,20.0,12,1130.0,12.6,4.0,6.0,10.0,4.0,0.0,0.0,4.0,0.0,0.32,0.48,0.8,0.32,0.8,2020,0.5,0.5,1.1,1.6,17.0,54.0,27.0,0.11,0.24,0.35,0.11,0.35,
Emmanuel Más,ARG,"DF,MF",31,15.0,11,1042.0,11.6,0.0,1.0,1.0,0.0,0.0,0.0,4.0,1.0,0.0,0.09,0.09,0.0,0.09,2020,0.0,0.0,0.1,0.1,8.0,14.0,12.0,0.0,0.02,0.02,0.0,0.02,
Lisandro López,ARG,DF,30,11.0,11,1020.0,11.3,2.0,0.0,2.0,2.0,0.0,0.0,2.0,0.0,0.18,0.0,0.18,0.18,0.18,2020,0.3,0.3,0.7,1.0,7.0,47.0,1.0,0.04,0.09,0.13,0.04,0.13,
Franco Soldano,ARG,FW,25,18.0,11,912.0,10.1,1.0,0.0,1.0,1.0,0.0,0.0,2.0,0.0,0.1,0.0,0.1,0.1,0.1,2020,2.1,2.1,0.1,2.2,1.0,14.0,23.0,0.33,0.02,0.35,0.33,0.35,
Ramón Ábila,ARG,FW,30,14.0,9,827.0,9.2,7.0,1.0,8.0,7.0,0.0,2.0,2.0,0.0,0.76,0.11,0.87,0.76,0.87,2020,0.7,0.7,0.1,0.7,0.0,1.0,11.0,0.31,0.03,0.34,0.31,0.34,
Mauro Zárate,ARG,"FW,MF",32,11.0,8,703.0,7.8,1.0,0.0,1.0,1.0,0.0,0.0,2.0,0.0,0.13,0.0,0.13,0.13,0.13,2020,0.1,0.1,0.1,0.2,0.0,3.0,2.0,0.29,0.28,0.57,0.29,0.57,
Agustín Rossi,ARG,GK,24,6.0,6,540.0,6.0,0.0,0.0,0.0,0.0,0.0,0.0,0.0,0.0,0.0,0.0,0.0,0.0,0.0,2020,,,,,,,,,,,,,
Guillermo Matías Fernández,ARG,MF,28,7.0,5,486.0,5.4,0.0,0.0,0.0,0.0,0.0,0.0,0.0,0.0,0.0,0.0,0.0,0.0,0.0,2020,0.3,0.3,0.2,0.5,4.0,51.0,14.0,0.05,0.04,0.09,0.05,0.09,
Agustín Obando,ARG,"MF,FW",19,13.0,4,468.0,5.2,1.0,0.0,1.0,1.0,0.0,0.0,0.0,2.0,0.19,0.0,0.19,0.19,0.19,2020,0.1,0.1,0.3,0.5,8.0,11.0,39.0,0.05,0.11,0.16,0.05,0.16,
Diego González,ARG,MF,31,9.0,6,425.0,4.7,1.0,1.0,2.0,1.0,0.0,0.0,0.0,0.0,0.21,0.21,0.42,0.21,0.42,2020,0.0,0.0,0.0,0.0,0.0,9.0,0.0,0.0,0.0,0.0,0.0,0.0,
Gastón Ávila,ARG,DF,18,4.0,4,360.0,4.0,0.0,0.0,0.0,0.0,0.0,0.0,0.0,0.0,0.0,0.0,0.0,0.0,0.0,2020,,,,,,,,,,,,,
Gonzalo Maroni,ARG,"MF,FW",20,9.0,5,315.0,3.5,0.0,0.0,0.0,0.0,0.0,0.0,0.0,0.0,0.0,0.0,0.0,0.0,0.0,2020,0.6,0.6,0.3,0.9,3.0,3.0,6.0,0.49,0.23,0.72,0.49,0.72,
Alan Varela,ARG,MF,18,4.0,3,290.0,3.2,0.0,1.0,1.0,0.0,0.0,0.0,0.0,0.0,0.0,0.31,0.31,0.0,0.31,2020,,,,,,,,,,,,,
Exequiel Zeballos,ARG,"FW,MF",17,4.0,3,246.0,2.7,0.0,0.0,0.0,0.0,0.0,0.0,0.0,0.0,0.0,0.0,0.0,0.0,0.0,2020,,,,,,,,,,,,,
Júnior Alonso,PAR,DF,26,2.0,1,115.0,1.3,0.0,0.0,0.0,0.0,0.0,0.0,0.0,0.0,0.0,0.0,0.0,0.0,0.0,2020,0.0,0.0,0.1,0.1,3.0,5.0,1.0,0.02,0.04,0.06,0.02,0.06,
Emanuel Reynoso,ARG,"MF,FW",24,2.0,1,112.0,1.2,1.0,0.0,1.0,1.0,0.0,0.0,1.0,0.0,0.8,0.0,0.8,0.8,0.8,2020,0.1,0.1,0.9,1.0,9.0,24.0,7.0,0.06,0.75,0.82,0.06,0.82,
Iván Marcone,ARG,MF,29,2.0,1,95.0,1.1,0.0,0.0,0.0,0.0,0.0,0.0,1.0,0.0,0.0,0.0,0.0,0.0,0.0,2020,0.0,0.0,0.1,0.1,0.0,3.0,0.0,0.0,0.07,0.07,0.0,0.07,
Walter Bou,ARG,FW,26,3.0,0,92.0,1.0,0.0,0.0,0.0,0.0,0.0,0.0,0.0,0.0,0.0,0.0,0.0,0.0,0.0,2020,0.1,0.1,0.2,0.3,4.0,4.0,16.0,0.08,0.18,0.26,0.08,0.26,
Luis Vázquez,ARG,FW,19,1.0,0,3.0,0.0,0.0,0.0,0.0,0.0,0.0,0.0,0.0,0.0,0.0,0.0,0.0,0.0,0.0,2020,,,,,,,,,,,,,
Pablo Gerzel,ARG,FW,20,0.0,0,,,,,,,,,,,,,,,,2020,,,,,,,,,,,,,
Enzo Martín Roldán,ARG,MF,19,0.0,0,,,,,,,,,,,,,,,,2020,,,,,,,,,,,,,
Aaron Nicolás Molinas,ARG,MF,19,0.0,0,,,,,,,,,,,,,,,,2020,,,,,,,,,,,,,
Marcelo Weigandt,ARG,DF,20,0.0,0,,,,,,,,,,,,,,,,2020,,,,,,,,,,,,,
Manuel Roffo,ARG,GK,19,0.0,0,,,,,,,,,,,,,,,,2020,,,,,,,,,,,,,
Jan Carlos Hurtado,VEN,FW,19,0.0,0,,,,,,,,,,,,,,,,2020,,,,,,,,,,,,,
Javier Hernán García,ARG,GK,33,0.0,0,,,,,,,,,,,,,,,,2020,,,,,,,,,,,,,
Agustín Sández,PAR,DF,19,0.0,0,,,,,,,,,,,,,,,,2020,,,,,,,,,,,,,
Cristian Medina,ARG,MF,17,0.0,0,,,,,,,,,,,,,,,,2020,,,,,,,,,,,,,
Renzo Giampaoli,ARG,DF,20,0.0,0,,,,,,,,,,,,,,,,2020,,,,,,,,,,,,,
Marcos Guillermo Díaz,ARG,GK,33,0.0,0,,,,,,,,,,,,,,,,2020,,,,,,,,,,,,,
Carlos Izquierdoz,ARG,DF,32,41.0,41,3630.0,40.3,3.0,1.0,4.0,3.0,0.0,0.0,5.0,1.0,0.07,0.02,0.1,0.07,0.1,2021,3.1,3.1,0.6,3.7,10.0,107.0,5.0,0.08,0.02,0.09,0.08,0.09,
Agustín Rossi,ARG,GK,25,32.0,32,2970.0,33.0,0.0,0.0,0.0,0.0,0.0,0.0,0.0,0.0,0.0,0.0,0.0,0.0,0.0,2021,0.0,0.0,0.0,0.0,0.0,0.0,0.0,0.0,0.0,0.0,0.0,0.0,
Frank Fabra,COL,DF,29,36.0,33,2913.0,32.4,2.0,5.0,7.0,2.0,0.0,0.0,3.0,0.0,0.06,0.15,0.22,0.06,0.22,2021,0.7,0.7,4.7,5.4,85.0,130.0,171.0,0.02,0.15,0.17,0.02,0.17,
Sebastián Villa,COL,"FW,MF",24,27.0,24,2239.0,24.9,9.0,1.0,10.0,8.0,1.0,2.0,4.0,0.0,0.36,0.04,0.4,0.32,0.36,2021,9.8,8.2,2.0,10.2,140.0,72.0,283.0,0.41,0.09,0.49,0.34,0.43,
Jorman Campuzano,COL,MF,24,28.0,24,2110.0,23.4,1.0,2.0,3.0,1.0,0.0,0.0,10.0,0.0,0.04,0.09,0.13,0.04,0.13,2021,0.1,0.1,0.4,0.5,24.0,81.0,8.0,0.0,0.02,0.02,0.0,0.02,
Cristian Medina,ARG,MF,18,35.0,23,2072.0,23.0,1.0,1.0,2.0,1.0,0.0,0.0,7.0,0.0,0.04,0.04,0.09,0.04,0.09,2021,2.0,2.0,1.6,3.6,37.0,100.0,64.0,0.09,0.07,0.16,0.09,0.16,
Cristian Pavón,ARG,"FW,MF",25,32.0,21,2000.0,22.2,4.0,5.0,9.0,3.0,1.0,1.0,4.0,0.0,0.18,0.23,0.41,0.14,0.36,2021,5.6,4.8,4.1,8.9,82.0,87.0,234.0,0.27,0.19,0.46,0.23,0.42,
Lisandro López,ARG,DF,31,24.0,21,1997.0,22.2,2.0,1.0,3.0,2.0,0.0,0.0,3.0,0.0,0.09,0.05,0.14,0.09,0.14,2021,1.8,1.8,0.7,2.5,7.0,82.0,2.0,0.08,0.03,0.11,0.08,0.11,
Marcos Rojo,ARG,DF,30,26.0,22,1975.0,21.9,1.0,0.0,1.0,0.0,1.0,1.0,9.0,1.0,0.05,0.0,0.05,0.0,0.0,2021,1.4,0.6,0.1,0.8,12.0,99.0,4.0,0.07,0.01,0.07,0.03,0.04,
Agustín Almendra,ARG,MF,20,29.0,24,1755.0,19.5,4.0,2.0,6.0,4.0,0.0,0.0,9.0,0.0,0.21,0.1,0.31,0.21,0.31,2021,2.1,2.1,4.3,6.4,26.0,148.0,44.0,0.11,0.22,0.33,0.11,0.33,
Alan Varela,ARG,MF,19,27.0,15,1454.0,16.2,0.0,0.0,0.0,0.0,0.0,0.0,6.0,0.0,0.0,0.0,0.0,0.0,0.0,2021,0.4,0.4,1.2,1.6,6.0,87.0,17.0,0.03,0.07,0.1,0.03,0.1,
Luis Vázquez,ARG,FW,20,26.0,15,1444.0,16.0,7.0,2.0,9.0,7.0,0.0,0.0,2.0,0.0,0.44,0.12,0.56,0.44,0.56,2021,7.7,7.7,1.2,8.9,17.0,16.0,84.0,0.48,0.08,0.56,0.48,0.56,
Carlos Tevez,ARG,FW,36,17.0,15,1385.0,15.4,4.0,4.0,8.0,4.0,0.0,0.0,2.0,0.0,0.26,0.26,0.52,0.26,0.52,2021,6.2,6.2,3.5,9.7,28.0,83.0,113.0,0.42,0.24,0.66,0.42,0.66,
Carlos Zambrano,PER,DF,31,15.0,14,1329.0,14.8,2.0,0.0,2.0,2.0,0.0,0.0,5.0,1.0,0.14,0.0,0.14,0.14,0.14,2021,0.7,0.6,0.1,0.7,11.0,57.0,0.0,0.05,0.01,0.05,0.04,0.05,
Nicolás Capaldo,ARG,"DF,MF",23,17.0,15,1317.0,14.6,0.0,1.0,1.0,0.0,0.0,0.0,4.0,0.0,0.0,0.07,0.07,0.0,0.07,2021,1.2,1.2,0.8,2.0,27.0,56.0,74.0,0.08,0.06,0.14,0.08,0.14,
Edwin Cardona,COL,MF,28,21.0,16,1258.0,14.0,3.0,8.0,11.0,3.0,0.0,0.0,6.0,1.0,0.21,0.57,0.79,0.21,0.79,2021,1.8,1.8,5.8,7.6,31.0,156.0,73.0,0.13,0.43,0.56,0.13,0.56,
Juan Ramírez,ARG,MF,27,16.0,13,1124.0,12.5,1.0,2.0,3.0,1.0,0.0,0.0,0.0,0.0,0.08,0.16,0.24,0.08,0.24,2021,1.1,1.1,1.7,2.8,51.0,97.0,56.0,0.09,0.14,0.23,0.09,0.23,
Luis Advíncula,PER,DF,30,13.0,12,1042.0,11.6,0.0,1.0,1.0,0.0,0.0,0.0,0.0,0.0,0.0,0.09,0.09,0.0,0.09,2021,0.1,0.1,0.9,1.0,23.0,47.0,55.0,0.01,0.08,0.09,0.01,0.09,
Norberto Briasco,ARM,FW,24,17.0,10,992.0,11.0,1.0,0.0,1.0,1.0,0.0,0.0,0.0,0.0,0.09,0.0,0.09,0.09,0.09,2021,1.3,1.3,0.8,2.1,30.0,9.0,129.0,0.12,0.07,0.19,0.12,0.19,
Esteban Andrada,ARG,GK,30,11.0,11,990.0,11.0,0.0,0.0,0.0,0.0,0.0,0.0,0.0,0.0,0.0,0.0,0.0,0.0,0.0,2021,0.0,0.0,0.1,0.1,0.0,0.0,0.0,0.0,0.01,0.01,0.0,0.01,
Aaron Nicolás Molinas,ARG,FW,20,19.0,10,958.0,10.6,0.0,2.0,2.0,0.0,0.0,0.0,0.0,0.0,0.0,0.19,0.19,0.0,0.19,2021,1.7,1.7,2.3,4.0,26.0,87.0,79.0,0.16,0.22,0.38,0.16,0.38,
Agustín Sández,PAR,DF,20,13.0,10,935.0,10.4,0.0,1.0,1.0,0.0,0.0,0.0,7.0,0.0,0.0,0.1,0.1,0.0,0.1,2021,0.4,0.4,1.2,1.6,16.0,37.0,44.0,0.04,0.12,0.16,0.04,0.16,
Marcelo Weigandt,ARG,DF,21,12.0,10,933.0,10.4,1.0,0.0,1.0,1.0,0.0,0.0,3.0,0.0,0.1,0.0,0.1,0.1,0.1,2021,0.9,0.9,0.5,1.4,13.0,33.0,37.0,0.09,0.05,0.14,0.09,0.14,
Esteban Rolón,ARG,MF,25,13.0,9,897.0,10.0,0.0,0.0,0.0,0.0,0.0,0.0,2.0,0.0,0.0,0.0,0.0,0.0,0.0,2021,0.2,0.2,0.0,0.2,4.0,41.0,8.0,0.02,0.0,0.02,0.02,0.02,
Rodrigo Montes,ARG,"MF,FW",21,10.0,9,776.0,8.6,1.0,0.0,1.0,1.0,0.0,0.0,0.0,0.0,0.12,0.0,0.12,0.12,0.12,2021,1.0,1.0,0.8,1.8,8.0,38.0,21.0,0.11,0.1,0.21,0.11,0.21,
Julio Buffarini,ARG,DF,32,13.0,7,775.0,8.6,0.0,0.0,0.0,0.0,0.0,0.0,3.0,0.0,0.0,0.0,0.0,0.0,0.0,2021,0.2,0.2,0.1,0.2,23.0,32.0,34.0,0.02,0.01,0.03,0.02,0.03,
Diego González,ARG,MF,32,17.0,7,713.0,7.9,2.0,1.0,3.0,2.0,0.0,0.0,0.0,0.0,0.25,0.13,0.38,0.25,0.38,2021,0.7,0.7,0.3,1.1,7.0,37.0,10.0,0.1,0.04,0.14,0.1,0.14,
Franco Soldano,ARG,FW,26,16.0,5,581.0,6.5,2.0,0.0,2.0,2.0,0.0,0.0,1.0,0.0,0.31,0.0,0.31,0.31,0.31,2021,1.8,1.8,0.3,2.1,3.0,7.0,25.0,0.28,0.04,0.33,0.28,0.33,
Agustín Obando,ARG,"FW,MF",20,11.0,5,532.0,5.9,1.0,0.0,1.0,1.0,0.0,0.0,0.0,0.0,0.17,0.0,0.17,0.17,0.17,2021,0.3,0.3,0.8,1.1,16.0,12.0,53.0,0.06,0.13,0.19,0.06,0.19,
Gonzalo Maroni,ARG,"FW,MF",21,13.0,5,516.0,5.7,3.0,0.0,3.0,3.0,0.0,0.0,2.0,0.0,0.52,0.0,0.52,0.52,0.52,2021,2.8,2.8,1.0,3.8,18.0,35.0,26.0,0.52,0.18,0.7,0.52,0.7,
Eros Mancuso,ARG,DF,21,6.0,4,423.0,4.7,1.0,1.0,2.0,1.0,0.0,0.0,0.0,0.0,0.21,0.21,0.43,0.21,0.43,2021,0.5,0.5,0.7,1.2,7.0,16.0,25.0,0.1,0.15,0.25,0.1,0.25,
Nicolás Orsini,ARG,FW,26,9.0,5,409.0,4.5,1.0,0.0,1.0,1.0,0.0,0.0,1.0,0.0,0.22,0.0,0.22,0.22,0.22,2021,1.6,1.6,0.2,1.8,4.0,6.0,20.0,0.39,0.05,0.43,0.39,0.43,
Mauro Zárate,ARG,"FW,MF",33,8.0,4,400.0,4.4,1.0,1.0,2.0,1.0,0.0,0.0,1.0,0.0,0.23,0.23,0.45,0.23,0.45,2021,1.3,1.3,0.7,2.0,9.0,11.0,32.0,0.28,0.16,0.44,0.28,0.44,
Eduardo Salvio,ARG,"FW,MF",30,9.0,5,396.0,4.4,1.0,1.0,2.0,1.0,0.0,0.0,0.0,0.0,0.23,0.23,0.45,0.23,0.45,2021,0.9,0.9,0.2,1.1,14.0,12.0,47.0,0.2,0.05,0.24,0.2,0.24,
Exequiel Zeballos,ARG,MF,18,11.0,4,350.0,3.9,1.0,1.0,2.0,0.0,1.0,1.0,0.0,0.0,0.26,0.26,0.51,0.0,0.26,2021,1.0,0.2,0.7,0.9,17.0,10.0,47.0,0.25,0.18,0.44,0.05,0.24,
Emmanuel Más,ARG,DF,32,6.0,3,338.0,3.8,0.0,0.0,0.0,0.0,0.0,0.0,0.0,0.0,0.0,0.0,0.0,0.0,0.0,2021,0.0,0.0,0.0,0.1,10.0,20.0,10.0,0.01,0.01,0.02,0.01,0.02,
Leonardo Jara,ARG,MF,29,8.0,2,313.0,3.5,0.0,0.0,0.0,0.0,0.0,0.0,0.0,0.0,0.0,0.0,0.0,0.0,0.0,2021,0.3,0.3,0.1,0.3,3.0,13.0,12.0,0.08,0.02,0.09,0.08,0.09,
Javier Hernán García,ARG,GK,34,3.0,3,270.0,3.0,0.0,0.0,0.0,0.0,0.0,0.0,0.0,0.0,0.0,0.0,0.0,0.0,0.0,2021,0.0,0.0,0.1,0.1,0.0,0.0,0.0,0.0,0.04,0.04,0.0,0.04,
Ezequiél Fernández,ARG,MF,18,3.0,3,225.0,2.5,0.0,0.0,0.0,0.0,0.0,0.0,1.0,0.0,0.0,0.0,0.0,0.0,0.0,2021,0.0,0.0,0.0,0.0,3.0,11.0,1.0,0.0,0.0,0.0,0.0,0.0,
Valentín Barco,ARG,DF,16,3.0,2,205.0,2.3,0.0,0.0,0.0,0.0,0.0,0.0,1.0,0.0,0.0,0.0,0.0,0.0,0.0,2021,0.1,0.1,0.2,0.3,5.0,11.0,10.0,0.03,0.1,0.13,0.03,0.13,
Vicente Taborda,ARG,"MF,FW",19,3.0,2,188.0,2.1,0.0,0.0,0.0,0.0,0.0,0.0,0.0,0.0,0.0,0.0,0.0,0.0,0.0,2021,0.2,0.2,0.1,0.3,6.0,13.0,13.0,0.08,0.07,0.15,0.08,0.15,
Gabriel Vega,ARG,MF,18,3.0,2,187.0,2.1,0.0,0.0,0.0,0.0,0.0,0.0,0.0,0.0,0.0,0.0,0.0,0.0,0.0,2021,0.1,0.1,0.1,0.2,11.0,13.0,6.0,0.06,0.05,0.11,0.06,0.11,
Gabriel Aranda,ARG,DF,19,2.0,2,180.0,2.0,0.0,0.0,0.0,0.0,0.0,0.0,1.0,0.0,0.0,0.0,0.0,0.0,0.0,2021,0.1,0.1,0.2,0.3,0.0,3.0,0.0,0.05,0.09,0.14,0.05,0.14,
Balthazar Bernardi,ARG,DF,19,2.0,2,180.0,2.0,0.0,0.0,0.0,0.0,0.0,0.0,0.0,0.0,0.0,0.0,0.0,0.0,0.0,2021,0.0,0.0,0.0,0.0,0.0,3.0,0.0,0.0,0.0,0.0,0.0,0.0,
Agustín Lastra,ARG,GK,20,2.0,2,180.0,2.0,0.0,0.0,0.0,0.0,0.0,0.0,1.0,0.0,0.0,0.0,0.0,0.0,0.0,2021,0.0,0.0,0.0,0.0,0.0,0.0,0.0,0.0,0.0,0.0,0.0,0.0,
Renzo Giampaoli,ARG,DF,21,2.0,2,180.0,2.0,0.0,0.0,0.0,0.0,0.0,0.0,0.0,0.0,0.0,0.0,0.0,0.0,0.0,2021,0.0,0.0,0.0,0.0,2.0,6.0,0.0,0.02,0.0,0.02,0.02,0.02,
Israel Escalante,ARG,FW,22,2.0,2,125.0,1.4,0.0,0.0,0.0,0.0,0.0,0.0,1.0,0.0,0.0,0.0,0.0,0.0,0.0,2021,0.1,0.1,0.0,0.1,1.0,0.0,12.0,0.1,0.0,0.1,0.1,0.1,
Érik Bodencer,ARG,FW,20,2.0,0,105.0,1.2,0.0,0.0,0.0,0.0,0.0,0.0,0.0,0.0,0.0,0.0,0.0,0.0,0.0,2021,0.3,0.3,0.0,0.3,3.0,0.0,7.0,0.23,0.0,0.23,0.23,0.23,
Ezequiel Almirón,ARG,FW,18,1.0,1,30.0,0.3,0.0,0.0,0.0,0.0,0.0,0.0,0.0,0.0,0.0,0.0,0.0,0.0,0.0,2021,0.0,0.0,0.0,0.0,1.0,0.0,2.0,0.0,0.0,0.0,0.0,0.0,
Nicolás Valentini,ARG,DF,19,1.0,0,30.0,0.3,0.0,0.0,0.0,0.0,0.0,0.0,1.0,0.0,0.0,0.0,0.0,0.0,0.0,2021,0.0,0.0,0.0,0.0,0.0,0.0,0.0,0.0,0.0,0.0,0.0,0.0,
Juan Cabaña,ARG,MF,19,1.0,0,22.0,0.2,0.0,0.0,0.0,0.0,0.0,0.0,0.0,0.0,0.0,0.0,0.0,0.0,0.0,2021,0.0,0.0,0.0,0.0,0.0,1.0,2.0,0.11,0.0,0.11,0.11,0.11,
Kevin Duarte,ARG,MF,19,1.0,0,15.0,0.2,0.0,0.0,0.0,0.0,0.0,0.0,0.0,0.0,0.0,0.0,0.0,0.0,0.0,2021,0.0,0.0,0.0,0.0,0.0,0.0,0.0,0.0,0.0,0.0,0.0,0.0,
Nahuel Génez,ARG,DF,17,1.0,0,11.0,0.1,0.0,0.0,0.0,0.0,0.0,0.0,0.0,0.0,0.0,0.0,0.0,0.0,0.0,2021,0.0,0.0,0.0,0.0,0.0,0.0,1.0,0.0,0.0,0.0,0.0,0.0,
Iván Alvariño,ARG,FW,19,1.0,0,10.0,0.1,0.0,0.0,0.0,0.0,0.0,0.0,0.0,0.0,0.0,0.0,0.0,0.0,0.0,2021,0.0,0.0,0.0,0.0,1.0,0.0,0.0,0.0,0.0,0.0,0.0,0.0,
Lucas Palma,ARG,FW,17,1.0,0,5.0,0.1,0.0,0.0,0.0,0.0,0.0,0.0,0.0,0.0,0.0,0.0,0.0,0.0,0.0,2021,0.0,0.0,0.0,0.0,0.0,0.0,1.0,0.0,0.0,0.0,0.0,0.0,
Sebastián Díaz,ARG,GK,17,0.0,0,,,,,,,,,,,,,,,,2021,,,,,,,,,,,,,
Simón Rivero,ARG,MF,17,0.0,0,,,,,,,,,,,,,,,,2021,,,,,,,,,,,,,
Tomás Díaz,ARG,FW,19,0.0,0,,,,,,,,,,,,,,,,2021,,,,,,,,,,,,,
Santiago Pérez,ARG,DF,18,0.0,0,,,,,,,,,,,,,,,,2021,,,,,,,,,,,,,
Matías Olguín,ARG,DF,19,0.0,0,,,,,,,,,,,,,,,,2021,,,,,,,,,,,,,
Franco Cáceres,ARG,MF,21,0.0,0,,,,,,,,,,,,,,,,2021,,,,,,,,,,,,,
Pedro Velurtas,ARG,MF,19,0.0,0,,,,,,,,,,,,,,,,2021,,,,,,,,,,,,,
Ramiro Garcia,ARG,GK,19,0.0,0,,,,,,,,,,,,,,,,2021,,,,,,,,,,,,,
Agustín Rossi,ARG,GK,26,44.0,44,3975.0,44.2,0.0,0.0,0.0,0.0,0.0,0.0,3.0,0.0,0.0,0.0,0.0,0.0,0.0,2022,0.0,0.0,0.0,0.0,0.0,2.0,0.0,0.0,0.0,0.0,0.0,0.0,
Guillermo Matías Fernández,ARG,MF,30,46.0,44,3794.0,42.2,3.0,2.0,5.0,3.0,0.0,1.0,16.0,0.0,0.07,0.05,0.12,0.07,0.12,2022,3.9,3.1,3.2,6.3,46.0,198.0,97.0,0.09,0.08,0.17,0.08,0.15,
Frank Fabra,COL,DF,30,43.0,42,3769.0,41.9,3.0,6.0,9.0,3.0,0.0,0.0,18.0,1.0,0.07,0.14,0.21,0.07,0.21,2022,1.5,1.5,3.7,5.2,125.0,228.0,194.0,0.04,0.09,0.13,0.04,0.13,
Luis Advíncula,PER,DF,31,41.0,41,3696.0,41.1,1.0,0.0,1.0,1.0,0.0,0.0,12.0,0.0,0.02,0.0,0.02,0.02,0.02,2022,1.4,1.4,1.4,2.8,62.0,165.0,133.0,0.04,0.03,0.07,0.04,0.07,
Sebastián Villa,COL,"MF,FW",25,37.0,32,2942.0,32.7,9.0,14.0,23.0,9.0,0.0,0.0,5.0,0.0,0.28,0.43,0.7,0.28,0.7,2022,6.8,6.8,8.1,15.0,177.0,97.0,385.0,0.21,0.25,0.47,0.21,0.47,
Alan Varela,ARG,MF,20,37.0,31,2910.0,32.3,1.0,2.0,3.0,1.0,0.0,0.0,10.0,0.0,0.03,0.06,0.09,0.03,0.09,2022,0.6,0.6,1.2,1.8,11.0,139.0,17.0,0.02,0.04,0.06,0.02,0.06,
Óscar Romero,PAR,MF,29,40.0,32,2834.0,31.5,2.0,6.0,8.0,2.0,0.0,0.0,6.0,0.0,0.06,0.19,0.25,0.06,0.25,2022,4.2,4.2,5.7,9.9,72.0,291.0,142.0,0.14,0.18,0.32,0.14,0.32,
Darío Benedetto,ARG,FW,31,38.0,33,2701.0,30.0,15.0,2.0,17.0,13.0,2.0,4.0,10.0,0.0,0.5,0.07,0.57,0.43,0.5,2022,13.0,9.9,3.2,13.1,17.0,65.0,161.0,0.44,0.11,0.55,0.34,0.45,
Marcos Rojo,ARG,DF,31,29.0,29,2555.0,28.4,5.0,0.0,5.0,3.0,2.0,3.0,12.0,1.0,0.18,0.0,0.18,0.11,0.11,2022,3.9,1.5,0.1,1.6,15.0,89.0,1.0,0.14,0.0,0.14,0.05,0.06,
Juan Ramírez,ARG,MF,28,44.0,27,2235.0,24.8,1.0,1.0,2.0,1.0,0.0,0.0,4.0,0.0,0.04,0.04,0.08,0.04,0.08,2022,2.2,2.2,1.1,3.3,80.0,125.0,97.0,0.09,0.05,0.14,0.09,0.14,
Carlos Zambrano,PER,DF,32,28.0,25,2226.0,24.7,0.0,1.0,1.0,0.0,0.0,0.0,11.0,0.0,0.0,0.04,0.04,0.0,0.04,2022,0.5,0.5,0.1,0.5,12.0,55.0,2.0,0.02,0.0,0.02,0.02,0.02,
Luis Vázquez,ARG,FW,21,44.0,19,1933.0,21.5,4.0,3.0,7.0,4.0,0.0,0.0,5.0,1.0,0.19,0.14,0.33,0.19,0.33,2022,4.4,4.4,1.4,5.8,23.0,25.0,120.0,0.21,0.07,0.27,0.21,0.27,
Cristian Medina,ARG,MF,19,35.0,14,1444.0,16.0,0.0,1.0,1.0,0.0,0.0,0.0,5.0,0.0,0.0,0.06,0.06,0.0,0.06,2022,1.0,1.0,1.0,1.9,28.0,49.0,57.0,0.06,0.06,0.12,0.06,0.12,
Carlos Izquierdoz,ARG,DF,33,18.0,15,1415.0,15.7,1.0,0.0,1.0,1.0,0.0,0.0,4.0,1.0,0.06,0.0,0.06,0.06,0.06,2022,0.7,0.7,0.0,0.7,0.0,38.0,4.0,0.05,0.0,0.05,0.05,0.05,
Jorge Figal,ARG,DF,27,21.0,14,1362.0,15.1,0.0,0.0,0.0,0.0,0.0,0.0,4.0,0.0,0.0,0.0,0.0,0.0,0.0,2022,0.3,0.3,0.1,0.4,11.0,43.0,16.0,0.02,0.01,0.03,0.02,0.03,
Exequiel Zeballos,ARG,"MF,FW",19,26.0,13,1343.0,14.9,3.0,2.0,5.0,3.0,0.0,0.0,5.0,0.0,0.2,0.13,0.34,0.2,0.34,2022,3.2,3.2,3.7,6.9,81.0,34.0,147.0,0.21,0.25,0.46,0.21,0.46,
Eduardo Salvio,ARG,MF,31,18.0,13,1072.0,11.9,4.0,0.0,4.0,2.0,2.0,2.0,0.0,0.0,0.34,0.0,0.34,0.17,0.17,2022,4.7,3.2,0.9,4.0,46.0,24.0,117.0,0.41,0.07,0.48,0.27,0.35,
Agustín Sández,PAR,DF,21,14.0,11,1060.0,11.8,1.0,0.0,1.0,1.0,0.0,0.0,4.0,0.0,0.08,0.0,0.08,0.08,0.08,2022,0.4,0.4,0.3,0.7,12.0,43.0,48.0,0.04,0.03,0.06,0.04,0.06,
Gabriel Aranda,ARG,DF,20,11.0,11,990.0,11.0,0.0,0.0,0.0,0.0,0.0,0.0,2.0,0.0,0.0,0.0,0.0,0.0,0.0,2022,0.5,0.5,0.0,0.5,2.0,23.0,1.0,0.04,0.0,0.05,0.04,0.05,
Aaron Nicolás Molinas,ARG,MF,21,25.0,11,989.0,11.0,0.0,2.0,2.0,0.0,0.0,0.0,5.0,0.0,0.0,0.18,0.18,0.0,0.18,2022,0.7,0.7,1.3,2.0,31.0,96.0,48.0,0.06,0.12,0.18,0.06,0.18,
Luca Langoni,ARG,"FW,MF",19,18.0,11,949.0,10.5,6.0,1.0,7.0,6.0,0.0,0.0,2.0,0.0,0.57,0.09,0.66,0.57,0.66,2022,1.9,1.9,1.3,3.2,18.0,11.0,77.0,0.18,0.12,0.3,0.18,0.3,
Jorman Campuzano,COL,MF,25,16.0,9,891.0,9.9,0.0,1.0,1.0,0.0,0.0,0.0,3.0,0.0,0.0,0.1,0.1,0.0,0.1,2022,0.1,0.1,0.3,0.4,5.0,39.0,5.0,0.01,0.04,0.04,0.01,0.04,
Marcelo Weigandt,ARG,DF,22,11.0,8,811.0,9.0,0.0,0.0,0.0,0.0,0.0,0.0,1.0,0.0,0.0,0.0,0.0,0.0,0.0,2022,0.7,0.7,0.3,1.0,13.0,43.0,25.0,0.08,0.03,0.11,0.08,0.11,
Facundo Roncaglia,ARG,DF,34,11.0,8,781.0,8.7,0.0,0.0,0.0,0.0,0.0,0.0,1.0,0.0,0.0,0.0,0.0,0.0,0.0,2022,0.3,0.3,0.0,0.4,0.0,20.0,0.0,0.04,0.0,0.04,0.04,0.04,
Javier Hernán García,ARG,GK,35,8.0,8,720.0,8.0,0.0,0.0,0.0,0.0,0.0,0.0,1.0,0.0,0.0,0.0,0.0,0.0,0.0,2022,0.0,0.0,0.0,0.0,0.0,0.0,0.0,0.0,0.0,0.0,0.0,0.0,
Martín Payero,ARG,"MF,FW",23,14.0,8,678.0,7.5,1.0,0.0,1.0,1.0,0.0,0.0,2.0,0.0,0.13,0.0,0.13,0.13,0.13,2022,1.0,1.0,0.8,1.8,17.0,24.0,39.0,0.13,0.1,0.23,0.13,0.23,
Nicolás Orsini,ARG,FW,27,18.0,4,508.0,5.6,0.0,0.0,0.0,0.0,0.0,0.0,2.0,0.0,0.0,0.0,0.0,0.0,0.0,2022,0.8,0.8,0.2,1.0,4.0,7.0,39.0,0.15,0.03,0.18,0.15,0.18,
Esteban Rolón,ARG,MF,26,9.0,5,396.0,4.4,0.0,0.0,0.0,0.0,0.0,0.0,3.0,0.0,0.0,0.0,0.0,0.0,0.0,2022,0.0,0.0,0.1,0.1,0.0,20.0,3.0,0.01,0.02,0.02,0.01,0.02,
Gastón Ávila,ARG,DF,20,6.0,4,320.0,3.6,0.0,0.0,0.0,0.0,0.0,0.0,1.0,0.0,0.0,0.0,0.0,0.0,0.0,2022,0.1,0.1,0.0,0.2,2.0,17.0,4.0,0.04,0.01,0.05,0.04,0.05,
Diego González,ARG,MF,33,7.0,3,270.0,3.0,0.0,0.0,0.0,0.0,0.0,0.0,1.0,0.0,0.0,0.0,0.0,0.0,0.0,2022,0.4,0.4,0.2,0.6,4.0,16.0,5.0,0.13,0.07,0.2,0.13,0.2,
Norberto Briasco,ARM,"FW,MF",25,4.0,2,152.0,1.7,1.0,0.0,1.0,1.0,0.0,0.0,1.0,0.0,0.59,0.0,0.59,0.59,0.59,2022,0.0,0.0,0.0,0.0,2.0,1.0,10.0,0.03,0.0,0.03,0.03,0.03,
Gonzalo Morales,ARG,FW,18,5.0,0,137.0,1.5,1.0,0.0,1.0,1.0,0.0,0.0,0.0,0.0,0.66,0.0,0.66,0.66,0.66,2022,0.3,0.3,0.0,0.3,1.0,2.0,12.0,0.18,0.01,0.19,0.18,0.19,
Gabriel Vega,ARG,MF,19,2.0,1,88.0,1.0,0.0,0.0,0.0,0.0,0.0,0.0,0.0,0.0,0.0,0.0,0.0,0.0,0.0,2022,0.0,0.0,0.0,0.0,2.0,4.0,6.0,0.02,0.0,0.02,0.02,0.02,
Maximiliano Zalazar,ARG,"FW,MF",20,2.0,0,58.0,0.6,0.0,0.0,0.0,0.0,0.0,0.0,1.0,0.0,0.0,0.0,0.0,0.0,0.0,2022,0.0,0.0,0.0,0.0,2.0,2.0,3.0,0.0,0.0,0.0,0.0,0.0,
Leandro Brey,ARG,GK,19,1.0,0,45.0,0.5,0.0,0.0,0.0,0.0,0.0,0.0,1.0,0.0,0.0,0.0,0.0,0.0,0.0,2022,0.0,0.0,0.0,0.0,0.0,0.0,0.0,0.0,0.0,0.0,0.0,0.0,
Brandon Cortés,CHI,"MF,FW",20,2.0,0,37.0,0.4,0.0,0.0,0.0,0.0,0.0,0.0,0.0,0.0,0.0,0.0,0.0,0.0,0.0,2022,0.0,0.0,0.0,0.0,1.0,1.0,3.0,0.0,0.0,0.0,0.0,0.0,
Simón Rivero,ARG,"MF,FW",18,2.0,0,16.0,0.2,0.0,0.0,0.0,0.0,0.0,0.0,1.0,0.0,0.0,0.0,0.0,0.0,0.0,2022,0.1,0.1,0.0,0.1,0.0,0.0,2.0,0.41,0.0,0.41,0.41,0.41,
Agustín Almendra,ARG,MF,21,2.0,0,12.0,0.1,0.0,0.0,0.0,0.0,0.0,0.0,0.0,0.0,0.0,0.0,0.0,0.0,0.0,2022,0.0,0.0,0.0,0.0,0.0,2.0,0.0,0.0,0.29,0.29,0.0,0.29,
Vicente Taborda,ARG,MF,20,1.0,0,1.0,0.0,0.0,0.0,0.0,0.0,0.0,0.0,0.0,0.0,0.0,0.0,0.0,0.0,0.0,2022,0.0,0.0,0.0,0.0,0.0,0.0,0.0,0.0,0.0,0.0,0.0,0.0,
Lautaro Di Lollo,ARG,DF,17,0.0,0,,,,,,,,,,,,,,,,2022,,,,,,,,,,,,,
Mauricio Benítez,ARG,MF,17,0.0,0,,,,,,,,,,,,,,,,2022,,,,,,,,,,,,,
Valentín Barco,ARG,"DF,MF",17,0.0,0,,,,,,,,,,,,,,,,2022,,,,,,,,,,,,,
Jabes Saralegui,ARG,MF,19,0.0,0,,,,,,,,,,,,,,,,2022,,,,,,,,,,,,,
Nahuel Génez,ARG,DF,18,0.0,0,,,,,,,,,,,,,,,,2022,,,,,,,,,,,,,
Iván Alvariño,ARG,DF,20,0.0,0,,,,,,,,,,,,,,,,2022,,,,,,,,,,,,,
Pedro Velurtas,ARG,MF,20,0.0,0,,,,,,,,,,,,,,,,2022,,,,,,,,,,,,,
Sergio Romero,ARG,GK,35,45.0,45,4170.0,46.3,0.0,0.0,0.0,0.0,0.0,0.0,3.0,0.0,0.0,0.0,0.0,0.0,0.0,2023,0.0,0.0,0.0,0.0,0.0,1.0,0.0,0.0,0.0,0.0,0.0,0.0,
Jorge Figal,ARG,DF,28,42.0,41,3645.0,40.5,4.0,0.0,4.0,4.0,0.0,0.0,14.0,1.0,0.1,0.0,0.1,0.1,0.1,2023,3.0,3.0,0.2,3.2,32.0,76.0,12.0,0.07,0.01,0.08,0.07,0.08,
Guillermo Matías Fernández,ARG,MF,31,42.0,39,3402.0,37.8,2.0,2.0,4.0,2.0,0.0,0.0,16.0,0.0,0.05,0.05,0.11,0.05,0.11,2023,2.7,2.7,4.2,6.9,44.0,201.0,91.0,0.07,0.12,0.19,0.07,0.19,
Cristian Medina,ARG,"MF,FW",20,45.0,30,3001.0,33.3,4.0,3.0,7.0,4.0,0.0,0.0,6.0,0.0,0.12,0.09,0.21,0.12,0.21,2023,5.1,5.1,2.3,7.4,106.0,176.0,110.0,0.16,0.07,0.23,0.16,0.23,
Luis Advíncula,PER,"DF,FW",32,37.0,32,2948.0,32.8,4.0,4.0,8.0,4.0,0.0,0.0,5.0,0.0,0.12,0.12,0.24,0.12,0.24,2023,0.8,0.8,4.4,5.3,84.0,116.0,150.0,0.03,0.14,0.17,0.03,0.17,
Frank Fabra,COL,DF,31,33.0,29,2668.0,29.6,0.0,2.0,2.0,0.0,0.0,0.0,7.0,1.0,0.0,0.07,0.07,0.0,0.07,2023,0.8,0.8,3.0,3.8,72.0,162.0,168.0,0.03,0.1,0.13,0.03,0.13,
Miguel Merentiel,URU,FW,26,44.0,26,2434.0,27.0,15.0,4.0,19.0,13.0,2.0,2.0,8.0,1.0,0.55,0.15,0.7,0.48,0.63,2023,13.2,11.6,3.9,15.5,25.0,38.0,137.0,0.49,0.14,0.63,0.43,0.57,
Alan Varela,ARG,MF,21,32.0,28,2363.0,26.3,1.0,1.0,2.0,1.0,0.0,0.0,11.0,0.0,0.04,0.04,0.08,0.04,0.08,2023,1.0,1.0,1.5,2.4,12.0,95.0,11.0,0.04,0.06,0.09,0.04,0.09,
Nicolás Valentini,ARG,DF,21,36.0,23,2315.0,25.7,1.0,0.0,1.0,1.0,0.0,0.0,9.0,1.0,0.04,0.0,0.04,0.04,0.04,2023,1.4,1.4,0.1,1.5,13.0,115.0,3.0,0.06,0.0,0.06,0.06,0.06,
Bruno Valdez,PAR,"DF,FW",30,32.0,26,2293.0,25.5,0.0,0.0,0.0,0.0,0.0,0.0,9.0,2.0,0.0,0.0,0.0,0.0,0.0,2023,1.4,1.4,0.2,1.6,11.0,69.0,3.0,0.06,0.01,0.06,0.06,0.06,
Ezequiél Fernández,ARG,MF,20,37.0,23,2270.0,25.2,0.0,1.0,1.0,0.0,0.0,0.0,8.0,2.0,0.0,0.04,0.04,0.0,0.04,2023,1.1,1.1,1.6,2.7,38.0,153.0,38.0,0.04,0.06,0.11,0.04,0.11,
Marcelo Weigandt,ARG,DF,23,30.0,23,2193.0,24.4,2.0,5.0,7.0,2.0,0.0,0.0,4.0,1.0,0.08,0.21,0.29,0.08,0.29,2023,2.0,2.0,2.1,4.1,52.0,87.0,117.0,0.08,0.09,0.17,0.08,0.17,
Valentín Barco,ARG,"MF,DF",18,29.0,26,2065.0,22.9,2.0,4.0,6.0,2.0,0.0,0.0,7.0,0.0,0.09,0.17,0.26,0.09,0.26,2023,2.5,2.5,3.9,6.3,72.0,129.0,142.0,0.11,0.17,0.28,0.11,0.28,
Darío Benedetto,ARG,FW,32,35.0,21,1729.0,19.2,5.0,2.0,7.0,5.0,0.0,1.0,4.0,0.0,0.26,0.1,0.36,0.26,0.36,2023,6.9,6.1,1.7,7.7,11.0,33.0,101.0,0.37,0.09,0.46,0.33,0.42,
Sebastián Villa,COL,"FW,MF",26,22.0,19,1701.0,18.9,1.0,3.0,4.0,1.0,0.0,0.0,1.0,1.0,0.05,0.16,0.21,0.05,0.21,2023,3.1,3.1,5.0,8.1,113.0,75.0,207.0,0.17,0.27,0.43,0.17,0.43,
Facundo Roncaglia,ARG,DF,35,21.0,14,1416.0,15.7,0.0,0.0,0.0,0.0,0.0,0.0,7.0,1.0,0.0,0.0,0.0,0.0,0.0,2023,0.3,0.3,0.1,0.5,5.0,52.0,9.0,0.02,0.01,0.03,0.02,0.03,
Óscar Romero,PAR,"FW,MF",30,19.0,14,1227.0,13.6,2.0,4.0,6.0,2.0,0.0,0.0,2.0,0.0,0.15,0.29,0.44,0.15,0.44,2023,2.5,2.5,2.3,4.7,33.0,120.0,83.0,0.18,0.17,0.35,0.18,0.35,
Edinson Cavani,URU,FW,35,14.0,13,1137.0,12.6,2.0,0.0,2.0,2.0,0.0,0.0,3.0,0.0,0.16,0.0,0.16,0.16,0.16,2023,3.1,3.1,1.1,4.2,4.0,25.0,62.0,0.26,0.09,0.35,0.26,0.35,
Marcelo Saracchi,URU,DF,24,14.0,11,1046.0,11.6,0.0,2.0,2.0,0.0,0.0,0.0,4.0,0.0,0.0,0.17,0.17,0.0,0.17,2023,0.3,0.3,2.5,2.8,21.0,50.0,62.0,0.03,0.23,0.26,0.03,0.26,
Luca Langoni,ARG,"FW,MF",20,20.0,10,925.0,10.3,3.0,1.0,4.0,3.0,0.0,0.0,1.0,0.0,0.29,0.1,0.39,0.29,0.39,2023,2.7,2.7,0.7,3.3,23.0,11.0,96.0,0.27,0.07,0.34,0.27,0.34,
Lucas Janson,ARG,"FW,MF",28,17.0,8,854.0,9.5,2.0,0.0,2.0,2.0,0.0,0.0,0.0,0.0,0.21,0.0,0.21,0.21,0.21,2023,0.8,0.8,0.2,1.0,22.0,26.0,98.0,0.09,0.02,0.11,0.09,0.11,
Marcos Rojo,ARG,DF,32,13.0,10,813.0,9.0,1.0,0.0,1.0,1.0,0.0,0.0,5.0,1.0,0.11,0.0,0.11,0.11,0.11,2023,0.8,0.8,0.0,0.8,4.0,35.0,2.0,0.09,0.0,0.09,0.09,0.09,
Javier Hernán García,ARG,GK,36,9.0,9,810.0,9.0,0.0,0.0,0.0,0.0,0.0,0.0,0.0,0.0,0.0,0.0,0.0,0.0,0.0,2023,0.0,0.0,0.0,0.0,0.0,0.0,0.0,0.0,0.0,0.0,0.0,0.0,
Juan Ramírez,ARG,"MF,FW",29,21.0,11,800.0,8.9,0.0,1.0,1.0,0.0,0.0,0.0,1.0,0.0,0.0,0.11,0.11,0.0,0.11,2023,0.2,0.2,1.3,1.5,31.0,40.0,42.0,0.02,0.14,0.17,0.02,0.17,
Jorman Campuzano,COL,MF,26,16.0,10,749.0,8.3,0.0,0.0,0.0,0.0,0.0,0.0,3.0,0.0,0.0,0.0,0.0,0.0,0.0,2023,0.0,0.0,0.0,0.0,8.0,36.0,4.0,0.0,0.0,0.0,0.0,0.0,
Exequiel Zeballos,ARG,"FW,DF",20,19.0,5,717.0,8.0,2.0,4.0,6.0,2.0,0.0,0.0,3.0,0.0,0.25,0.5,0.75,0.25,0.75,2023,1.8,1.8,2.1,3.9,39.0,18.0,98.0,0.24,0.29,0.54,0.24,0.54,
Martín Payero,ARG,MF,24,14.0,9,688.0,7.6,4.0,1.0,5.0,4.0,0.0,0.0,3.0,1.0,0.52,0.13,0.65,0.52,0.65,2023,1.4,1.4,1.1,2.5,16.0,36.0,26.0,0.18,0.15,0.33,0.18,0.33,
Norberto Briasco,ARM,FW,26,22.0,6,642.0,7.1,1.0,2.0,3.0,1.0,0.0,0.0,1.0,0.0,0.14,0.28,0.42,0.14,0.42,2023,0.8,0.8,0.6,1.4,34.0,23.0,106.0,0.11,0.09,0.2,0.11,0.2,
Lucas Blondel,SUI,DF,26,8.0,7,597.0,6.6,1.0,0.0,1.0,1.0,0.0,0.0,1.0,0.0,0.15,0.0,0.15,0.15,0.15,2023,0.5,0.5,0.4,0.8,11.0,59.0,23.0,0.07,0.05,0.12,0.07,0.12,
Luis Vázquez,ARG,FW,22,18.0,5,569.0,6.3,3.0,3.0,6.0,3.0,0.0,0.0,0.0,0.0,0.47,0.47,0.95,0.47,0.95,2023,3.7,3.7,2.0,5.7,11.0,5.0,36.0,0.58,0.32,0.9,0.58,0.9,
Agustín Sández,PAR,DF,22,11.0,5,488.0,5.4,0.0,0.0,0.0,0.0,0.0,0.0,2.0,0.0,0.0,0.0,0.0,0.0,0.0,2023,0.3,0.3,0.2,0.5,14.0,28.0,32.0,0.05,0.03,0.09,0.05,0.09,
Ezequiel Bullaude,ARG,"FW,MF",22,11.0,4,389.0,4.3,0.0,0.0,0.0,0.0,0.0,0.0,2.0,0.0,0.0,0.0,0.0,0.0,0.0,2023,0.2,0.2,0.3,0.5,8.0,22.0,23.0,0.06,0.07,0.13,0.06,0.13,
Aaron Anselmino,ARG,DF,17,5.0,3,297.0,3.3,0.0,0.0,0.0,0.0,0.0,0.0,2.0,0.0,0.0,0.0,0.0,0.0,0.0,2023,0.0,0.0,0.0,0.0,0.0,5.0,0.0,0.0,0.0,0.0,0.0,0.0,
Vicente Taborda,ARG,MF,21,5.0,1,212.0,2.4,0.0,0.0,0.0,0.0,0.0,0.0,0.0,0.0,0.0,0.0,0.0,0.0,0.0,2023,0.3,0.3,0.4,0.7,12.0,14.0,26.0,0.15,0.17,0.33,0.15,0.33,
Jabes Saralegui,ARG,MF,20,4.0,2,207.0,2.3,0.0,0.0,0.0,0.0,0.0,0.0,0.0,0.0,0.0,0.0,0.0,0.0,0.0,2023,0.3,0.3,0.1,0.3,1.0,12.0,3.0,0.11,0.03,0.14,0.11,0.14,
Esteban Rolón,ARG,FW,27,9.0,1,207.0,2.3,0.0,1.0,1.0,0.0,0.0,0.0,0.0,1.0,0.0,0.43,0.43,0.0,0.43,2023,0.2,0.2,0.6,0.8,1.0,15.0,1.0,0.1,0.25,0.35,0.1,0.35,
Nicolás Orsini,ARG,FW,28,4.0,3,204.0,2.3,0.0,0.0,0.0,0.0,0.0,0.0,0.0,0.0,0.0,0.0,0.0,0.0,0.0,2023,0.7,0.7,0.0,0.7,1.0,1.0,15.0,0.31,0.02,0.33,0.31,0.33,
Diego González,ARG,MF,34,6.0,1,108.0,1.2,0.0,0.0,0.0,0.0,0.0,0.0,1.0,0.0,0.0,0.0,0.0,0.0,0.0,2023,0.0,0.0,0.0,0.0,0.0,6.0,3.0,0.01,0.0,0.01,0.01,0.01,
Nahuel Génez,ARG,DF,19,1.0,1,90.0,1.0,0.0,0.0,0.0,0.0,0.0,0.0,0.0,0.0,0.0,0.0,0.0,0.0,0.0,2023,0.0,0.0,0.0,0.0,3.0,3.0,8.0,0.0,0.0,0.0,0.0,0.0,
Brandon Cortés,CHI,MF,21,1.0,0,22.0,0.2,0.0,0.0,0.0,0.0,0.0,0.0,0.0,0.0,0.0,0.0,0.0,0.0,0.0,2023,0.0,0.0,0.0,0.0,0.0,2.0,4.0,0.0,0.0,0.0,0.0,0.0,
Gonzalo Morales,ARG,FW,19,1.0,0,9.0,0.1,0.0,0.0,0.0,0.0,0.0,0.0,0.0,0.0,0.0,0.0,0.0,0.0,0.0,2023,0.0,0.0,0.0,0.0,0.0,0.0,0.0,0.4,0.0,0.4,0.4,0.4,
Julian Carrasco,ARG,MF,20,0.0,0,,,,,,,,,,,,,,,,2023,,,,,,,,,,,,,
Lautaro Di Lollo,ARG,DF,18,0.0,0,,,,,,,,,,,,,,,,2023,,,,,,,,,,,,,
Gabriel Aranda,ARG,DF,21,0.0,0,,,,,,,,,,,,,,,,2023,,,,,,,,,,,,,
Rodrigo Montes,ARG,MF,23,0.0,0,,,,,,,,,,,,,,,,2023,,,,,,,,,,,,,
Leandro Brey,ARG,GK,20,0.0,0,,,,,,,,,,,,,,,,2023,,,,,,,,,,,,,
Federico Aguirre,ARG,FW,20,0.0,0,,,,,,,,,,,,,,,,2023,,,,,,,,,,,,,
Román Rodríguez,ARG,MF,19,0.0,0,,,,,,,,,,,,,,,,2023,,,,,,,,,,,,,
Miguel Merentiel,URU,FW,27,44.0,38,3443.0,38.3,12.0,4.0,16.0,11.0,1.0,1.0,7.0,0.0,0.31,0.1,0.42,0.29,0.39,2024,13.5,12.8,5.8,18.5,57.0,85.0,202.0,0.45,0.19,0.64,0.42,0.61,
Sergio Romero,ARG,GK,36,36.0,35,3236.0,36.0,0.0,0.0,0.0,0.0,0.0,0.0,2.0,0.0,0.0,0.0,0.0,0.0,0.0,2024,0.0,0.0,0.0,0.0,0.0,1.0,0.0,0.0,0.0,0.0,0.0,0.0,
Lautaro Blanco,ARG,DF,24,40.0,35,3146.0,35.0,0.0,7.0,7.0,0.0,0.0,0.0,9.0,1.0,0.0,0.2,0.2,0.0,0.2,2024,0.1,0.1,4.2,4.3,90.0,124.0,182.0,0.0,0.15,0.16,0.0,0.16,
Kevin Zenon,ARG,"MF,FW",22,39.0,35,3052.0,33.9,6.0,6.0,12.0,6.0,0.0,0.0,3.0,0.0,0.18,0.18,0.35,0.18,0.35,2024,4.8,4.8,8.7,13.6,101.0,192.0,208.0,0.17,0.31,0.47,0.17,0.47,
Luis Advíncula,PER,DF,33,40.0,34,3034.0,33.7,0.0,4.0,4.0,0.0,0.0,0.0,6.0,1.0,0.0,0.12,0.12,0.0,0.12,2024,1.5,1.5,2.2,3.7,64.0,112.0,142.0,0.05,0.08,0.13,0.05,0.13,
Guillermo Matías Fernández,ARG,MF,32,39.0,32,2878.0,32.0,0.0,1.0,1.0,0.0,0.0,0.0,19.0,1.0,0.0,0.03,0.03,0.0,0.03,2024,0.1,0.1,1.5,1.6,37.0,159.0,35.0,0.01,0.06,0.06,0.01,0.06,
Cristian Lema,ARG,DF,33,29.0,29,2629.0,29.2,1.0,2.0,3.0,1.0,0.0,0.0,11.0,1.0,0.03,0.07,0.1,0.03,0.1,2024,0.9,0.9,0.3,1.2,15.0,83.0,10.0,0.04,0.01,0.05,0.04,0.05,
Edinson Cavani,URU,FW,36,33.0,30,2430.0,27.0,15.0,1.0,16.0,14.0,1.0,1.0,4.0,1.0,0.56,0.04,0.59,0.52,0.56,2024,10.5,9.7,1.7,11.4,7.0,30.0,102.0,0.49,0.08,0.57,0.45,0.53,
Jorge Figal,ARG,DF,29,28.0,24,2280.0,25.3,1.0,0.0,1.0,1.0,0.0,0.0,10.0,0.0,0.04,0.0,0.04,0.04,0.04,2024,0.6,0.6,0.0,0.6,15.0,57.0,10.0,0.03,0.0,0.03,0.03,0.03,
Cristian Medina,ARG,MF,21,27.0,26,2212.0,24.6,3.0,2.0,5.0,3.0,0.0,0.0,7.0,1.0,0.12,0.08,0.2,0.12,0.2,2024,2.3,2.3,1.2,3.5,43.0,119.0,55.0,0.13,0.07,0.19,0.13,0.19,
Marcos Rojo,ARG,DF,33,24.0,19,1625.0,18.1,1.0,0.0,1.0,1.0,0.0,0.0,9.0,1.0,0.06,0.0,0.06,0.06,0.06,2024,1.0,1.0,0.1,1.0,12.0,56.0,5.0,0.07,0.0,0.07,0.07,0.07,
Marcelo Saracchi,URU,"DF,MF",25,22.0,15,1375.0,15.3,2.0,2.0,4.0,2.0,0.0,0.0,6.0,1.0,0.13,0.13,0.26,0.13,0.26,2024,1.1,1.1,1.2,2.2,18.0,45.0,80.0,0.1,0.1,0.2,0.1,0.2,
Leandro Brey,ARG,GK,21,17.0,15,1312.0,14.6,0.0,0.0,0.0,0.0,0.0,0.0,2.0,0.0,0.0,0.0,0.0,0.0,0.0,2024,0.0,0.0,0.1,0.1,0.0,0.0,3.0,0.0,0.0,0.0,0.0,0.0,
Jabes Saralegui,ARG,"MF,DF",21,35.0,11,1294.0,14.4,1.0,1.0,2.0,1.0,0.0,0.0,1.0,0.0,0.07,0.07,0.14,0.07,0.14,2024,1.3,1.3,1.0,2.3,9.0,34.0,39.0,0.14,0.11,0.25,0.14,0.25,
Tomás Belmonte,ARG,MF,25,18.0,14,1269.0,14.1,0.0,0.0,0.0,0.0,0.0,0.0,2.0,0.0,0.0,0.0,0.0,0.0,0.0,2024,1.0,1.0,0.0,1.0,5.0,48.0,14.0,0.07,0.0,0.08,0.07,0.08,
Lautaro Di Lollo,ARG,DF,19,19.0,13,1260.0,14.0,0.0,0.0,0.0,0.0,0.0,0.0,2.0,0.0,0.0,0.0,0.0,0.0,0.0,2024,0.0,0.0,0.0,0.0,4.0,37.0,2.0,0.0,0.0,0.0,0.0,0.0,
Ezequiél Fernández,ARG,MF,21,16.0,14,1250.0,13.9,2.0,1.0,3.0,2.0,0.0,0.0,4.0,0.0,0.14,0.07,0.22,0.14,0.22,2024,1.0,1.0,0.7,1.7,15.0,75.0,16.0,0.1,0.06,0.16,0.1,0.16,
Milton Giménez,ARG,FW,27,22.0,10,1093.0,12.1,7.0,1.0,8.0,7.0,0.0,0.0,5.0,1.0,0.58,0.08,0.66,0.58,0.66,2024,4.1,4.1,0.6,4.6,5.0,19.0,43.0,0.36,0.05,0.41,0.36,0.41,
Aaron Anselmino,ARG,DF,18,15.0,12,1083.0,12.0,1.0,3.0,4.0,1.0,0.0,0.0,2.0,0.0,0.08,0.25,0.33,0.08,0.33,2024,0.0,0.0,1.8,1.8,9.0,28.0,1.0,0.0,0.18,0.18,0.0,0.18,
Exequiel Zeballos,ARG,"MF,FW",21,22.0,11,1068.0,11.9,1.0,2.0,3.0,1.0,0.0,0.0,3.0,0.0,0.08,0.17,0.25,0.08,0.25,2024,3.3,3.3,1.8,5.1,45.0,23.0,102.0,0.28,0.15,0.44,0.28,0.44,
Brian Aguirre,ARG,"FW,MF",20,16.0,11,891.0,9.9,2.0,1.0,3.0,2.0,0.0,0.0,1.0,0.0,0.2,0.1,0.3,0.2,0.3,2024,1.7,1.7,2.0,3.7,26.0,40.0,88.0,0.17,0.2,0.38,0.17,0.38,
Luca Langoni,ARG,FW,21,22.0,9,867.0,9.6,1.0,1.0,2.0,1.0,0.0,0.0,3.0,0.0,0.1,0.1,0.21,0.1,0.21,2024,1.0,1.0,1.0,2.0,9.0,11.0,65.0,0.11,0.12,0.24,0.11,0.24,
Ignacio Miramon,ARG,MF,20,15.0,11,794.0,8.8,0.0,0.0,0.0,0.0,0.0,0.0,3.0,0.0,0.0,0.0,0.0,0.0,0.0,2024,0.1,0.1,1.1,1.3,10.0,48.0,15.0,0.01,0.13,0.14,0.01,0.14,
Gary Medel,CHI,"DF,MF",36,11.0,7,704.0,7.8,0.0,0.0,0.0,0.0,0.0,0.0,6.0,0.0,0.0,0.0,0.0,0.0,0.0,2024,0.0,0.0,0.1,0.1,0.0,13.0,0.0,0.0,0.01,0.01,0.0,0.01,
Lucas Janson,ARG,"FW,MF",29,22.0,7,693.0,7.7,0.0,0.0,0.0,0.0,0.0,0.0,1.0,0.0,0.0,0.0,0.0,0.0,0.0,2024,1.7,1.7,0.2,1.9,9.0,16.0,50.0,0.32,0.03,0.35,0.32,0.35,
Frank Fabra,COL,"DF,MF",32,16.0,6,560.0,6.2,0.0,1.0,1.0,0.0,0.0,0.0,1.0,0.0,0.0,0.16,0.16,0.0,0.16,2024,0.0,0.0,0.5,0.5,16.0,27.0,33.0,0.0,0.09,0.09,0.0,0.09,
Milton Delgado,ARG,MF,18,15.0,6,536.0,6.0,0.0,0.0,0.0,0.0,0.0,0.0,2.0,1.0,0.0,0.0,0.0,0.0,0.0,2024,0.0,0.0,0.0,0.0,5.0,15.0,4.0,0.0,0.0,0.0,0.0,0.0,
Mauricio Benítez,ARG,MF,19,10.0,6,532.0,5.9,0.0,0.0,0.0,0.0,0.0,0.0,0.0,0.0,0.0,0.0,0.0,0.0,0.0,2024,0.1,0.1,0.0,0.1,2.0,18.0,4.0,0.03,0.0,0.03,0.03,0.03,
Nicolás Valentini,ARG,DF,22,9.0,6,525.0,5.8,1.0,0.0,1.0,1.0,0.0,0.0,1.0,0.0,0.17,0.0,0.17,0.17,0.17,2024,0.1,0.1,0.0,0.1,3.0,10.0,2.0,0.03,0.0,0.03,0.03,0.03,
Jorman Campuzano,COL,DF,27,10.0,7,521.0,5.8,0.0,0.0,0.0,0.0,0.0,0.0,3.0,0.0,0.0,0.0,0.0,0.0,0.0,2024,0.0,0.0,0.0,0.0,6.0,33.0,3.0,0.0,0.01,0.01,0.0,0.01,
Juan Barinaga,ARG,DF,23,8.0,6,478.0,5.3,0.0,0.0,0.0,0.0,0.0,0.0,2.0,0.0,0.0,0.0,0.0,0.0,0.0,2024,0.1,0.1,0.0,0.1,8.0,22.0,23.0,0.01,0.0,0.01,0.01,0.01,
Lucas Blondel,SUI,"DF,MF",27,9.0,6,423.0,4.7,2.0,0.0,2.0,2.0,0.0,0.0,0.0,0.0,0.43,0.0,0.43,0.43,0.43,2024,1.1,1.1,0.1,1.2,8.0,17.0,21.0,0.23,0.03,0.26,0.23,0.26,
Agustín Martegani,ARG,MF,23,10.0,5,391.0,4.3,0.0,0.0,0.0,0.0,0.0,0.0,0.0,0.0,0.0,0.0,0.0,0.0,0.0,2024,0.0,0.0,0.3,0.4,8.0,16.0,20.0,0.01,0.08,0.09,0.01,0.09,
Darío Benedetto,ARG,FW,33,11.0,3,332.0,3.7,1.0,0.0,1.0,1.0,0.0,1.0,0.0,0.0,0.27,0.0,0.27,0.27,0.27,2024,1.0,1.0,0.3,1.3,6.0,5.0,24.0,0.42,0.12,0.54,0.42,0.54,
Ezequiel Bullaude,ARG,"FW,MF",23,6.0,2,246.0,2.7,0.0,0.0,0.0,0.0,0.0,0.0,2.0,0.0,0.0,0.0,0.0,0.0,0.0,2024,0.5,0.5,1.0,1.4,6.0,14.0,13.0,0.19,0.4,0.58,0.19,0.58,
Mateo Mendía,ARG,DF,19,4.0,1,209.0,2.3,0.0,0.0,0.0,0.0,0.0,0.0,0.0,0.0,0.0,0.0,0.0,0.0,0.0,2024,0.0,0.0,0.0,0.0,1.0,8.0,1.0,0.01,0.0,0.01,0.01,0.01,
Julián Ceballos,ARG,MF,19,4.0,3,180.0,2.0,0.0,0.0,0.0,0.0,0.0,0.0,0.0,0.0,0.0,0.0,0.0,0.0,0.0,2024,0.0,0.0,0.0,0.0,0.0,7.0,1.0,0.0,0.0,0.0,0.0,0.0,
Norberto Briasco,ARM,"MF,FW",27,6.0,1,171.0,1.9,0.0,1.0,1.0,0.0,0.0,0.0,1.0,0.0,0.0,0.53,0.53,0.0,0.53,2024,0.0,0.0,0.0,0.0,2.0,0.0,6.0,0.0,0.02,0.02,0.0,0.02,
Juan Ramírez,ARG,MF,30,4.0,2,151.0,1.7,0.0,0.0,0.0,0.0,0.0,0.0,1.0,0.0,0.0,0.0,0.0,0.0,0.0,2024,0.0,0.0,0.0,0.0,0.0,2.0,3.0,0.0,0.0,0.0,0.0,0.0,
Vicente Taborda,ARG,MF,22,5.0,2,144.0,1.6,0.0,0.0,0.0,0.0,0.0,0.0,0.0,0.0,0.0,0.0,0.0,0.0,0.0,2024,0.0,0.0,0.0,0.0,1.0,1.0,9.0,0.02,0.0,0.02,0.02,0.02,
Javier Hernán García,ARG,GK,37,1.0,1,72.0,0.8,0.0,0.0,0.0,0.0,0.0,0.0,0.0,0.0,0.0,0.0,0.0,0.0,0.0,2024,0.0,0.0,0.0,0.0,0.0,0.0,0.0,0.0,0.0,0.0,0.0,0.0,
Iker Zufiaurre,ARG,MF,18,3.0,0,67.0,0.7,0.0,0.0,0.0,0.0,0.0,0.0,0.0,0.0,0.0,0.0,0.0,0.0,0.0,2024,0.0,0.0,0.0,0.0,0.0,0.0,1.0,0.0,0.0,0.0,0.0,0.0,
Dylan Gorosito,ARG,DF,17,1.0,1,45.0,0.5,0.0,0.0,0.0,0.0,0.0,0.0,1.0,0.0,0.0,0.0,0.0,0.0,0.0,2024,0.0,0.0,0.0,0.0,0.0,1.0,1.0,0.0,0.07,0.07,0.0,0.07,
Joaquín Ruíz,ARG,FW,17,2.0,0,15.0,0.2,0.0,0.0,0.0,0.0,0.0,0.0,0.0,0.0,0.0,0.0,0.0,0.0,0.0,2024,0.0,0.0,0.0,0.0,0.0,0.0,2.0,0.0,0.0,0.0,0.0,0.0,
Walter Molas,ARG,DF,19,2.0,0,13.0,0.1,0.0,0.0,0.0,0.0,0.0,0.0,1.0,0.0,0.0,0.0,0.0,0.0,0.0,2024,0.0,0.0,0.0,0.0,0.0,0.0,0.0,0.0,0.0,0.0,0.0,0.0,
Santiago Dalmasso,ARG,MF,19,2.0,0,11.0,0.1,0.0,0.0,0.0,0.0,0.0,0.0,0.0,0.0,0.0,0.0,0.0,0.0,0.0,2024,0.0,0.0,0.0,0.0,0.0,0.0,0.0,0.0,0.0,0.0,0.0,0.0,
Juan Payal,ARG,FW,18,0.0,0,,,,,,,,,,,,,,,,2024,,,,,,,,,,,,,
Sebastián Díaz,ARG,GK,20,0.0,0,,,,,,,,,,,,,,,,2024,,,,,,,,,,,,,
Román Rodríguez,ARG,MF,20,0.0,0,,,,,,,,,,,,,,,,2024,,,,,,,,,,,,,
Ignacio Rodríguez,ARG,FW,19,0.0,0,,,,,,,,,,,,,,,,2024,,,,,,,,,,,,,
Marcelo Weigandt,ARG,DF,24,0.0,0,,,,,,,,,,,,,,,,2024,,,,,,,,,,,,,
Bruno Valdez,PAR,DF,31,0.0,0,,,,,,,,,,,,,,,,2024,,,,,,,,,,,,,
Agustín Marchesín,ARG,GK,37-249,32.0,32,2879.0,32.0,0.0,0.0,0.0,0.0,0.0,0.0,3.0,0.0,0.0,0.0,0.0,0.0,0.0,2025,0.0,0.0,0.0,0.0,0.0,0.0,0.0,0.0,0.0,0.0,0.0,0.0,
Lautaro Blanco,ARG,DF,26-274,30.0,30,2679.0,29.8,1.0,3.0,4.0,1.0,0.0,0.0,5.0,0.0,0.03,0.1,0.13,0.03,0.13,2025,0.5,0.5,3.4,3.9,67.0,96.0,173.0,0.02,0.13,0.14,0.02,0.14,
Rodrigo Battaglia,ARG,"DF,MF",34-131,27.0,24,2237.0,24.9,5.0,0.0,5.0,5.0,0.0,0.0,5.0,0.0,0.2,0.0,0.2,0.2,0.2,2025,2.8,2.6,0.3,2.9,26.0,71.0,13.0,0.13,0.01,0.14,0.12,0.13,
Miguel Merentiel,URU,FW,29-269,35.0,25,2167.0,24.1,13.0,4.0,17.0,12.0,1.0,1.0,2.0,0.0,0.54,0.17,0.71,0.5,0.66,2025,9.4,8.6,4.0,12.5,45.0,53.0,134.0,0.44,0.18,0.62,0.4,0.58,
Carlos Palacios,CHI,MF,25-123,28.0,26,2080.0,23.1,3.0,4.0,7.0,3.0,0.0,0.0,5.0,0.0,0.13,0.17,0.3,0.13,0.3,2025,1.6,1.6,4.2,5.8,39.0,124.0,66.0,0.08,0.2,0.28,0.08,0.28,
Lautaro Di Lollo,ARG,DF,21-255,26.0,21,1999.0,22.2,3.0,0.0,3.0,3.0,0.0,0.0,9.0,0.0,0.14,0.0,0.14,0.14,0.14,2025,0.7,0.7,0.2,0.9,17.0,67.0,0.0,0.04,0.01,0.05,0.04,0.05,
Ayrton Costa,ARG,DF,26-131,21.0,18,1715.0,19.1,2.0,1.0,3.0,2.0,0.0,0.0,7.0,1.0,0.1,0.05,0.16,0.1,0.16,2025,1.7,1.7,0.2,1.9,9.0,27.0,1.0,0.1,0.01,0.11,0.1,0.11,
Milton Giménez,ARG,FW,29-100,26.0,16,1557.0,17.3,9.0,3.0,12.0,9.0,0.0,0.0,6.0,0.0,0.52,0.17,0.69,0.52,0.69,2025,7.8,7.8,2.2,10.0,22.0,16.0,84.0,0.48,0.13,0.62,0.48,0.62,
Edinson Cavani,URU,FW,38-279,19.0,17,1394.0,15.5,4.0,2.0,6.0,3.0,1.0,3.0,4.0,0.0,0.26,0.13,0.39,0.19,0.32,2025,6.1,3.7,0.5,4.2,7.0,20.0,58.0,0.41,0.03,0.44,0.25,0.28,
Juan Barinaga,ARG,DF,25-041,17.0,15,1333.0,14.8,0.0,2.0,2.0,0.0,0.0,0.0,2.0,0.0,0.0,0.14,0.14,0.0,0.14,2025,0.2,0.2,1.7,1.9,32.0,44.0,88.0,0.02,0.11,0.13,0.02,0.13,
Luis Advíncula,PER,DF,35-263,22.0,13,1324.0,14.7,1.0,1.0,2.0,1.0,0.0,0.0,4.0,0.0,0.07,0.07,0.14,0.07,0.14,2025,0.7,0.7,0.7,1.4,19.0,45.0,59.0,0.06,0.06,0.12,0.06,0.12,
Milton Delgado,ARG,MF,20-157,18.0,15,1317.0,14.6,0.0,1.0,1.0,0.0,0.0,0.0,3.0,0.0,0.0,0.07,0.07,0.0,0.07,2025,0.1,0.1,0.0,0.2,14.0,85.0,9.0,0.01,0.0,0.01,0.01,0.01,
Alan Velasco,ARG,"MF,FW",23-116,25.0,16,1246.0,13.8,1.0,2.0,3.0,1.0,0.0,0.0,5.0,0.0,0.07,0.14,0.22,0.07,0.22,2025,1.6,1.6,1.4,3.0,22.0,49.0,76.0,0.14,0.12,0.26,0.14,0.26,
Tomás Belmonte,ARG,MF,27-177,19.0,13,1212.0,13.5,0.0,0.0,0.0,0.0,0.0,0.0,3.0,0.0,0.0,0.0,0.0,0.0,0.0,2025,0.8,0.8,0.1,0.8,1.0,34.0,14.0,0.06,0.0,0.07,0.06,0.07,
Leandro Paredes,ARG,MF,31-144,14.0,13,1187.0,13.2,1.0,4.0,5.0,0.0,1.0,1.0,3.0,0.0,0.08,0.3,0.38,0.0,0.3,2025,1.6,0.8,3.0,3.8,29.0,148.0,23.0,0.12,0.23,0.35,0.06,0.29,
Kevin Zenon,ARG,"MF,FW",24-113,25.0,11,1139.0,12.7,2.0,0.0,2.0,2.0,0.0,0.0,1.0,1.0,0.16,0.0,0.16,0.16,0.16,2025,1.6,1.6,1.7,3.3,25.0,65.0,94.0,0.15,0.17,0.32,0.15,0.32,
Exequiel Zeballos,ARG,"MF,FW",23-210,28.0,10,1080.0,12.0,5.0,3.0,8.0,5.0,0.0,1.0,1.0,0.0,0.42,0.25,0.67,0.42,0.67,2025,4.7,3.9,2.1,6.0,50.0,32.0,138.0,0.41,0.19,0.6,0.34,0.53,
Marcos Rojo,ARG,DF,35-245,11.0,11,859.0,9.5,1.0,0.0,1.0,1.0,0.0,0.0,4.0,0.0,0.1,0.0,0.1,0.1,0.1,2025,0.6,0.6,0.0,0.6,5.0,55.0,0.0,0.06,0.0,0.06,0.06,0.06,
William Alarcón,CHI,MF,25-000,21.0,8,835.0,9.3,0.0,1.0,1.0,0.0,0.0,0.0,4.0,0.0,0.0,0.11,0.11,0.0,0.11,2025,0.5,0.5,1.3,1.8,7.0,49.0,30.0,0.05,0.15,0.2,0.05,0.2,
Brian Aguirre,ARG,"MF,FW",22-172,16.0,10,732.0,8.1,1.0,2.0,3.0,1.0,0.0,0.0,0.0,0.0,0.12,0.25,0.37,0.12,0.37,2025,1.2,1.2,1.1,2.3,25.0,22.0,65.0,0.14,0.14,0.28,0.14,0.28,
Marco Pellegrino,ARG,DF,23-125,7.0,7,630.0,7.0,0.0,0.0,0.0,0.0,0.0,0.0,2.0,0.0,0.0,0.0,0.0,0.0,0.0,2025,0.3,0.3,0.0,0.3,3.0,20.0,1.0,0.06,0.0,0.06,0.06,0.06,
Lucas Blondel,SUI,"DF,MF",29-067,9.0,7,545.0,6.1,0.0,1.0,1.0,0.0,0.0,0.0,1.0,0.0,0.0,0.17,0.17,0.0,0.17,2025,0.5,0.5,0.1,0.6,9.0,22.0,34.0,0.08,0.02,0.1,0.08,0.1,
Ander Herrera,ESP,MF,36-098,13.0,6,460.0,5.1,0.0,0.0,0.0,0.0,0.0,0.0,1.0,1.0,0.0,0.0,0.0,0.0,0.0,2025,0.3,0.3,0.4,0.7,1.0,34.0,18.0,0.06,0.09,0.15,0.06,0.15,
Marcelo Saracchi,URU,"DF,MF",27-211,7.0,4,371.0,4.1,1.0,0.0,1.0,1.0,0.0,0.0,1.0,0.0,0.24,0.0,0.24,0.24,0.24,2025,0.1,0.1,0.5,0.5,12.0,23.0,26.0,0.02,0.12,0.13,0.02,0.13,
Malcom Braida,ARG,"FW,MF",28-187,7.0,3,325.0,3.6,0.0,0.0,0.0,0.0,0.0,0.0,1.0,0.0,0.0,0.0,0.0,0.0,0.0,2025,0.0,0.0,0.0,0.0,1.0,4.0,13.0,0.0,0.01,0.01,0.0,0.01,
Camilo Rey,ARG,MF,19-255,5.0,3,305.0,3.4,0.0,0.0,0.0,0.0,0.0,0.0,0.0,0.0,0.0,0.0,0.0,0.0,0.0,2025,0.0,0.0,0.0,0.0,2.0,12.0,3.0,0.0,0.0,0.0,0.0,0.0,
Leandro Brey,ARG,GK,23-060,4.0,3,271.0,3.0,0.0,0.0,0.0,0.0,0.0,0.0,0.0,0.0,0.0,0.0,0.0,0.0,0.0,2025,0.0,0.0,0.0,0.0,0.0,0.0,0.0,0.0,0.0,0.0,0.0,0.0,
Jorge Figal,ARG,DF,31-231,3.0,3,248.0,2.8,0.0,0.0,0.0,0.0,0.0,0.0,0.0,1.0,0.0,0.0,0.0,0.0,0.0,2025,0.0,0.0,0.0,0.0,0.0,4.0,1.0,0.0,0.0,0.0,0.0,0.0,
Lucas Janson,ARG,"FW,MF",31-096,4.0,1,118.0,1.3,0.0,0.0,0.0,0.0,0.0,0.0,0.0,0.0,0.0,0.0,0.0,0.0,0.0,2025,0.1,0.1,0.3,0.5,2.0,7.0,9.0,0.11,0.25,0.36,0.11,0.36,
Frank Fabra,COL,DF,34-271,2.0,1,111.0,1.2,0.0,0.0,0.0,0.0,0.0,0.0,1.0,0.0,0.0,0.0,0.0,0.0,0.0,2025,0.3,0.3,0.1,0.4,6.0,8.0,6.0,0.25,0.1,0.35,0.25,0.35,
Ignacio Miramon,ARG,"MF,FW",22-161,3.0,1,102.0,1.1,0.0,0.0,0.0,0.0,0.0,0.0,1.0,0.0,0.0,0.0,0.0,0.0,0.0,2025,0.2,0.2,0.0,0.2,1.0,7.0,0.0,0.17,0.0,0.17,0.17,0.17,
Mateo Mendía,ARG,DF,21-290,2.0,1,91.0,1.0,0.0,0.0,0.0,0.0,0.0,0.0,0.0,0.0,0.0,0.0,0.0,0.0,0.0,2025,0.0,0.0,0.0,0.0,0.0,4.0,0.0,0.0,0.0,0.0,0.0,0.0,
Agustín Martegani,ARG,MF,25-184,1.0,1,57.0,0.6,0.0,0.0,0.0,0.0,0.0,0.0,0.0,0.0,0.0,0.0,0.0,0.0,0.0,2025,0.1,0.1,0.0,0.1,1.0,0.0,2.0,0.12,0.0,0.12,0.12,0.12,
Joaquín Ruíz,ARG,"MF,FW",19-122,1.0,0,26.0,0.3,0.0,0.0,0.0,0.0,0.0,0.0,0.0,0.0,0.0,0.0,0.0,0.0,0.0,2025,0.1,0.1,0.0,0.1,1.0,1.0,3.0,0.44,0.0,0.44,0.44,0.44,
Santiago Dalmasso,ARG,MF,21-155,1.0,0,12.0,0.1,0.0,0.0,0.0,0.0,0.0,0.0,0.0,0.0,0.0,0.0,0.0,0.0,0.0,2025,0.0,0.0,0.0,0.0,0.0,0.0,0.0,0.15,0.0,0.15,0.15,0.15,
Cristian Lema,ARG,DF,35-241,0.0,0,,,,,,,,,,,,,,,,2025,,,,,,,,,,,,,
Javier Hernán García,ARG,GK,38-295,0.0,0,,,,,,,,,,,,,,,,2025,,,,,,,,,,,,,
Valentino Simoni,ARG,MF,21-204,0.0,0,,,,,,,,,,,,,,,,2025,,,,,,,,,,,,,
