player,nation,position,age,nineties,passes_attempted,passes_live,passes_dead,passes_from_free_kicks,through_balls,switches,crosses,throw_ins,corner_kicks,corners_inswinging,corners_outswinging,corners_straight,passes_completed,offsides_passes,passes_blocked,fbref_comp_id,season
Cristian Pavón,ARG,FW,20.0,28.6,1054.0,997.0,50.0,4.0,0.0,6.0,127,7.0,39.0,10.0,11.0,0.0,724.0,7.0,35.0,21.0,2016
Pablo Pérez,ARG,MF,30.0,25.5,1631.0,1500.0,124.0,59.0,3.0,18.0,60,4.0,61.0,14.0,22.0,1.0,1289.0,7.0,52.0,21.0,2016
Gino Peruzzi,ARG,DF,24.0,24.1,1305.0,974.0,331.0,16.0,0.0,0.0,51,315.0,0.0,0.0,0.0,0.0,1037.0,0.0,39.0,21.0,2016
Santiago Vergini,ARG,DF,27.0,24.7,1226.0,1192.0,32.0,29.0,0.0,6.0,0,3.0,0.0,0.0,0.0,0.0,1047.0,2.0,12.0,21.0,2016
Darío Benedetto,ARG,FW,26.0,20.5,399.0,363.0,35.0,1.0,0.0,6.0,9,0.0,0.0,0.0,0.0,0.0,276.0,1.0,11.0,21.0,2016
Rodrigo Bentancur,URU,MF,19.0,20.4,1025.0,1013.0,7.0,5.0,2.0,9.0,5,2.0,0.0,0.0,0.0,0.0,841.0,5.0,30.0,21.0,2016
Juan Manuel Insaurralde,ARG,DF,31.0,18.5,933.0,892.0,41.0,37.0,0.0,16.0,1,4.0,0.0,0.0,0.0,0.0,784.0,0.0,8.0,21.0,2016
Frank Fabra,COL,DF,25.0,17.9,810.0,624.0,186.0,19.0,0.0,3.0,34,167.0,0.0,0.0,0.0,0.0,621.0,0.0,10.0,21.0,2016
Ricardo Centurión,ARG,"FW,MF",23.0,15.0,498.0,473.0,20.0,5.0,2.0,3.0,29,5.0,9.0,3.0,1.0,0.0,365.0,5.0,17.0,21.0,2016
Agustín Rossi,ARG,GK,20.0,16.0,528.0,334.0,194.0,51.0,0.0,1.0,0,0.0,0.0,0.0,0.0,0.0,371.0,0.0,1.0,21.0,2016
Fernando Gago,ARG,MF,30.0,15.9,1187.0,1063.0,119.0,112.0,8.0,9.0,25,7.0,0.0,0.0,0.0,0.0,946.0,5.0,14.0,21.0,2016
Fernando Tobio,ARG,DF,26.0,12.6,589.0,568.0,20.0,15.0,0.0,2.0,0,5.0,0.0,0.0,0.0,0.0,480.0,1.0,5.0,21.0,2016
Jonathan Silva,ARG,DF,22.0,12.1,684.0,504.0,179.0,32.0,0.0,2.0,57,141.0,6.0,0.0,6.0,0.0,489.0,1.0,20.0,21.0,2016
Guillermo Sara,ARG,GK,28.0,12.0,344.0,188.0,156.0,31.0,0.0,0.0,0,0.0,0.0,0.0,0.0,0.0,232.0,0.0,1.0,21.0,2016
Wílmar Barrios,COL,MF,22.0,12.0,688.0,669.0,19.0,19.0,0.0,1.0,0,0.0,0.0,0.0,0.0,0.0,583.0,0.0,23.0,21.0,2016
Carlos Tevez,ARG,"MF,FW",32.0,10.2,482.0,462.0,16.0,8.0,8.0,11.0,14,1.0,1.0,1.0,0.0,0.0,388.0,4.0,15.0,21.0,2016
Leonardo Jara,ARG,"DF,MF",25.0,7.4,327.0,266.0,60.0,5.0,1.0,0.0,19,54.0,1.0,0.0,1.0,0.0,225.0,1.0,5.0,21.0,2016
Walter Bou,ARG,FW,22.0,9.5,263.0,249.0,13.0,0.0,1.0,3.0,6,0.0,0.0,0.0,0.0,0.0,194.0,1.0,11.0,21.0,2016
Lisandro Magallán,ARG,DF,22.0,4.7,187.0,178.0,8.0,8.0,0.0,1.0,0,0.0,0.0,0.0,0.0,0.0,161.0,1.0,2.0,21.0,2016
Fernando Zuqui,ARG,FW,24.0,4.8,224.0,216.0,8.0,0.0,0.0,0.0,13,2.0,6.0,3.0,2.0,0.0,180.0,0.0,13.0,21.0,2016
Sebastián Pérez Cardona,COL,MF,23.0,4.7,325.0,308.0,16.0,15.0,0.0,2.0,1,0.0,1.0,0.0,0.0,0.0,290.0,1.0,3.0,21.0,2016
Oscar Benítez,ARG,FW,23.0,3.5,83.0,82.0,1.0,0.0,0.0,0.0,6,1.0,0.0,0.0,0.0,0.0,54.0,0.0,6.0,21.0,2016
Andrés Cubas,PAR,MF,20.0,2.3,95.0,91.0,4.0,4.0,0.0,0.0,1,0.0,0.0,0.0,0.0,0.0,78.0,0.0,4.0,21.0,2016
Axel Werner,ARG,GK,20.0,2.0,52.0,29.0,23.0,3.0,0.0,0.0,0,0.0,0.0,0.0,0.0,0.0,33.0,0.0,0.0,21.0,2016
Nazareno Solís,ARG,FW,22.0,1.2,50.0,46.0,4.0,4.0,0.0,0.0,6,0.0,0.0,0.0,0.0,0.0,35.0,0.0,4.0,21.0,2016
Gonzalo Maroni,ARG,"MF,FW",17.0,1.0,20.0,20.0,0.0,0.0,0.0,0.0,0,0.0,0.0,0.0,0.0,0.0,14.0,0.0,0.0,21.0,2016
Federico Carrizo,ARG,"FW,MF",25.0,0.8,28.0,28.0,0.0,0.0,0.0,1.0,3,0.0,0.0,0.0,0.0,0.0,20.0,0.0,1.0,21.0,2016
Gonzalo Castellani,ARG,FW,28.0,0.7,32.0,27.0,5.0,2.0,0.0,0.0,4,0.0,3.0,0.0,3.0,0.0,26.0,0.0,0.0,21.0,2016
Agustín Rossi,ARG,GK,21.0,26.0,743.0,426.0,315.0,68.0,0.0,0.0,0,0.0,0.0,0.0,0.0,0.0,511.0,2.0,0.0,21.0,2017
Cristian Pavón,ARG,FW,21.0,25.2,1092.0,1029.0,59.0,11.0,1.0,10.0,127,12.0,35.0,6.0,16.0,0.0,739.0,4.0,31.0,21.0,2017
Lisandro Magallán,ARG,DF,23.0,25.0,1341.0,1270.0,67.0,62.0,0.0,9.0,0,5.0,0.0,0.0,0.0,0.0,1113.0,4.0,11.0,21.0,2017
Wílmar Barrios,COL,MF,23.0,22.1,1173.0,1124.0,48.0,47.0,1.0,5.0,1,1.0,0.0,0.0,0.0,0.0,988.0,1.0,14.0,21.0,2017
Frank Fabra,COL,DF,26.0,21.5,1129.0,892.0,233.0,17.0,1.0,4.0,29,216.0,0.0,0.0,0.0,0.0,908.0,4.0,22.0,21.0,2017
Nahitan Nández,URU,MF,21.0,21.0,924.0,903.0,19.0,7.0,3.0,7.0,26,12.0,0.0,0.0,0.0,0.0,737.0,2.0,28.0,21.0,2017
Leonardo Jara,ARG,DF,26.0,19.1,1037.0,837.0,198.0,12.0,1.0,6.0,33,185.0,1.0,0.0,1.0,0.0,807.0,2.0,19.0,21.0,2017
Paolo Goltz,ARG,DF,32.0,17.5,901.0,860.0,40.0,31.0,0.0,10.0,1,9.0,0.0,0.0,0.0,0.0,796.0,1.0,2.0,21.0,2017
Edwin Cardona,COL,"FW,MF",24.0,17.5,839.0,704.0,131.0,49.0,7.0,20.0,87,13.0,69.0,14.0,32.0,0.0,597.0,4.0,20.0,21.0,2017
Pablo Pérez,ARG,MF,31.0,16.1,1067.0,1026.0,36.0,29.0,4.0,17.0,9,5.0,2.0,0.0,1.0,0.0,846.0,5.0,20.0,21.0,2017
Carlos Tevez,ARG,"MF,FW",33.0,9.0,342.0,327.0,11.0,3.0,5.0,6.0,6,0.0,2.0,0.0,1.0,0.0,287.0,4.0,8.0,21.0,2017
Darío Benedetto,ARG,FW,27.0,8.3,186.0,167.0,18.0,2.0,2.0,3.0,2,3.0,0.0,0.0,0.0,0.0,143.0,1.0,2.0,21.0,2017
Emanuel Reynoso,ARG,"MF,FW",21.0,8.0,482.0,455.0,25.0,8.0,4.0,4.0,25,2.0,15.0,9.0,2.0,0.0,375.0,2.0,11.0,21.0,2017
Santiago Vergini,ARG,DF,28.0,7.9,369.0,341.0,28.0,26.0,0.0,7.0,0,2.0,0.0,0.0,0.0,0.0,294.0,0.0,5.0,21.0,2017
Walter Bou,ARG,FW,23.0,6.4,143.0,129.0,13.0,1.0,0.0,1.0,0,0.0,0.0,0.0,0.0,0.0,106.0,1.0,5.0,21.0,2017
Fernando Gago,ARG,MF,31.0,5.8,452.0,417.0,32.0,24.0,2.0,3.0,4,8.0,0.0,0.0,0.0,0.0,361.0,3.0,6.0,21.0,2017
Ramón Ábila,ARG,FW,27.0,6.0,132.0,116.0,15.0,0.0,2.0,0.0,5,1.0,0.0,0.0,0.0,0.0,81.0,1.0,7.0,21.0,2017
Emmanuel Más,ARG,DF,28.0,5.4,248.0,199.0,49.0,2.0,0.0,0.0,9,47.0,0.0,0.0,0.0,0.0,189.0,0.0,5.0,21.0,2017
Julio Buffarini,ARG,"DF,MF",28.0,5.0,248.0,194.0,54.0,4.0,0.0,0.0,21,49.0,1.0,0.0,1.0,0.0,187.0,0.0,5.0,21.0,2017
Gino Peruzzi,ARG,DF,25.0,3.5,207.0,152.0,54.0,4.0,0.0,1.0,9,50.0,0.0,0.0,0.0,0.0,160.0,1.0,8.0,21.0,2017
Cristian Espinoza,ARG,FW,22.0,3.1,101.0,90.0,11.0,2.0,1.0,0.0,16,0.0,9.0,3.0,3.0,0.0,73.0,0.0,6.0,21.0,2017
Sebastián Pérez Cardona,COL,MF,24.0,2.5,104.0,100.0,4.0,4.0,0.0,1.0,0,0.0,0.0,0.0,0.0,0.0,89.0,0.0,0.0,21.0,2017
Oscar Benítez,ARG,FW,24.0,3.1,87.0,86.0,1.0,0.0,0.0,0.0,1,0.0,0.0,0.0,0.0,0.0,70.0,0.0,4.0,21.0,2017
Agustín Heredia,ARG,DF,20.0,2.0,69.0,68.0,1.0,0.0,0.0,0.0,0,1.0,0.0,0.0,0.0,0.0,51.0,0.0,0.0,21.0,2017
Guido Vadalá,ARG,FW,20.0,2.0,34.0,31.0,3.0,0.0,0.0,0.0,1,1.0,0.0,0.0,0.0,0.0,24.0,0.0,1.0,21.0,2017
Agustín Almendra,ARG,MF,17.0,1.1,43.0,41.0,2.0,2.0,0.0,0.0,0,0.0,0.0,0.0,0.0,0.0,31.0,0.0,2.0,21.0,2017
Julián Chicco,ARG,MF,19.0,1.0,44.0,44.0,0.0,0.0,0.0,0.0,0,0.0,0.0,0.0,0.0,0.0,35.0,0.0,0.0,21.0,2017
Gonzalo Goñi,ARG,DF,18.0,1.0,16.0,16.0,0.0,0.0,0.0,0.0,0,0.0,0.0,0.0,0.0,0.0,11.0,0.0,0.0,21.0,2017
Guillermo Sara,ARG,GK,29.0,1.0,31.0,12.0,19.0,5.0,0.0,0.0,0,0.0,0.0,0.0,0.0,0.0,10.0,0.0,0.0,21.0,2017
Gonzalo Maroni,ARG,MF,18.0,1.3,61.0,60.0,1.0,0.0,0.0,2.0,1,1.0,0.0,0.0,0.0,0.0,43.0,0.0,4.0,21.0,2017
Agustín Bouzat,ARG,FW,23.0,0.5,22.0,21.0,1.0,0.0,0.0,0.0,3,0.0,1.0,1.0,0.0,0.0,14.0,0.0,2.0,21.0,2017
Gonzalo Lamardo,ARG,MF,20.0,0.3,11.0,11.0,0.0,0.0,0.0,0.0,0,0.0,0.0,0.0,0.0,0.0,9.0,0.0,0.0,21.0,2017
Fernando Evangelista,ARG,FW,25.0,0.0,1.0,1.0,0.0,0.0,0.0,0.0,0,0.0,0.0,0.0,0.0,0.0,1.0,0.0,0.0,21.0,2017
Juan Manuel Insaurralde,ARG,DF,32.0,0.0,2.0,2.0,0.0,0.0,0.0,0.0,0,0.0,0.0,0.0,0.0,0.0,0.0,0.0,1.0,21.0,2017
Esteban Andrada,ARG,GK,27.0,18.0,602.0,369.0,230.0,52.0,0.0,2.0,0,0.0,0.0,0.0,0.0,0.0,390.0,3.0,0.0,21.0,2018
Emmanuel Más,ARG,DF,29.0,17.5,738.0,573.0,164.0,5.0,0.0,0.0,33,159.0,0.0,0.0,0.0,0.0,549.0,1.0,29.0,21.0,2018
Julio Buffarini,ARG,DF,29.0,17.0,811.0,631.0,176.0,11.0,1.0,4.0,41,165.0,0.0,0.0,0.0,0.0,625.0,4.0,25.0,21.0,2018
Mauro Zárate,ARG,"FW,MF",31.0,16.6,594.0,502.0,87.0,27.0,4.0,3.0,62,9.0,44.0,14.0,24.0,1.0,437.0,5.0,19.0,21.0,2018
Carlos Izquierdoz,ARG,DF,29.0,16.0,695.0,654.0,38.0,38.0,0.0,1.0,1,0.0,0.0,0.0,0.0,0.0,569.0,3.0,5.0,21.0,2018
Cristian Pavón,ARG,"FW,MF",22.0,12.8,492.0,465.0,23.0,3.0,0.0,6.0,37,3.0,17.0,5.0,6.0,0.0,343.0,4.0,19.0,21.0,2018
Carlos Tevez,ARG,"MF,FW",34.0,12.3,518.0,478.0,34.0,18.0,2.0,5.0,15,2.0,9.0,2.0,3.0,1.0,417.0,6.0,16.0,21.0,2018
Agustín Almendra,ARG,MF,18.0,11.9,627.0,611.0,14.0,11.0,1.0,9.0,3,3.0,0.0,0.0,0.0,0.0,501.0,2.0,22.0,21.0,2018
Iván Marcone,ARG,MF,28.0,11.0,579.0,562.0,17.0,16.0,0.0,7.0,1,1.0,0.0,0.0,0.0,0.0,525.0,0.0,4.0,21.0,2018
Nahitan Nández,URU,MF,22.0,10.1,457.0,432.0,22.0,8.0,0.0,3.0,13,14.0,0.0,0.0,0.0,0.0,349.0,3.0,16.0,21.0,2018
Sebastián Villa,COL,"FW,MF",22.0,9.9,316.0,300.0,14.0,0.0,0.0,0.0,45,2.0,12.0,3.0,7.0,0.0,207.0,2.0,19.0,21.0,2018
Darío Benedetto,ARG,FW,28.0,9.6,219.0,202.0,15.0,0.0,2.0,1.0,2,0.0,0.0,0.0,0.0,0.0,150.0,2.0,13.0,21.0,2018
Paolo Goltz,ARG,DF,33.0,9.9,428.0,403.0,24.0,22.0,0.0,1.0,0,2.0,0.0,0.0,0.0,0.0,354.0,1.0,4.0,21.0,2018
Ramón Ábila,ARG,FW,28.0,8.9,169.0,152.0,16.0,0.0,1.0,0.0,0,0.0,0.0,0.0,0.0,0.0,111.0,1.0,9.0,21.0,2018
Fernando Gago,ARG,MF,32.0,8.0,585.0,527.0,53.0,43.0,7.0,3.0,11,8.0,2.0,0.0,1.0,0.0,456.0,5.0,10.0,21.0,2018
Lisandro López,ARG,DF,28.0,8.0,334.0,311.0,22.0,20.0,0.0,0.0,0,2.0,0.0,0.0,0.0,0.0,294.0,1.0,2.0,21.0,2018
Jorman Campuzano,COL,MF,22.0,7.9,356.0,339.0,15.0,11.0,0.0,7.0,0,4.0,0.0,0.0,0.0,0.0,306.0,2.0,3.0,21.0,2018
Edwin Cardona,COL,"FW,MF",25.0,7.5,370.0,304.0,64.0,23.0,3.0,6.0,53,7.0,34.0,14.0,16.0,0.0,247.0,2.0,6.0,21.0,2018
Lisandro Magallán,ARG,DF,24.0,7.1,239.0,217.0,22.0,22.0,0.0,2.0,1,0.0,0.0,0.0,0.0,0.0,176.0,0.0,2.0,21.0,2018
Emanuel Reynoso,ARG,"MF,FW",22.0,7.0,421.0,395.0,24.0,9.0,9.0,3.0,23,3.0,12.0,4.0,5.0,0.0,320.0,2.0,10.0,21.0,2018
Júnior Alonso,PAR,DF,25.0,7.0,374.0,325.0,48.0,18.0,0.0,3.0,3,30.0,0.0,0.0,0.0,0.0,277.0,1.0,7.0,21.0,2018
Agustín Rossi,ARG,GK,22.0,6.0,177.0,106.0,71.0,17.0,0.0,0.0,0,0.0,0.0,0.0,0.0,0.0,132.0,0.0,0.0,21.0,2018
Wílmar Barrios,COL,MF,24.0,5.7,232.0,215.0,16.0,15.0,0.0,1.0,2,1.0,0.0,0.0,0.0,0.0,163.0,1.0,11.0,21.0,2018
Leonardo Balerdi,ARG,DF,19.0,5.0,220.0,211.0,9.0,9.0,0.0,0.0,0,0.0,0.0,0.0,0.0,0.0,181.0,0.0,3.0,21.0,2018
Lucas Olaza,URU,DF,24.0,3.5,152.0,121.0,31.0,2.0,0.0,0.0,5,29.0,0.0,0.0,0.0,0.0,106.0,0.0,3.0,21.0,2018
Leonardo Jara,ARG,DF,27.0,3.4,153.0,104.0,49.0,3.0,1.0,1.0,4,46.0,0.0,0.0,0.0,0.0,104.0,0.0,1.0,21.0,2018
Pablo Pérez,ARG,MF,32.0,3.7,206.0,198.0,7.0,7.0,2.0,2.0,0,0.0,0.0,0.0,0.0,0.0,155.0,1.0,10.0,21.0,2018
Cristian Espinoza,ARG,FW,23.0,3.3,93.0,89.0,4.0,0.0,1.0,0.0,8,1.0,3.0,0.0,2.0,0.0,72.0,0.0,5.0,21.0,2018
Gino Peruzzi,ARG,DF,26.0,3.0,166.0,134.0,31.0,0.0,0.0,0.0,4,31.0,0.0,0.0,0.0,0.0,137.0,1.0,3.0,21.0,2018
Julián Chicco,ARG,MF,20.0,2.5,122.0,122.0,0.0,0.0,0.0,0.0,1,0.0,0.0,0.0,0.0,0.0,97.0,0.0,4.0,21.0,2018
Kevin Mac Allister,ARG,DF,20.0,1.2,65.0,42.0,23.0,1.0,0.0,1.0,0,22.0,0.0,0.0,0.0,0.0,54.0,0.0,3.0,21.0,2018
Marcos Guillermo Díaz,ARG,GK,32.0,1.0,22.0,14.0,8.0,1.0,0.0,0.0,0,0.0,0.0,0.0,0.0,0.0,17.0,0.0,0.0,21.0,2018
Frank Fabra,COL,DF,27.0,1.0,35.0,28.0,7.0,0.0,0.0,1.0,1,7.0,0.0,0.0,0.0,0.0,26.0,0.0,1.0,21.0,2018
Agustín Obando,ARG,MF,18.0,0.8,13.0,13.0,0.0,0.0,0.0,1.0,2,0.0,0.0,0.0,0.0,0.0,10.0,0.0,0.0,21.0,2018
Nicolás Capaldo,ARG,MF,20.0,0.1,2.0,2.0,0.0,0.0,0.0,0.0,0,0.0,0.0,0.0,0.0,0.0,2.0,0.0,0.0,21.0,2018
Brandon Cortés,CHI,MF,17.0,0.1,5.0,5.0,0.0,0.0,0.0,0.0,0,0.0,0.0,0.0,0.0,0.0,4.0,0.0,0.0,21.0,2018
Mateo Retegui,ITA,FW,19.0,0.1,0.0,0.0,0.0,0.0,0.0,0.0,0,0.0,0.0,0.0,0.0,0.0,0.0,0.0,0.0,21.0,2018
Esteban Andrada,ARG,GK,28.0,20.0,660.0,413.0,246.0,70.0,0.0,0.0,0,1.0,0.0,0.0,0.0,0.0,454.0,1.0,0.0,21.0,2019
Julio Buffarini,ARG,DF,30.0,19.7,877.0,653.0,224.0,11.0,0.0,4.0,36,213.0,0.0,0.0,0.0,0.0,658.0,0.0,13.0,21.0,2019
Frank Fabra,COL,DF,28.0,17.6,864.0,672.0,190.0,20.0,1.0,7.0,37,170.0,0.0,0.0,0.0,0.0,634.0,2.0,21.0,21.0,2019
Carlos Izquierdoz,ARG,DF,30.0,16.1,760.0,711.0,44.0,44.0,0.0,2.0,2,0.0,0.0,0.0,0.0,0.0,625.0,5.0,3.0,21.0,2019
Sebastián Villa,COL,"MF,FW",23.0,12.8,392.0,360.0,31.0,9.0,0.0,8.0,80,1.0,21.0,3.0,17.0,0.0,248.0,1.0,22.0,21.0,2019
Lisandro López,ARG,DF,29.0,12.3,530.0,499.0,31.0,29.0,0.0,0.0,0,2.0,0.0,0.0,0.0,0.0,413.0,0.0,1.0,21.0,2019
Iván Marcone,ARG,MF,29.0,12.5,544.0,521.0,20.0,18.0,0.0,8.0,0,2.0,0.0,0.0,0.0,0.0,455.0,3.0,7.0,21.0,2019
Eduardo Salvio,ARG,"MF,FW",29.0,12.4,453.0,439.0,12.0,0.0,2.0,1.0,10,10.0,2.0,0.0,0.0,0.0,341.0,2.0,19.0,21.0,2019
Franco Soldano,ARG,FW,24.0,11.3,215.0,200.0,13.0,0.0,0.0,0.0,7,0.0,0.0,0.0,0.0,0.0,122.0,2.0,9.0,21.0,2019
Júnior Alonso,PAR,DF,26.0,12.8,693.0,659.0,32.0,24.0,1.0,5.0,1,8.0,0.0,0.0,0.0,0.0,550.0,2.0,6.0,21.0,2019
Carlos Tevez,ARG,"FW,MF",35.0,11.7,589.0,524.0,60.0,20.0,1.0,0.0,38,3.0,36.0,4.0,21.0,0.0,476.0,5.0,15.0,21.0,2019
Jorman Campuzano,COL,MF,23.0,10.5,584.0,556.0,27.0,25.0,1.0,11.0,2,2.0,0.0,0.0,0.0,0.0,495.0,1.0,5.0,21.0,2019
Emanuel Reynoso,ARG,"MF,FW",23.0,10.0,537.0,489.0,41.0,14.0,4.0,4.0,39,3.0,24.0,2.0,17.0,1.0,384.0,7.0,9.0,21.0,2019
Nicolás Capaldo,ARG,MF,21.0,9.7,275.0,269.0,6.0,3.0,0.0,1.0,3,3.0,0.0,0.0,0.0,0.0,198.0,0.0,11.0,21.0,2019
Alexis Mac Allister,ARG,MF,20.0,7.9,328.0,271.0,53.0,19.0,0.0,3.0,47,1.0,33.0,6.0,25.0,0.0,230.0,4.0,6.0,21.0,2019
Guillermo Matías Fernández,ARG,MF,27.0,6.5,374.0,350.0,24.0,10.0,0.0,10.0,15,0.0,14.0,13.0,1.0,0.0,306.0,0.0,7.0,21.0,2019
Agustín Obando,ARG,"MF,FW",19.0,5.9,171.0,163.0,7.0,0.0,0.0,2.0,16,4.0,3.0,0.0,1.0,0.0,104.0,1.0,7.0,21.0,2019
Jan Carlos Hurtado,VEN,FW,19.0,7.1,109.0,102.0,7.0,0.0,0.0,0.0,2,0.0,0.0,0.0,0.0,0.0,78.0,0.0,3.0,21.0,2019
Agustín Almendra,ARG,MF,19.0,4.8,200.0,192.0,8.0,8.0,0.0,5.0,3,0.0,0.0,0.0,0.0,0.0,159.0,0.0,5.0,21.0,2019
Mauro Zárate,ARG,"FW,MF",32.0,5.4,181.0,150.0,31.0,12.0,0.0,3.0,26,2.0,13.0,6.0,4.0,0.0,127.0,0.0,6.0,21.0,2019
Ramón Ábila,ARG,FW,29.0,5.2,92.0,86.0,6.0,0.0,0.0,1.0,2,0.0,0.0,0.0,0.0,0.0,59.0,0.0,3.0,21.0,2019
Emmanuel Más,ARG,DF,30.0,4.9,175.0,114.0,59.0,3.0,0.0,1.0,5,56.0,0.0,0.0,0.0,0.0,117.0,2.0,3.0,21.0,2019
Paolo Goltz,ARG,DF,34.0,4.0,228.0,212.0,15.0,14.0,0.0,2.0,0,1.0,0.0,0.0,0.0,0.0,178.0,1.0,4.0,21.0,2019
Daniele De Rossi,ITA,MF,36.0,3.8,170.0,155.0,15.0,15.0,1.0,2.0,0,0.0,0.0,0.0,0.0,0.0,144.0,0.0,0.0,21.0,2019
Marcos Guillermo Díaz,ARG,GK,33.0,3.0,98.0,58.0,39.0,11.0,0.0,0.0,0,0.0,0.0,0.0,0.0,0.0,56.0,1.0,0.0,21.0,2019
Marcelo Weigandt,ARG,DF,19.0,3.0,119.0,78.0,41.0,1.0,0.0,0.0,5,40.0,0.0,0.0,0.0,0.0,72.0,0.0,9.0,21.0,2019
Carlos Zambrano,PER,DF,30.0,0.7,46.0,43.0,2.0,2.0,0.0,0.0,0,0.0,0.0,0.0,0.0,0.0,39.0,1.0,1.0,21.0,2019
Gastón Ávila,ARG,DF,17.0,0.1,2.0,1.0,1.0,1.0,0.0,0.0,0,0.0,0.0,0.0,0.0,0.0,0.0,0.0,0.0,21.0,2019
Carlos Izquierdoz,ARG,DF,31.0,19.7,654.0,633.0,20.0,19.0,0.0,1.0,0,1.0,0.0,0.0,0.0,0.0,546.0,1.0,3.0,,2020
Esteban Andrada,ARG,GK,29.0,18.7,420.0,305.0,114.0,29.0,0.0,1.0,0,0.0,0.0,0.0,0.0,0.0,307.0,1.0,1.0,,2020
Nicolás Capaldo,ARG,MF,22.0,17.3,305.0,297.0,8.0,6.0,0.0,2.0,3,2.0,0.0,0.0,0.0,0.0,246.0,0.0,4.0,,2020
Sebastián Villa,COL,"MF,FW",23.0,15.1,230.0,206.0,20.0,6.0,1.0,1.0,83,3.0,11.0,4.0,3.0,0.0,142.0,4.0,10.0,,2020
Jorman Campuzano,COL,MF,23.0,14.8,463.0,439.0,22.0,20.0,0.0,7.0,1,2.0,0.0,0.0,0.0,0.0,395.0,2.0,5.0,,2020
Julio Buffarini,ARG,DF,31.0,14.4,259.0,196.0,63.0,5.0,0.0,2.0,37,57.0,1.0,0.0,1.0,0.0,213.0,0.0,5.0,,2020
Carlos Tevez,ARG,FW,35.0,14.3,405.0,362.0,36.0,6.0,2.0,2.0,32,2.0,21.0,3.0,16.0,0.0,312.0,7.0,13.0,,2020
Leonardo Jara,ARG,DF,28.0,14.1,421.0,323.0,97.0,7.0,0.0,1.0,17,90.0,0.0,0.0,0.0,0.0,330.0,1.0,7.0,,2020
Eduardo Salvio,ARG,MF,29.0,13.7,299.0,292.0,5.0,0.0,0.0,2.0,24,3.0,2.0,0.0,2.0,0.0,211.0,2.0,8.0,,2020
Carlos Zambrano,PER,DF,30.0,13.1,126.0,120.0,6.0,6.0,0.0,0.0,2,0.0,0.0,0.0,0.0,0.0,113.0,0.0,0.0,,2020
Frank Fabra,COL,DF,28.0,12.7,451.0,376.0,73.0,5.0,0.0,0.0,28,68.0,0.0,0.0,0.0,0.0,343.0,2.0,13.0,,2020
Edwin Cardona,COL,"MF,FW",27.0,12.6,286.0,241.0,41.0,9.0,1.0,7.0,70,6.0,26.0,8.0,13.0,0.0,211.0,4.0,2.0,,2020
Emmanuel Más,ARG,"DF,MF",31.0,11.6,188.0,147.0,40.0,6.0,0.0,1.0,37,34.0,0.0,0.0,0.0,0.0,139.0,1.0,5.0,,2020
Lisandro López,ARG,DF,30.0,11.3,513.0,496.0,17.0,16.0,0.0,2.0,0,1.0,0.0,0.0,0.0,0.0,411.0,0.0,4.0,,2020
Franco Soldano,ARG,FW,25.0,10.1,140.0,130.0,8.0,0.0,0.0,0.0,2,0.0,0.0,0.0,0.0,0.0,81.0,2.0,8.0,,2020
Ramón Ábila,ARG,FW,30.0,9.2,37.0,36.0,1.0,0.0,0.0,0.0,4,0.0,0.0,0.0,0.0,0.0,23.0,0.0,0.0,,2020
Mauro Zárate,ARG,"FW,MF",32.0,7.8,17.0,16.0,1.0,0.0,0.0,0.0,21,0.0,1.0,0.0,1.0,0.0,14.0,0.0,0.0,,2020
Agustín Rossi,ARG,GK,24.0,6.0,,,,,,,0,,,,,,,,,,2020
Guillermo Matías Fernández,ARG,MF,28.0,5.4,369.0,348.0,21.0,19.0,0.0,7.0,9,0.0,2.0,1.0,1.0,0.0,327.0,0.0,9.0,,2020
Agustín Obando,ARG,"MF,FW",19.0,5.2,101.0,100.0,1.0,0.0,0.0,0.0,31,1.0,0.0,0.0,0.0,0.0,70.0,0.0,7.0,,2020
Diego González,ARG,MF,31.0,4.7,94.0,90.0,2.0,1.0,0.0,0.0,2,1.0,0.0,0.0,0.0,0.0,72.0,2.0,5.0,,2020
Gastón Ávila,ARG,DF,18.0,4.0,,,,,,,1,,,,,,,,,,2020
Gonzalo Maroni,ARG,"MF,FW",20.0,3.5,42.0,34.0,8.0,1.0,0.0,0.0,16,0.0,7.0,3.0,3.0,0.0,24.0,0.0,3.0,,2020
Alan Varela,ARG,MF,18.0,3.2,,,,,,,1,,,,,,,,,,2020
Exequiel Zeballos,ARG,"FW,MF",17.0,2.7,,,,,,,11,,,,,,,,,,2020
Júnior Alonso,PAR,DF,26.0,1.3,82.0,82.0,0.0,0.0,0.0,1.0,0,0.0,0.0,0.0,0.0,0.0,77.0,0.0,0.0,,2020
Emanuel Reynoso,ARG,"MF,FW",24.0,1.2,118.0,106.0,12.0,6.0,1.0,2.0,11,1.0,5.0,2.0,3.0,0.0,98.0,0.0,1.0,,2020
Iván Marcone,ARG,MF,29.0,1.1,70.0,67.0,3.0,2.0,0.0,0.0,0,0.0,0.0,0.0,0.0,0.0,53.0,0.0,1.0,,2020
Walter Bou,ARG,FW,26.0,1.0,22.0,20.0,1.0,0.0,0.0,1.0,1,0.0,0.0,0.0,0.0,0.0,15.0,1.0,0.0,,2020
Luis Vázquez,ARG,FW,19.0,0.0,,,,,,,0,,,,,,,,,,2020
Carlos Izquierdoz,ARG,DF,32.0,40.3,2365.0,2250.0,113.0,97.0,2.0,11.0,0,16.0,0.0,0.0,0.0,0.0,2007.0,2.0,13.0,,2021
Agustín Rossi,ARG,GK,25.0,33.0,1036.0,702.0,329.0,90.0,0.0,2.0,0,0.0,0.0,0.0,0.0,0.0,729.0,5.0,0.0,,2021
Frank Fabra,COL,DF,29.0,32.4,1890.0,1537.0,340.0,41.0,0.0,6.0,108,299.0,0.0,0.0,0.0,0.0,1438.0,13.0,49.0,,2021
Sebastián Villa,COL,"FW,MF",24.0,24.9,772.0,734.0,32.0,11.0,2.0,6.0,131,6.0,15.0,3.0,9.0,0.0,512.0,6.0,26.0,,2021
Jorman Campuzano,COL,MF,24.0,23.4,1265.0,1215.0,49.0,46.0,0.0,15.0,3,3.0,0.0,0.0,0.0,0.0,1117.0,1.0,15.0,,2021
Cristian Medina,ARG,MF,18.0,23.0,972.0,954.0,17.0,10.0,1.0,5.0,16,4.0,1.0,0.0,0.0,0.0,833.0,1.0,23.0,,2021
Cristian Pavón,ARG,"FW,MF",25.0,22.2,885.0,793.0,90.0,22.0,1.0,13.0,131,12.0,54.0,12.0,34.0,0.0,612.0,2.0,21.0,,2021
Lisandro López,ARG,DF,31.0,22.2,1352.0,1293.0,55.0,52.0,1.0,10.0,1,3.0,0.0,0.0,0.0,0.0,1167.0,4.0,4.0,,2021
Marcos Rojo,ARG,DF,30.0,21.9,1433.0,1396.0,36.0,32.0,1.0,23.0,5,4.0,0.0,0.0,0.0,0.0,1168.0,1.0,10.0,,2021
Agustín Almendra,ARG,MF,20.0,19.5,1207.0,1164.0,39.0,19.0,3.0,29.0,30,4.0,15.0,9.0,6.0,0.0,975.0,4.0,26.0,,2021
Alan Varela,ARG,MF,19.0,16.2,1026.0,997.0,25.0,24.0,3.0,14.0,1,1.0,0.0,0.0,0.0,0.0,907.0,4.0,13.0,,2021
Luis Vázquez,ARG,FW,20.0,16.0,305.0,288.0,16.0,0.0,0.0,1.0,9,2.0,0.0,0.0,0.0,0.0,205.0,1.0,10.0,,2021
Carlos Tevez,ARG,FW,36.0,15.4,561.0,526.0,29.0,4.0,3.0,4.0,7,2.0,2.0,1.0,1.0,0.0,464.0,6.0,10.0,,2021
Carlos Zambrano,PER,DF,31.0,14.8,896.0,861.0,34.0,29.0,1.0,2.0,2,5.0,0.0,0.0,0.0,0.0,798.0,1.0,5.0,,2021
Nicolás Capaldo,ARG,"DF,MF",23.0,14.6,732.0,594.0,136.0,10.0,0.0,1.0,21,124.0,2.0,0.0,2.0,0.0,578.0,2.0,13.0,,2021
Edwin Cardona,COL,MF,28.0,14.0,940.0,816.0,117.0,39.0,9.0,19.0,97,13.0,61.0,20.0,35.0,1.0,676.0,7.0,15.0,,2021
Juan Ramírez,ARG,MF,27.0,12.5,657.0,634.0,22.0,10.0,4.0,1.0,20,3.0,7.0,2.0,3.0,0.0,565.0,1.0,13.0,,2021
Luis Advíncula,PER,DF,30.0,11.6,623.0,489.0,133.0,3.0,0.0,7.0,28,130.0,0.0,0.0,0.0,0.0,483.0,1.0,17.0,,2021
Norberto Briasco,ARM,FW,24.0,11.0,307.0,296.0,11.0,3.0,1.0,2.0,31,4.0,0.0,0.0,0.0,0.0,215.0,0.0,25.0,,2021
Esteban Andrada,ARG,GK,30.0,11.0,407.0,296.0,107.0,25.0,0.0,2.0,0,0.0,0.0,0.0,0.0,0.0,321.0,4.0,1.0,,2021
Aaron Nicolás Molinas,ARG,FW,20.0,10.6,701.0,638.0,63.0,23.0,4.0,15.0,57,8.0,28.0,8.0,19.0,0.0,574.0,0.0,21.0,,2021
Agustín Sández,PAR,DF,20.0,10.4,567.0,455.0,109.0,7.0,0.0,1.0,44,102.0,0.0,0.0,0.0,0.0,455.0,3.0,16.0,,2021
Marcelo Weigandt,ARG,DF,21.0,10.4,521.0,400.0,118.0,3.0,0.0,2.0,17,115.0,0.0,0.0,0.0,0.0,403.0,3.0,17.0,,2021
Esteban Rolón,ARG,MF,25.0,10.0,478.0,463.0,12.0,11.0,0.0,5.0,0,1.0,0.0,0.0,0.0,0.0,397.0,3.0,10.0,,2021
Rodrigo Montes,ARG,"MF,FW",21.0,8.6,403.0,397.0,6.0,1.0,0.0,1.0,6,2.0,0.0,0.0,0.0,0.0,330.0,0.0,12.0,,2021
Julio Buffarini,ARG,DF,32.0,8.6,471.0,378.0,92.0,18.0,0.0,1.0,15,74.0,0.0,0.0,0.0,0.0,382.0,1.0,7.0,,2021
Diego González,ARG,MF,32.0,7.9,412.0,402.0,5.0,3.0,3.0,2.0,9,1.0,0.0,0.0,0.0,0.0,322.0,5.0,10.0,,2021
Franco Soldano,ARG,FW,26.0,6.5,132.0,123.0,9.0,0.0,0.0,0.0,0,0.0,0.0,0.0,0.0,0.0,74.0,0.0,5.0,,2021
Agustín Obando,ARG,"FW,MF",20.0,5.9,179.0,165.0,10.0,1.0,0.0,0.0,24,1.0,8.0,0.0,7.0,0.0,125.0,4.0,9.0,,2021
Gonzalo Maroni,ARG,"FW,MF",21.0,5.7,218.0,192.0,25.0,5.0,1.0,0.0,16,9.0,11.0,2.0,6.0,1.0,177.0,1.0,3.0,,2021
Eros Mancuso,ARG,DF,21.0,4.7,252.0,195.0,56.0,3.0,0.0,1.0,5,53.0,0.0,0.0,0.0,0.0,197.0,1.0,6.0,,2021
Nicolás Orsini,ARG,FW,26.0,4.5,76.0,69.0,6.0,0.0,0.0,0.0,3,0.0,0.0,0.0,0.0,0.0,50.0,1.0,3.0,,2021
Mauro Zárate,ARG,"FW,MF",33.0,4.4,140.0,114.0,25.0,8.0,0.0,1.0,20,3.0,10.0,6.0,4.0,0.0,108.0,1.0,3.0,,2021
Eduardo Salvio,ARG,"FW,MF",30.0,4.4,148.0,143.0,5.0,0.0,0.0,1.0,1,2.0,0.0,0.0,0.0,0.0,124.0,0.0,6.0,,2021
Exequiel Zeballos,ARG,MF,18.0,3.9,135.0,121.0,14.0,4.0,0.0,0.0,23,3.0,7.0,3.0,4.0,0.0,95.0,0.0,4.0,,2021
Emmanuel Más,ARG,DF,32.0,3.8,237.0,198.0,39.0,4.0,0.0,0.0,9,35.0,0.0,0.0,0.0,0.0,191.0,0.0,6.0,,2021
Leonardo Jara,ARG,MF,29.0,3.5,171.0,156.0,14.0,5.0,0.0,1.0,1,9.0,0.0,0.0,0.0,0.0,140.0,1.0,4.0,,2021
Javier Hernán García,ARG,GK,34.0,3.0,112.0,82.0,29.0,9.0,0.0,0.0,0,0.0,0.0,0.0,0.0,0.0,87.0,1.0,0.0,,2021
Ezequiél Fernández,ARG,MF,18.0,2.5,187.0,177.0,10.0,9.0,0.0,2.0,0,1.0,0.0,0.0,0.0,0.0,161.0,0.0,2.0,,2021
Valentín Barco,ARG,DF,16.0,2.3,129.0,75.0,54.0,8.0,0.0,3.0,14,44.0,2.0,0.0,2.0,0.0,92.0,0.0,6.0,,2021
Vicente Taborda,ARG,"MF,FW",19.0,2.1,83.0,77.0,6.0,1.0,1.0,0.0,4,0.0,3.0,3.0,0.0,0.0,60.0,0.0,4.0,,2021
Gabriel Vega,ARG,MF,18.0,2.1,107.0,99.0,7.0,3.0,0.0,0.0,1,4.0,0.0,0.0,0.0,0.0,94.0,1.0,2.0,,2021
Gabriel Aranda,ARG,DF,19.0,2.0,78.0,76.0,2.0,2.0,0.0,0.0,0,0.0,0.0,0.0,0.0,0.0,66.0,0.0,0.0,,2021
Balthazar Bernardi,ARG,DF,19.0,2.0,96.0,94.0,1.0,0.0,0.0,0.0,0,1.0,0.0,0.0,0.0,0.0,79.0,1.0,2.0,,2021
Agustín Lastra,ARG,GK,20.0,2.0,51.0,35.0,16.0,8.0,0.0,0.0,0,0.0,0.0,0.0,0.0,0.0,31.0,0.0,0.0,,2021
Renzo Giampaoli,ARG,DF,21.0,2.0,137.0,123.0,14.0,6.0,0.0,0.0,0,8.0,0.0,0.0,0.0,0.0,116.0,0.0,2.0,,2021
Israel Escalante,ARG,FW,22.0,1.4,24.0,21.0,3.0,0.0,0.0,0.0,6,1.0,2.0,2.0,0.0,0.0,11.0,0.0,1.0,,2021
Érik Bodencer,ARG,FW,20.0,1.2,12.0,12.0,0.0,0.0,0.0,0.0,0,0.0,0.0,0.0,0.0,0.0,8.0,0.0,0.0,,2021
Ezequiel Almirón,ARG,FW,18.0,0.3,6.0,6.0,0.0,0.0,0.0,0.0,0,0.0,0.0,0.0,0.0,0.0,3.0,0.0,0.0,,2021
Nicolás Valentini,ARG,DF,19.0,0.3,29.0,29.0,0.0,0.0,0.0,0.0,0,0.0,0.0,0.0,0.0,0.0,24.0,0.0,0.0,,2021
Juan Cabaña,ARG,MF,19.0,0.2,7.0,7.0,0.0,0.0,0.0,0.0,0,0.0,0.0,0.0,0.0,0.0,4.0,0.0,0.0,,2021
Kevin Duarte,ARG,MF,19.0,0.2,0.0,0.0,0.0,0.0,0.0,0.0,0,0.0,0.0,0.0,0.0,0.0,0.0,0.0,0.0,,2021
Nahuel Génez,ARG,DF,17.0,0.1,5.0,3.0,2.0,0.0,0.0,0.0,1,2.0,0.0,0.0,0.0,0.0,3.0,0.0,0.0,,2021
Iván Alvariño,ARG,FW,19.0,0.1,3.0,3.0,0.0,0.0,0.0,0.0,0,0.0,0.0,0.0,0.0,0.0,2.0,0.0,0.0,,2021
Lucas Palma,ARG,FW,17.0,0.1,1.0,1.0,0.0,0.0,0.0,0.0,0,0.0,0.0,0.0,0.0,0.0,1.0,0.0,0.0,,2021
Agustín Rossi,ARG,GK,26.0,44.2,1318.0,854.0,461.0,140.0,0.0,3.0,0,1.0,0.0,0.0,0.0,0.0,874.0,3.0,0.0,,2022
Guillermo Matías Fernández,ARG,MF,30.0,42.2,2151.0,2083.0,66.0,40.0,2.0,37.0,19,10.0,4.0,3.0,1.0,0.0,1840.0,2.0,28.0,,2022
Frank Fabra,COL,DF,30.0,41.9,2503.0,2067.0,426.0,57.0,3.0,15.0,143,369.0,0.0,0.0,0.0,0.0,1919.0,10.0,47.0,,2022
Luis Advíncula,PER,DF,31.0,41.1,2148.0,1691.0,455.0,35.0,0.0,18.0,64,419.0,1.0,0.0,1.0,0.0,1734.0,2.0,33.0,,2022
Sebastián Villa,COL,"MF,FW",25.0,32.7,1174.0,999.0,172.0,64.0,3.0,21.0,298,5.0,103.0,35.0,48.0,0.0,774.0,3.0,42.0,,2022
Alan Varela,ARG,MF,20.0,32.3,1713.0,1671.0,37.0,34.0,3.0,27.0,8,2.0,1.0,0.0,1.0,0.0,1490.0,5.0,18.0,,2022
Óscar Romero,PAR,MF,29.0,31.5,1860.0,1621.0,225.0,94.0,4.0,42.0,175,30.0,95.0,24.0,55.0,0.0,1397.0,14.0,45.0,,2022
Darío Benedetto,ARG,FW,31.0,30.0,573.0,527.0,42.0,2.0,4.0,14.0,16,4.0,0.0,0.0,0.0,0.0,378.0,4.0,16.0,,2022
Marcos Rojo,ARG,DF,31.0,28.4,1707.0,1646.0,55.0,48.0,0.0,16.0,2,5.0,0.0,0.0,0.0,0.0,1405.0,6.0,15.0,,2022
Juan Ramírez,ARG,MF,28.0,24.8,984.0,958.0,22.0,10.0,1.0,1.0,27,7.0,4.0,0.0,3.0,0.0,849.0,4.0,13.0,,2022
Carlos Zambrano,PER,DF,32.0,24.7,1233.0,1183.0,48.0,42.0,0.0,7.0,0,4.0,0.0,0.0,0.0,0.0,1017.0,2.0,6.0,,2022
Luis Vázquez,ARG,FW,21.0,21.5,392.0,371.0,21.0,0.0,0.0,2.0,6,1.0,0.0,0.0,0.0,0.0,249.0,0.0,14.0,,2022
Cristian Medina,ARG,MF,19.0,16.0,678.0,658.0,18.0,6.0,0.0,2.0,18,11.0,0.0,0.0,0.0,0.0,543.0,2.0,29.0,,2022
Carlos Izquierdoz,ARG,DF,33.0,15.7,907.0,855.0,52.0,43.0,0.0,6.0,1,2.0,0.0,0.0,0.0,0.0,769.0,0.0,10.0,,2022
Jorge Figal,ARG,DF,27.0,15.1,867.0,800.0,66.0,18.0,0.0,16.0,5,48.0,0.0,0.0,0.0,0.0,665.0,1.0,10.0,,2022
Exequiel Zeballos,ARG,"MF,FW",19.0,14.9,471.0,402.0,66.0,9.0,1.0,5.0,95,6.0,49.0,7.0,30.0,1.0,324.0,3.0,21.0,,2022
Eduardo Salvio,ARG,MF,31.0,11.9,384.0,360.0,22.0,1.0,1.0,0.0,26,14.0,3.0,0.0,3.0,0.0,302.0,2.0,19.0,,2022
Agustín Sández,PAR,DF,21.0,11.8,667.0,516.0,149.0,12.0,0.0,3.0,26,137.0,0.0,0.0,0.0,0.0,515.0,2.0,20.0,,2022
Gabriel Aranda,ARG,DF,20.0,11.0,522.0,510.0,12.0,10.0,0.0,3.0,0,1.0,0.0,0.0,0.0,0.0,466.0,0.0,3.0,,2022
Aaron Nicolás Molinas,ARG,MF,21.0,11.0,652.0,591.0,56.0,24.0,4.0,22.0,35,11.0,15.0,1.0,10.0,0.0,522.0,5.0,16.0,,2022
Luca Langoni,ARG,"FW,MF",19.0,10.5,172.0,170.0,2.0,0.0,1.0,1.0,17,2.0,0.0,0.0,0.0,0.0,123.0,0.0,9.0,,2022
Jorman Campuzano,COL,MF,25.0,9.9,473.0,450.0,21.0,19.0,1.0,5.0,0,2.0,0.0,0.0,0.0,0.0,403.0,2.0,3.0,,2022
Marcelo Weigandt,ARG,DF,22.0,9.0,565.0,458.0,106.0,10.0,0.0,2.0,17,96.0,0.0,0.0,0.0,0.0,432.0,1.0,20.0,,2022
Facundo Roncaglia,ARG,DF,34.0,8.7,451.0,438.0,12.0,10.0,0.0,3.0,1,2.0,0.0,0.0,0.0,0.0,355.0,1.0,3.0,,2022
Javier Hernán García,ARG,GK,35.0,8.0,231.0,169.0,62.0,17.0,0.0,0.0,0,0.0,0.0,0.0,0.0,0.0,165.0,0.0,0.0,,2022
Martín Payero,ARG,"MF,FW",23.0,7.5,238.0,222.0,15.0,6.0,0.0,4.0,8,4.0,5.0,0.0,4.0,0.0,181.0,1.0,7.0,,2022
Nicolás Orsini,ARG,FW,27.0,5.6,123.0,119.0,3.0,0.0,0.0,0.0,2,0.0,0.0,0.0,0.0,0.0,87.0,1.0,6.0,,2022
Esteban Rolón,ARG,MF,26.0,4.4,270.0,258.0,12.0,12.0,0.0,2.0,0,0.0,0.0,0.0,0.0,0.0,226.0,0.0,3.0,,2022
Gastón Ávila,ARG,DF,20.0,3.6,213.0,207.0,5.0,5.0,0.0,5.0,0,0.0,0.0,0.0,0.0,0.0,175.0,1.0,4.0,,2022
Diego González,ARG,MF,33.0,3.0,154.0,149.0,3.0,1.0,0.0,2.0,1,2.0,0.0,0.0,0.0,0.0,124.0,2.0,2.0,,2022
Norberto Briasco,ARM,"FW,MF",25.0,1.7,27.0,25.0,2.0,0.0,0.0,0.0,0,0.0,0.0,0.0,0.0,0.0,19.0,0.0,1.0,,2022
Gonzalo Morales,ARG,FW,18.0,1.5,20.0,19.0,1.0,0.0,0.0,0.0,1,0.0,0.0,0.0,0.0,0.0,13.0,0.0,1.0,,2022
Gabriel Vega,ARG,MF,19.0,1.0,39.0,38.0,1.0,0.0,0.0,0.0,0,1.0,0.0,0.0,0.0,0.0,36.0,0.0,1.0,,2022
Maximiliano Zalazar,ARG,"FW,MF",20.0,0.6,15.0,15.0,0.0,0.0,0.0,1.0,2,0.0,0.0,0.0,0.0,0.0,10.0,0.0,0.0,,2022
Leandro Brey,ARG,GK,19.0,0.5,3.0,3.0,0.0,0.0,0.0,0.0,0,0.0,0.0,0.0,0.0,0.0,2.0,0.0,0.0,,2022
Brandon Cortés,CHI,"MF,FW",20.0,0.4,20.0,20.0,0.0,0.0,0.0,0.0,0,0.0,0.0,0.0,0.0,0.0,17.0,0.0,0.0,,2022
Simón Rivero,ARG,"MF,FW",18.0,0.2,3.0,3.0,0.0,0.0,0.0,0.0,0,0.0,0.0,0.0,0.0,0.0,2.0,0.0,0.0,,2022
Agustín Almendra,ARG,MF,21.0,0.1,10.0,10.0,0.0,0.0,0.0,0.0,0,0.0,0.0,0.0,0.0,0.0,8.0,0.0,0.0,,2022
Vicente Taborda,ARG,MF,20.0,0.0,5.0,5.0,0.0,0.0,0.0,0.0,0,0.0,0.0,0.0,0.0,0.0,3.0,0.0,0.0,,2022
Sergio Romero,ARG,GK,35.0,46.3,1262.0,794.0,465.0,133.0,0.0,2.0,0,0.0,0.0,0.0,0.0,0.0,902.0,3.0,1.0,,2023
Jorge Figal,ARG,DF,28.0,40.5,2129.0,1970.0,156.0,98.0,1.0,24.0,10,54.0,0.0,0.0,0.0,0.0,1728.0,3.0,22.0,,2023
Guillermo Matías Fernández,ARG,MF,31.0,37.8,2205.0,2101.0,100.0,59.0,3.0,24.0,38,16.0,23.0,3.0,16.0,0.0,1860.0,4.0,46.0,,2023
Cristian Medina,ARG,"MF,FW",20.0,33.3,1617.0,1565.0,47.0,21.0,4.0,6.0,29,18.0,6.0,2.0,3.0,0.0,1418.0,5.0,32.0,,2023
Luis Advíncula,PER,"DF,FW",32.0,32.8,1471.0,1267.0,202.0,9.0,1.0,14.0,86,191.0,2.0,0.0,2.0,0.0,1177.0,2.0,37.0,,2023
Frank Fabra,COL,DF,31.0,29.6,1831.0,1545.0,286.0,26.0,2.0,8.0,84,259.0,1.0,1.0,0.0,0.0,1483.0,0.0,37.0,,2023
Miguel Merentiel,URU,FW,26.0,27.0,539.0,512.0,24.0,1.0,5.0,3.0,15,2.0,1.0,0.0,1.0,0.0,396.0,3.0,16.0,,2023
Alan Varela,ARG,MF,21.0,26.3,1595.0,1540.0,53.0,52.0,1.0,9.0,4,1.0,0.0,0.0,0.0,0.0,1421.0,2.0,21.0,,2023
Nicolás Valentini,ARG,DF,21.0,25.7,1459.0,1391.0,64.0,47.0,0.0,18.0,6,15.0,0.0,0.0,0.0,0.0,1155.0,4.0,24.0,,2023
Bruno Valdez,PAR,"DF,FW",30.0,25.5,1579.0,1495.0,83.0,65.0,0.0,6.0,1,10.0,0.0,0.0,0.0,0.0,1348.0,1.0,14.0,,2023
Ezequiél Fernández,ARG,MF,20.0,25.2,1765.0,1707.0,56.0,44.0,9.0,16.0,3,10.0,1.0,0.0,0.0,0.0,1548.0,2.0,29.0,,2023
Marcelo Weigandt,ARG,DF,23.0,24.4,1274.0,1083.0,187.0,11.0,1.0,8.0,55,176.0,0.0,0.0,0.0,0.0,978.0,4.0,38.0,,2023
Valentín Barco,ARG,"MF,DF",18.0,22.9,1228.0,1043.0,179.0,49.0,6.0,8.0,157,82.0,47.0,16.0,23.0,1.0,892.0,6.0,34.0,,2023
Darío Benedetto,ARG,FW,32.0,19.2,365.0,320.0,42.0,0.0,3.0,5.0,17,3.0,0.0,0.0,0.0,0.0,236.0,3.0,15.0,,2023
Sebastián Villa,COL,"FW,MF",26.0,18.9,771.0,675.0,94.0,31.0,5.0,14.0,150,7.0,56.0,19.0,29.0,0.0,511.0,2.0,40.0,,2023
Facundo Roncaglia,ARG,DF,35.0,15.7,826.0,781.0,42.0,23.0,0.0,6.0,4,18.0,0.0,0.0,0.0,0.0,689.0,3.0,6.0,,2023
Óscar Romero,PAR,"FW,MF",30.0,13.6,904.0,819.0,81.0,35.0,5.0,17.0,71,9.0,36.0,15.0,17.0,0.0,705.0,4.0,30.0,,2023
Edinson Cavani,URU,FW,35.0,12.6,302.0,277.0,23.0,1.0,3.0,5.0,0,4.0,0.0,0.0,0.0,0.0,231.0,2.0,1.0,,2023
Marcelo Saracchi,URU,DF,24.0,11.6,712.0,577.0,134.0,3.0,0.0,5.0,43,130.0,1.0,0.0,1.0,0.0,574.0,1.0,19.0,,2023
Luca Langoni,ARG,"FW,MF",20.0,10.3,229.0,211.0,16.0,2.0,0.0,2.0,25,5.0,8.0,1.0,4.0,0.0,168.0,2.0,12.0,,2023
Lucas Janson,ARG,"FW,MF",28.0,9.5,293.0,289.0,2.0,0.0,3.0,5.0,18,1.0,0.0,0.0,0.0,0.0,213.0,2.0,15.0,,2023
Marcos Rojo,ARG,DF,32.0,9.0,581.0,564.0,16.0,13.0,0.0,3.0,1,1.0,0.0,0.0,0.0,0.0,486.0,1.0,4.0,,2023
Javier Hernán García,ARG,GK,36.0,9.0,261.0,188.0,72.0,17.0,0.0,0.0,0,0.0,0.0,0.0,0.0,0.0,197.0,1.0,1.0,,2023
Juan Ramírez,ARG,"MF,FW",29.0,8.9,415.0,387.0,26.0,11.0,1.0,0.0,25,6.0,9.0,2.0,6.0,0.0,342.0,2.0,5.0,,2023
Jorman Campuzano,COL,MF,26.0,8.3,550.0,525.0,25.0,20.0,0.0,9.0,0,5.0,0.0,0.0,0.0,0.0,506.0,0.0,7.0,,2023
Exequiel Zeballos,ARG,"FW,DF",20.0,8.0,272.0,229.0,42.0,9.0,0.0,2.0,73,5.0,28.0,11.0,15.0,0.0,167.0,1.0,12.0,,2023
Martín Payero,ARG,MF,24.0,7.6,324.0,304.0,19.0,7.0,1.0,3.0,17,3.0,8.0,2.0,4.0,0.0,246.0,1.0,12.0,,2023
Norberto Briasco,ARM,FW,26.0,7.1,233.0,224.0,9.0,2.0,0.0,0.0,38,4.0,3.0,0.0,2.0,0.0,167.0,0.0,9.0,,2023
Lucas Blondel,SUI,DF,26.0,6.6,489.0,430.0,58.0,5.0,2.0,5.0,15,51.0,1.0,0.0,1.0,0.0,374.0,1.0,12.0,,2023
Luis Vázquez,ARG,FW,22.0,6.3,144.0,131.0,12.0,0.0,0.0,0.0,4,1.0,0.0,0.0,0.0,0.0,96.0,1.0,8.0,,2023
Agustín Sández,PAR,DF,22.0,5.4,326.0,259.0,67.0,1.0,1.0,0.0,24,66.0,0.0,0.0,0.0,0.0,254.0,0.0,13.0,,2023
Ezequiel Bullaude,ARG,"FW,MF",22.0,4.3,175.0,172.0,3.0,0.0,0.0,1.0,1,3.0,0.0,0.0,0.0,0.0,151.0,0.0,4.0,,2023
Aaron Anselmino,ARG,DF,17.0,3.3,191.0,187.0,4.0,3.0,0.0,2.0,0,1.0,0.0,0.0,0.0,0.0,168.0,0.0,2.0,,2023
Vicente Taborda,ARG,MF,21.0,2.4,188.0,165.0,23.0,3.0,0.0,1.0,28,3.0,17.0,8.0,8.0,0.0,141.0,0.0,3.0,,2023
Jabes Saralegui,ARG,MF,20.0,2.3,83.0,82.0,0.0,0.0,0.0,0.0,1,0.0,0.0,0.0,0.0,0.0,66.0,1.0,1.0,,2023
Esteban Rolón,ARG,FW,27.0,2.3,176.0,170.0,6.0,6.0,1.0,1.0,0,0.0,0.0,0.0,0.0,0.0,156.0,0.0,2.0,,2023
Nicolás Orsini,ARG,FW,28.0,2.3,45.0,41.0,3.0,0.0,0.0,0.0,2,0.0,0.0,0.0,0.0,0.0,33.0,1.0,1.0,,2023
Diego González,ARG,MF,34.0,1.2,103.0,101.0,2.0,2.0,0.0,0.0,1,0.0,0.0,0.0,0.0,0.0,86.0,0.0,1.0,,2023
Nahuel Génez,ARG,DF,19.0,1.0,61.0,55.0,6.0,0.0,0.0,0.0,5,6.0,0.0,0.0,0.0,0.0,49.0,0.0,0.0,,2023
Brandon Cortés,CHI,MF,21.0,0.2,21.0,21.0,0.0,0.0,0.0,2.0,1,0.0,0.0,0.0,0.0,0.0,15.0,0.0,2.0,,2023
Gonzalo Morales,ARG,FW,19.0,0.1,1.0,1.0,0.0,0.0,0.0,0.0,0,0.0,0.0,0.0,0.0,0.0,1.0,0.0,0.0,,2023
Miguel Merentiel,URU,FW,27.0,38.3,669.0,631.0,33.0,3.0,8.0,8.0,60,3.0,7.0,1.0,4.0,0.0,459.0,5.0,25.0,,2024
Sergio Romero,ARG,GK,36.0,36.0,821.0,561.0,258.0,77.0,0.0,2.0,0,1.0,0.0,0.0,0.0,0.0,607.0,2.0,1.0,,2024
Lautaro Blanco,ARG,DF,24.0,35.0,1608.0,1275.0,329.0,16.0,0.0,9.0,255,309.0,4.0,0.0,4.0,0.0,1071.0,4.0,52.0,,2024
Kevin Zenon,ARG,"MF,FW",22.0,33.9,1226.0,1048.0,163.0,60.0,15.0,14.0,263,13.0,89.0,28.0,53.0,0.0,826.0,15.0,46.0,,2024
Luis Advíncula,PER,DF,33.0,33.7,1347.0,1076.0,270.0,21.0,1.0,15.0,95,249.0,0.0,0.0,0.0,0.0,1081.0,1.0,30.0,,2024
Guillermo Matías Fernández,ARG,MF,32.0,32.0,1537.0,1440.0,90.0,63.0,2.0,19.0,25,10.0,17.0,1.0,10.0,0.0,1293.0,7.0,26.0,,2024
Cristian Lema,ARG,DF,33.0,29.2,1204.0,1134.0,68.0,37.0,1.0,28.0,2,3.0,0.0,0.0,0.0,0.0,949.0,2.0,14.0,,2024
Edinson Cavani,URU,FW,36.0,27.0,406.0,379.0,27.0,1.0,1.0,10.0,5,4.0,0.0,0.0,0.0,0.0,306.0,0.0,10.0,,2024
Jorge Figal,ARG,DF,29.0,25.3,1156.0,1086.0,68.0,37.0,1.0,10.0,10,17.0,0.0,0.0,0.0,0.0,972.0,2.0,13.0,,2024
Cristian Medina,ARG,MF,21.0,24.6,900.0,864.0,34.0,11.0,4.0,1.0,20,4.0,4.0,1.0,1.0,0.0,771.0,2.0,20.0,,2024
Marcos Rojo,ARG,DF,33.0,18.1,954.0,915.0,34.0,25.0,0.0,10.0,4,4.0,0.0,0.0,0.0,0.0,819.0,5.0,3.0,,2024
Marcelo Saracchi,URU,"DF,MF",25.0,15.3,622.0,532.0,89.0,15.0,1.0,8.0,57,74.0,0.0,0.0,0.0,0.0,469.0,1.0,17.0,,2024
Leandro Brey,ARG,GK,21.0,14.6,368.0,238.0,130.0,31.0,0.0,1.0,0,0.0,0.0,0.0,0.0,0.0,258.0,0.0,0.0,,2024
Jabes Saralegui,ARG,"MF,DF",21.0,14.4,341.0,308.0,31.0,10.0,0.0,6.0,38,11.0,10.0,0.0,7.0,0.0,241.0,2.0,11.0,,2024
Tomás Belmonte,ARG,MF,25.0,14.1,671.0,639.0,28.0,27.0,0.0,4.0,2,0.0,1.0,0.0,0.0,0.0,580.0,4.0,4.0,,2024
Lautaro Di Lollo,ARG,DF,19.0,14.0,567.0,523.0,44.0,17.0,0.0,1.0,1,24.0,0.0,0.0,0.0,0.0,470.0,0.0,6.0,,2024
Ezequiél Fernández,ARG,MF,21.0,13.9,734.0,707.0,24.0,18.0,2.0,5.0,2,6.0,0.0,0.0,0.0,0.0,658.0,3.0,9.0,,2024
Milton Giménez,ARG,FW,27.0,12.1,155.0,144.0,11.0,0.0,1.0,1.0,3,1.0,0.0,0.0,0.0,0.0,97.0,0.0,7.0,,2024
Aaron Anselmino,ARG,DF,18.0,12.0,534.0,507.0,26.0,20.0,2.0,9.0,0,4.0,0.0,0.0,0.0,0.0,461.0,1.0,5.0,,2024
Exequiel Zeballos,ARG,"MF,FW",21.0,11.9,286.0,255.0,31.0,4.0,2.0,0.0,59,1.0,25.0,5.0,14.0,0.0,184.0,0.0,18.0,,2024
Brian Aguirre,ARG,"FW,MF",20.0,9.9,309.0,276.0,31.0,4.0,1.0,2.0,52,4.0,22.0,11.0,8.0,0.0,197.0,2.0,23.0,,2024
Luca Langoni,ARG,FW,21.0,9.6,178.0,144.0,31.0,2.0,0.0,2.0,32,2.0,24.0,2.0,12.0,0.0,136.0,3.0,4.0,,2024
Ignacio Miramon,ARG,MF,20.0,8.8,409.0,403.0,4.0,3.0,0.0,10.0,15,1.0,0.0,0.0,0.0,0.0,323.0,2.0,9.0,,2024
Gary Medel,CHI,"DF,MF",36.0,7.8,425.0,401.0,24.0,20.0,0.0,3.0,0,2.0,0.0,0.0,0.0,0.0,396.0,0.0,1.0,,2024
Lucas Janson,ARG,"FW,MF",29.0,7.7,127.0,127.0,0.0,0.0,1.0,0.0,7,0.0,0.0,0.0,0.0,0.0,90.0,0.0,3.0,,2024
Frank Fabra,COL,"DF,MF",32.0,6.2,281.0,242.0,38.0,3.0,0.0,2.0,18,35.0,0.0,0.0,0.0,0.0,201.0,1.0,9.0,,2024
Milton Delgado,ARG,MF,18.0,6.0,165.0,159.0,6.0,5.0,0.0,0.0,0,1.0,0.0,0.0,0.0,0.0,140.0,0.0,3.0,,2024
Mauricio Benítez,ARG,MF,19.0,5.9,157.0,157.0,0.0,0.0,0.0,3.0,2,0.0,0.0,0.0,0.0,0.0,124.0,0.0,1.0,,2024
Nicolás Valentini,ARG,DF,22.0,5.8,157.0,140.0,17.0,6.0,0.0,3.0,0,0.0,0.0,0.0,0.0,0.0,111.0,0.0,3.0,,2024
Jorman Campuzano,COL,DF,27.0,5.8,291.0,280.0,11.0,8.0,0.0,4.0,0,3.0,0.0,0.0,0.0,0.0,264.0,0.0,1.0,,2024
Juan Barinaga,ARG,DF,23.0,5.3,306.0,229.0,77.0,4.0,0.0,2.0,14,73.0,0.0,0.0,0.0,0.0,222.0,0.0,4.0,,2024
Lucas Blondel,SUI,"DF,MF",27.0,4.7,219.0,188.0,31.0,2.0,1.0,4.0,15,29.0,0.0,0.0,0.0,0.0,144.0,0.0,7.0,,2024
Agustín Martegani,ARG,MF,23.0,4.3,151.0,129.0,22.0,9.0,0.0,0.0,10,1.0,12.0,2.0,2.0,0.0,116.0,0.0,5.0,,2024
Darío Benedetto,ARG,FW,33.0,3.7,42.0,40.0,2.0,0.0,2.0,2.0,2,0.0,0.0,0.0,0.0,0.0,23.0,0.0,2.0,,2024
Ezequiel Bullaude,ARG,"FW,MF",23.0,2.7,92.0,91.0,1.0,0.0,0.0,0.0,3,1.0,0.0,0.0,0.0,0.0,70.0,0.0,4.0,,2024
Mateo Mendía,ARG,DF,19.0,2.3,93.0,92.0,1.0,1.0,0.0,0.0,1,0.0,0.0,0.0,0.0,0.0,78.0,0.0,0.0,,2024
Julián Ceballos,ARG,MF,19.0,2.0,29.0,27.0,2.0,1.0,0.0,0.0,6,0.0,1.0,0.0,0.0,0.0,23.0,0.0,3.0,,2024
Norberto Briasco,ARM,"MF,FW",27.0,1.9,18.0,17.0,1.0,0.0,0.0,0.0,9,0.0,1.0,0.0,1.0,0.0,12.0,0.0,1.0,,2024
Juan Ramírez,ARG,MF,30.0,1.7,22.0,19.0,3.0,3.0,0.0,0.0,2,0.0,0.0,0.0,0.0,0.0,15.0,0.0,1.0,,2024
Vicente Taborda,ARG,MF,22.0,1.6,57.0,47.0,10.0,7.0,0.0,0.0,8,0.0,3.0,0.0,2.0,0.0,40.0,0.0,2.0,,2024
Javier Hernán García,ARG,GK,37.0,0.8,15.0,9.0,6.0,4.0,0.0,0.0,0,0.0,0.0,0.0,0.0,0.0,8.0,0.0,0.0,,2024
Iker Zufiaurre,ARG,MF,18.0,0.7,1.0,1.0,0.0,0.0,0.0,0.0,2,0.0,0.0,0.0,0.0,0.0,0.0,0.0,0.0,,2024
Dylan Gorosito,ARG,DF,17.0,0.5,12.0,10.0,2.0,0.0,0.0,0.0,1,2.0,0.0,0.0,0.0,0.0,7.0,0.0,1.0,,2024
Joaquín Ruíz,ARG,FW,17.0,0.2,4.0,4.0,0.0,0.0,0.0,0.0,0,0.0,0.0,0.0,0.0,0.0,3.0,0.0,1.0,,2024
Walter Molas,ARG,DF,19.0,0.1,1.0,1.0,0.0,0.0,0.0,0.0,0,0.0,0.0,0.0,0.0,0.0,1.0,0.0,0.0,,2024
Santiago Dalmasso,ARG,MF,19.0,0.1,7.0,7.0,0.0,0.0,0.0,0.0,0,0.0,0.0,0.0,0.0,0.0,7.0,0.0,0.0,,2024
Agustín Marchesín,ARG,GK,37-249,32.0,817.0,527.0,289.0,81.0,0.0,2.0,0,1.0,0.0,0.0,0.0,0.0,627.0,1.0,1.0,,2025
Lautaro Blanco,ARG,DF,26-274,29.8,1515.0,1255.0,256.0,9.0,0.0,4.0,193,237.0,10.0,1.0,5.0,0.0,1119.0,4.0,41.0,,2025
Rodrigo Battaglia,ARG,"DF,MF",34-131,24.9,1273.0,1219.0,52.0,51.0,0.0,3.0,7,0.0,0.0,0.0,0.0,0.0,1097.0,2.0,14.0,,2025
Miguel Merentiel,URU,FW,29-269,24.1,476.0,451.0,21.0,2.0,8.0,8.0,24,2.0,2.0,0.0,1.0,0.0,352.0,4.0,13.0,,2025
Carlos Palacios,CHI,MF,25-123,23.1,965.0,907.0,54.0,28.0,6.0,5.0,30,6.0,19.0,4.0,10.0,0.0,798.0,4.0,12.0,,2025
Lautaro Di Lollo,ARG,DF,21-255,22.2,1260.0,1225.0,31.0,29.0,0.0,0.0,0,1.0,0.0,0.0,0.0,0.0,1121.0,4.0,6.0,,2025
Ayrton Costa,ARG,DF,26-131,19.1,795.0,747.0,46.0,24.0,0.0,5.0,4,5.0,1.0,0.0,1.0,0.0,703.0,2.0,9.0,,2025
Milton Giménez,ARG,FW,29-100,17.3,252.0,230.0,21.0,1.0,3.0,4.0,5,1.0,0.0,0.0,0.0,0.0,182.0,1.0,7.0,,2025
Edinson Cavani,URU,FW,38-279,15.5,270.0,248.0,21.0,0.0,1.0,9.0,2,3.0,0.0,0.0,0.0,0.0,205.0,1.0,10.0,,2025
Juan Barinaga,ARG,DF,25-041,14.8,844.0,681.0,163.0,7.0,0.0,4.0,49,156.0,0.0,0.0,0.0,0.0,635.0,0.0,22.0,,2025
Luis Advíncula,PER,DF,35-263,14.7,589.0,470.0,119.0,10.0,0.0,5.0,37,108.0,0.0,0.0,0.0,0.0,484.0,0.0,14.0,,2025
Milton Delgado,ARG,MF,20-157,14.6,870.0,848.0,19.0,18.0,1.0,7.0,0,1.0,0.0,0.0,0.0,0.0,786.0,3.0,15.0,,2025
Alan Velasco,ARG,"MF,FW",23-116,13.8,464.0,423.0,38.0,16.0,2.0,13.0,44,5.0,17.0,11.0,5.0,0.0,357.0,3.0,14.0,,2025
Tomás Belmonte,ARG,MF,27-177,13.5,464.0,462.0,2.0,2.0,0.0,2.0,2,0.0,0.0,0.0,0.0,0.0,401.0,0.0,12.0,,2025
Leandro Paredes,ARG,MF,31-144,13.2,1253.0,1074.0,173.0,97.0,8.0,23.0,85,7.0,69.0,29.0,33.0,0.0,1040.0,6.0,7.0,,2025
Kevin Zenon,ARG,"MF,FW",24-113,12.7,485.0,435.0,49.0,17.0,0.0,7.0,96,8.0,24.0,10.0,11.0,0.0,337.0,1.0,21.0,,2025
Exequiel Zeballos,ARG,"MF,FW",23-210,12.0,313.0,296.0,17.0,3.0,0.0,4.0,43,4.0,9.0,2.0,5.0,0.0,238.0,0.0,15.0,,2025
Marcos Rojo,ARG,DF,35-245,9.5,638.0,616.0,20.0,19.0,0.0,2.0,0,1.0,0.0,0.0,0.0,0.0,563.0,2.0,2.0,,2025
William Alarcón,CHI,MF,25-000,9.3,416.0,389.0,24.0,16.0,4.0,2.0,13,2.0,6.0,1.0,5.0,0.0,358.0,3.0,6.0,,2025
Brian Aguirre,ARG,"MF,FW",22-172,8.1,221.0,214.0,7.0,1.0,0.0,1.0,24,5.0,1.0,0.0,0.0,0.0,152.0,0.0,8.0,,2025
Marco Pellegrino,ARG,DF,23-125,7.0,319.0,308.0,11.0,6.0,0.0,0.0,0,0.0,0.0,0.0,0.0,0.0,273.0,0.0,4.0,,2025
Lucas Blondel,SUI,"DF,MF",29-067,6.1,324.0,284.0,37.0,2.0,0.0,5.0,15,35.0,0.0,0.0,0.0,0.0,237.0,3.0,9.0,,2025
Ander Herrera,ESP,MF,36-098,5.1,410.0,399.0,10.0,9.0,3.0,1.0,8,1.0,0.0,0.0,0.0,0.0,346.0,1.0,9.0,,2025
Marcelo Saracchi,URU,"DF,MF",27-211,4.1,196.0,165.0,31.0,1.0,0.0,0.0,15,30.0,0.0,0.0,0.0,0.0,152.0,0.0,0.0,,2025
Malcom Braida,ARG,"FW,MF",28-187,3.6,55.0,55.0,0.0,0.0,0.0,0.0,6,0.0,0.0,0.0,0.0,0.0,29.0,0.0,2.0,,2025
Camilo Rey,ARG,MF,19-255,3.4,175.0,171.0,3.0,3.0,1.0,1.0,1,0.0,0.0,0.0,0.0,0.0,152.0,1.0,1.0,,2025
Leandro Brey,ARG,GK,23-060,3.0,79.0,58.0,20.0,3.0,0.0,0.0,0,0.0,0.0,0.0,0.0,0.0,60.0,1.0,0.0,,2025
Jorge Figal,ARG,DF,31-231,2.8,95.0,91.0,3.0,2.0,0.0,2.0,1,1.0,0.0,0.0,0.0,0.0,73.0,1.0,1.0,,2025
Lucas Janson,ARG,"FW,MF",31-096,1.3,34.0,33.0,1.0,0.0,0.0,0.0,1,1.0,0.0,0.0,0.0,0.0,24.0,0.0,3.0,,2025
Frank Fabra,COL,DF,34-271,1.2,61.0,50.0,10.0,1.0,0.0,0.0,1,9.0,0.0,0.0,0.0,0.0,50.0,1.0,1.0,,2025
Ignacio Miramon,ARG,"MF,FW",22-161,1.1,55.0,53.0,2.0,2.0,0.0,3.0,2,0.0,0.0,0.0,0.0,0.0,42.0,0.0,1.0,,2025
Mateo Mendía,ARG,DF,21-290,1.0,57.0,56.0,1.0,1.0,0.0,0.0,0,0.0,0.0,0.0,0.0,0.0,53.0,0.0,2.0,,2025
Agustín Martegani,ARG,MF,25-184,0.6,21.0,18.0,3.0,2.0,0.0,0.0,1,0.0,1.0,0.0,0.0,0.0,19.0,0.0,0.0,,2025
Joaquín Ruíz,ARG,"MF,FW",19-122,0.3,11.0,11.0,0.0,0.0,0.0,0.0,0,0.0,0.0,0.0,0.0,0.0,6.0,0.0,0.0,,2025
Santiago Dalmasso,ARG,MF,21-155,0.1,5.0,5.0,0.0,0.0,0.0,0.0,0,0.0,0.0,0.0,0.0,0.0,5.0,0.0,0.0,,2025
